2025-06-22 10:47:10,992:WARNING:
'cuml' is a soft dependency and not included in the pycaret installation. Please run: `pip install cuml` to install.
2025-06-22 10:47:10,993:WARNING:
'cuml' is a soft dependency and not included in the pycaret installation. Please run: `pip install cuml` to install.
2025-06-22 10:47:10,993:WARNING:
'cuml' is a soft dependency and not included in the pycaret installation. Please run: `pip install cuml` to install.
2025-06-22 10:47:10,993:WARNING:
'cuml' is a soft dependency and not included in the pycaret installation. Please run: `pip install cuml` to install.
2025-06-22 10:48:51,596:WARNING:
'cuml' is a soft dependency and not included in the pycaret installation. Please run: `pip install cuml` to install.
2025-06-22 10:48:51,596:WARNING:
'cuml' is a soft dependency and not included in the pycaret installation. Please run: `pip install cuml` to install.
2025-06-22 10:48:51,596:WARNING:
'cuml' is a soft dependency and not included in the pycaret installation. Please run: `pip install cuml` to install.
2025-06-22 10:48:51,596:WARNING:
'cuml' is a soft dependency and not included in the pycaret installation. Please run: `pip install cuml` to install.
2025-06-22 10:54:45,228:WARNING:
'cuml' is a soft dependency and not included in the pycaret installation. Please run: `pip install cuml` to install.
2025-06-22 10:54:45,228:WARNING:
'cuml' is a soft dependency and not included in the pycaret installation. Please run: `pip install cuml` to install.
2025-06-22 10:54:45,228:WARNING:
'cuml' is a soft dependency and not included in the pycaret installation. Please run: `pip install cuml` to install.
2025-06-22 10:54:45,228:WARNING:
'cuml' is a soft dependency and not included in the pycaret installation. Please run: `pip install cuml` to install.
2025-06-22 10:55:34,083:WARNING:
'cuml' is a soft dependency and not included in the pycaret installation. Please run: `pip install cuml` to install.
2025-06-22 10:55:34,083:WARNING:
'cuml' is a soft dependency and not included in the pycaret installation. Please run: `pip install cuml` to install.
2025-06-22 10:55:34,083:WARNING:
'cuml' is a soft dependency and not included in the pycaret installation. Please run: `pip install cuml` to install.
2025-06-22 10:55:34,083:WARNING:
'cuml' is a soft dependency and not included in the pycaret installation. Please run: `pip install cuml` to install.
2025-06-22 10:55:59,612:INFO:PyCaret ClassificationExperiment
2025-06-22 10:55:59,612:INFO:Logging name: clf-default-name
2025-06-22 10:55:59,612:INFO:ML Usecase: MLUsecase.CLASSIFICATION
2025-06-22 10:55:59,612:INFO:version 3.3.2
2025-06-22 10:55:59,612:INFO:Initializing setup()
2025-06-22 10:55:59,612:INFO:self.USI: 6c56
2025-06-22 10:55:59,612:INFO:self._variable_keys: {'X_test', 'n_jobs_param', 'target_param', 'pipeline', 'X', 'X_train', 'logging_param', 'exp_id', 'memory', 'idx', 'log_plots_param', 'exp_name_log', '_ml_usecase', 'USI', 'fold_groups_param', 'gpu_n_jobs_param', 'fold_shuffle_param', 'is_multiclass', 'data', 'fold_generator', 'y_train', 'y', 'y_test', 'fix_imbalance', 'html_param', 'seed', '_available_plots', 'gpu_param'}
2025-06-22 10:55:59,612:INFO:Checking environment
2025-06-22 10:55:59,612:INFO:python_version: 3.10.4
2025-06-22 10:55:59,612:INFO:python_build: ('tags/v3.10.4:9d38120', 'Mar 23 2022 23:13:41')
2025-06-22 10:55:59,613:INFO:machine: AMD64
2025-06-22 10:55:59,666:INFO:platform: Windows-10-10.0.26100-SP0
2025-06-22 10:55:59,706:INFO:Memory: svmem(total=16871448576, available=913190912, percent=94.6, used=15958257664, free=913190912)
2025-06-22 10:55:59,706:INFO:Physical Core: 10
2025-06-22 10:55:59,706:INFO:Logical Core: 12
2025-06-22 10:55:59,706:INFO:Checking libraries
2025-06-22 10:55:59,706:INFO:System:
2025-06-22 10:55:59,706:INFO:    python: 3.10.4 (tags/v3.10.4:9d38120, Mar 23 2022, 23:13:41) [MSC v.1929 64 bit (AMD64)]
2025-06-22 10:55:59,706:INFO:executable: C:\Users\Lenovo\OneDrive - IRESSEF\Documents\DSWB\Project\Training\Workshop_2025\Github\od\test\no-code-test\py\mlenv\Scripts\python.exe
2025-06-22 10:55:59,706:INFO:   machine: Windows-10-10.0.26100-SP0
2025-06-22 10:55:59,706:INFO:PyCaret required dependencies:
2025-06-22 10:55:59,732:INFO:                 pip: 22.0.4
2025-06-22 10:55:59,732:INFO:          setuptools: 58.1.0
2025-06-22 10:55:59,732:INFO:             pycaret: 3.3.2
2025-06-22 10:55:59,732:INFO:             IPython: 8.37.0
2025-06-22 10:55:59,732:INFO:          ipywidgets: 8.1.7
2025-06-22 10:55:59,732:INFO:                tqdm: 4.67.1
2025-06-22 10:55:59,732:INFO:               numpy: 1.26.4
2025-06-22 10:55:59,732:INFO:              pandas: 2.1.4
2025-06-22 10:55:59,732:INFO:              jinja2: 3.1.6
2025-06-22 10:55:59,732:INFO:               scipy: 1.11.4
2025-06-22 10:55:59,732:INFO:              joblib: 1.3.2
2025-06-22 10:55:59,732:INFO:             sklearn: 1.4.2
2025-06-22 10:55:59,732:INFO:                pyod: 2.0.5
2025-06-22 10:55:59,732:INFO:            imblearn: 0.13.0
2025-06-22 10:55:59,732:INFO:   category_encoders: 2.7.0
2025-06-22 10:55:59,732:INFO:            lightgbm: 4.6.0
2025-06-22 10:55:59,732:INFO:               numba: 0.61.2
2025-06-22 10:55:59,732:INFO:            requests: 2.32.4
2025-06-22 10:55:59,732:INFO:          matplotlib: 3.7.5
2025-06-22 10:55:59,732:INFO:          scikitplot: 0.3.7
2025-06-22 10:55:59,732:INFO:         yellowbrick: 1.5
2025-06-22 10:55:59,732:INFO:              plotly: 5.24.1
2025-06-22 10:55:59,732:INFO:    plotly-resampler: Not installed
2025-06-22 10:55:59,732:INFO:             kaleido: 1.0.0
2025-06-22 10:55:59,732:INFO:           schemdraw: 0.15
2025-06-22 10:55:59,732:INFO:         statsmodels: 0.14.4
2025-06-22 10:55:59,732:INFO:              sktime: 0.26.0
2025-06-22 10:55:59,732:INFO:               tbats: 1.1.3
2025-06-22 10:55:59,733:INFO:            pmdarima: 2.0.4
2025-06-22 10:55:59,733:INFO:              psutil: 7.0.0
2025-06-22 10:55:59,733:INFO:          markupsafe: 3.0.2
2025-06-22 10:55:59,733:INFO:             pickle5: Not installed
2025-06-22 10:55:59,733:INFO:         cloudpickle: 3.1.1
2025-06-22 10:55:59,733:INFO:         deprecation: 2.1.0
2025-06-22 10:55:59,733:INFO:              xxhash: 3.5.0
2025-06-22 10:55:59,733:INFO:           wurlitzer: Not installed
2025-06-22 10:55:59,733:INFO:PyCaret optional dependencies:
2025-06-22 10:55:59,740:INFO:                shap: Not installed
2025-06-22 10:55:59,740:INFO:           interpret: Not installed
2025-06-22 10:55:59,740:INFO:                umap: Not installed
2025-06-22 10:55:59,740:INFO:     ydata_profiling: Not installed
2025-06-22 10:55:59,740:INFO:  explainerdashboard: Not installed
2025-06-22 10:55:59,740:INFO:             autoviz: Not installed
2025-06-22 10:55:59,740:INFO:           fairlearn: Not installed
2025-06-22 10:55:59,740:INFO:          deepchecks: Not installed
2025-06-22 10:55:59,740:INFO:             xgboost: Not installed
2025-06-22 10:55:59,740:INFO:            catboost: Not installed
2025-06-22 10:55:59,740:INFO:              kmodes: Not installed
2025-06-22 10:55:59,740:INFO:             mlxtend: Not installed
2025-06-22 10:55:59,740:INFO:       statsforecast: Not installed
2025-06-22 10:55:59,740:INFO:        tune_sklearn: Not installed
2025-06-22 10:55:59,740:INFO:                 ray: Not installed
2025-06-22 10:55:59,740:INFO:            hyperopt: Not installed
2025-06-22 10:55:59,740:INFO:              optuna: Not installed
2025-06-22 10:55:59,740:INFO:               skopt: Not installed
2025-06-22 10:55:59,740:INFO:              mlflow: Not installed
2025-06-22 10:55:59,740:INFO:              gradio: Not installed
2025-06-22 10:55:59,740:INFO:             fastapi: 0.115.13
2025-06-22 10:55:59,741:INFO:             uvicorn: 0.34.3
2025-06-22 10:55:59,741:INFO:              m2cgen: Not installed
2025-06-22 10:55:59,741:INFO:           evidently: Not installed
2025-06-22 10:55:59,741:INFO:               fugue: Not installed
2025-06-22 10:55:59,741:INFO:           streamlit: Not installed
2025-06-22 10:55:59,741:INFO:             prophet: Not installed
2025-06-22 10:55:59,741:INFO:None
2025-06-22 10:55:59,741:INFO:Set up data.
2025-06-22 10:55:59,753:INFO:Set up folding strategy.
2025-06-22 10:55:59,753:INFO:Set up train/test split.
2025-06-22 10:55:59,759:INFO:Set up index.
2025-06-22 10:55:59,760:INFO:Assigning column types.
2025-06-22 10:55:59,763:INFO:Engine successfully changes for model 'lr' to 'sklearn'.
2025-06-22 10:55:59,788:INFO:Engine for model 'knn' has not been set explicitly, hence returning None.
2025-06-22 10:55:59,791:INFO:Engine for model 'rbfsvm' has not been set explicitly, hence returning None.
2025-06-22 10:55:59,813:WARNING:
'xgboost' is a soft dependency and not included in the pycaret installation. Please run: `pip install xgboost` to install.
Alternately, you can install this by running `pip install pycaret[models]`
2025-06-22 10:55:59,813:WARNING:
'catboost' is a soft dependency and not included in the pycaret installation. Please run: `pip install catboost` to install.
Alternately, you can install this by running `pip install pycaret[models]`
2025-06-22 10:55:59,838:INFO:Engine for model 'knn' has not been set explicitly, hence returning None.
2025-06-22 10:55:59,838:INFO:Engine for model 'rbfsvm' has not been set explicitly, hence returning None.
2025-06-22 10:55:59,854:WARNING:
'xgboost' is a soft dependency and not included in the pycaret installation. Please run: `pip install xgboost` to install.
Alternately, you can install this by running `pip install pycaret[models]`
2025-06-22 10:55:59,854:WARNING:
'catboost' is a soft dependency and not included in the pycaret installation. Please run: `pip install catboost` to install.
Alternately, you can install this by running `pip install pycaret[models]`
2025-06-22 10:55:59,855:INFO:Engine successfully changes for model 'knn' to 'sklearn'.
2025-06-22 10:55:59,879:INFO:Engine for model 'rbfsvm' has not been set explicitly, hence returning None.
2025-06-22 10:55:59,894:WARNING:
'xgboost' is a soft dependency and not included in the pycaret installation. Please run: `pip install xgboost` to install.
Alternately, you can install this by running `pip install pycaret[models]`
2025-06-22 10:55:59,894:WARNING:
'catboost' is a soft dependency and not included in the pycaret installation. Please run: `pip install catboost` to install.
Alternately, you can install this by running `pip install pycaret[models]`
2025-06-22 10:55:59,918:INFO:Engine for model 'rbfsvm' has not been set explicitly, hence returning None.
2025-06-22 10:55:59,934:WARNING:
'xgboost' is a soft dependency and not included in the pycaret installation. Please run: `pip install xgboost` to install.
Alternately, you can install this by running `pip install pycaret[models]`
2025-06-22 10:55:59,934:WARNING:
'catboost' is a soft dependency and not included in the pycaret installation. Please run: `pip install catboost` to install.
Alternately, you can install this by running `pip install pycaret[models]`
2025-06-22 10:55:59,935:INFO:Engine successfully changes for model 'rbfsvm' to 'sklearn'.
2025-06-22 10:55:59,974:WARNING:
'xgboost' is a soft dependency and not included in the pycaret installation. Please run: `pip install xgboost` to install.
Alternately, you can install this by running `pip install pycaret[models]`
2025-06-22 10:55:59,975:WARNING:
'catboost' is a soft dependency and not included in the pycaret installation. Please run: `pip install catboost` to install.
Alternately, you can install this by running `pip install pycaret[models]`
2025-06-22 10:56:00,025:WARNING:
'xgboost' is a soft dependency and not included in the pycaret installation. Please run: `pip install xgboost` to install.
Alternately, you can install this by running `pip install pycaret[models]`
2025-06-22 10:56:00,025:WARNING:
'catboost' is a soft dependency and not included in the pycaret installation. Please run: `pip install catboost` to install.
Alternately, you can install this by running `pip install pycaret[models]`
2025-06-22 10:56:00,029:INFO:Preparing preprocessing pipeline...
2025-06-22 10:56:00,030:INFO:Set up simple imputation.
2025-06-22 10:56:00,046:INFO:Finished creating preprocessing pipeline.
2025-06-22 10:56:00,049:INFO:Pipeline: Pipeline(memory=FastMemory(location=C:\Users\Lenovo\AppData\Local\Temp\joblib),
         steps=[('numerical_imputer',
                 TransformerWrapper(exclude=None,
                                    include=['Pregnancies', 'Glucose',
                                             'BloodPressure', 'SkinThickness',
                                             'Insulin', 'BMI',
                                             'DiabetesPedigreeFunction',
                                             'Age'],
                                    transformer=SimpleImputer(add_indicator=False,
                                                              copy=True,
                                                              fill_value=None,
                                                              keep_empty_features=False,
                                                              missing_values=nan,
                                                              strategy='mean'))),
                ('categorical_imputer',
                 TransformerWrapper(exclude=None, include=[],
                                    transformer=SimpleImputer(add_indicator=False,
                                                              copy=True,
                                                              fill_value=None,
                                                              keep_empty_features=False,
                                                              missing_values=nan,
                                                              strategy='most_frequent')))],
         verbose=False)
2025-06-22 10:56:00,050:INFO:Creating final display dataframe.
2025-06-22 10:56:00,106:INFO:Setup _display_container:                     Description             Value
0                    Session id               123
1                        Target           Outcome
2                   Target type            Binary
3           Original data shape          (768, 9)
4        Transformed data shape          (768, 9)
5   Transformed train set shape          (537, 9)
6    Transformed test set shape          (231, 9)
7              Numeric features                 8
8                    Preprocess              True
9               Imputation type            simple
10           Numeric imputation              mean
11       Categorical imputation              mode
12               Fold Generator   StratifiedKFold
13                  Fold Number                10
14                     CPU Jobs                -1
15                      Use GPU             False
16               Log Experiment             False
17              Experiment Name  clf-default-name
18                          USI              6c56
2025-06-22 10:56:00,172:WARNING:
'xgboost' is a soft dependency and not included in the pycaret installation. Please run: `pip install xgboost` to install.
Alternately, you can install this by running `pip install pycaret[models]`
2025-06-22 10:56:00,172:WARNING:
'catboost' is a soft dependency and not included in the pycaret installation. Please run: `pip install catboost` to install.
Alternately, you can install this by running `pip install pycaret[models]`
2025-06-22 10:56:00,218:WARNING:
'xgboost' is a soft dependency and not included in the pycaret installation. Please run: `pip install xgboost` to install.
Alternately, you can install this by running `pip install pycaret[models]`
2025-06-22 10:56:00,219:WARNING:
'catboost' is a soft dependency and not included in the pycaret installation. Please run: `pip install catboost` to install.
Alternately, you can install this by running `pip install pycaret[models]`
2025-06-22 10:56:00,220:INFO:setup() successfully completed in 0.61s...............
2025-06-22 10:56:00,220:INFO:Initializing compare_models()
2025-06-22 10:56:00,220:INFO:compare_models(self=<pycaret.classification.oop.ClassificationExperiment object at 0x0000025BFB87FB20>, include=None, fold=None, round=4, cross_validation=True, sort=Accuracy, n_select=5, budget_time=None, turbo=True, errors=ignore, fit_kwargs=None, groups=None, experiment_custom_tags=None, probability_threshold=None, verbose=True, parallel=None, caller_params={'self': <pycaret.classification.oop.ClassificationExperiment object at 0x0000025BFB87FB20>, 'include': None, 'exclude': None, 'fold': None, 'round': 4, 'cross_validation': True, 'sort': 'Accuracy', 'n_select': 5, 'budget_time': None, 'turbo': True, 'errors': 'ignore', 'fit_kwargs': None, 'groups': None, 'experiment_custom_tags': None, 'probability_threshold': None, 'engine': None, 'verbose': True, 'parallel': None, '__class__': <class 'pycaret.classification.oop.ClassificationExperiment'>}, exclude=None)
2025-06-22 10:56:00,220:INFO:Checking exceptions
2025-06-22 10:56:00,224:INFO:Preparing display monitor
2025-06-22 10:56:00,228:INFO:Initializing Logistic Regression
2025-06-22 10:56:00,228:INFO:Total runtime is 0.0 minutes
2025-06-22 10:56:00,228:INFO:SubProcess create_model() called ==================================
2025-06-22 10:56:00,229:INFO:Initializing create_model()
2025-06-22 10:56:00,229:INFO:create_model(self=<pycaret.classification.oop.ClassificationExperiment object at 0x0000025BFB87FB20>, estimator=lr, fold=StratifiedKFold(n_splits=10, random_state=None, shuffle=False), round=4, cross_validation=True, predict=True, fit_kwargs={}, groups=None, refit=False, probability_threshold=None, experiment_custom_tags=None, verbose=False, system=False, add_to_model_list=True, metrics=None, display=<pycaret.internal.display.display.CommonDisplay object at 0x0000025BFBDAA500>, model_only=True, return_train_score=False, error_score=0.0, kwargs={})
2025-06-22 10:56:00,229:INFO:Checking exceptions
2025-06-22 10:56:00,229:INFO:Importing libraries
2025-06-22 10:56:00,229:INFO:Copying training dataset
2025-06-22 10:56:00,234:INFO:Defining folds
2025-06-22 10:56:00,235:INFO:Declaring metric variables
2025-06-22 10:56:00,235:INFO:Importing untrained model
2025-06-22 10:56:00,235:INFO:Logistic Regression Imported successfully
2025-06-22 10:56:00,236:INFO:Starting cross validation
2025-06-22 10:56:00,236:INFO:Cross validating with StratifiedKFold(n_splits=10, random_state=None, shuffle=False), n_jobs=-1
2025-06-22 10:56:05,840:INFO:Calculating mean and std
2025-06-22 10:56:05,842:INFO:Creating metrics dataframe
2025-06-22 10:56:05,845:INFO:Uploading results into container
2025-06-22 10:56:05,847:INFO:Uploading model into container now
2025-06-22 10:56:05,848:INFO:_master_model_container: 1
2025-06-22 10:56:05,849:INFO:_display_container: 2
2025-06-22 10:56:05,849:INFO:LogisticRegression(C=1.0, class_weight=None, dual=False, fit_intercept=True,
                   intercept_scaling=1, l1_ratio=None, max_iter=1000,
                   multi_class='auto', n_jobs=None, penalty='l2',
                   random_state=123, solver='lbfgs', tol=0.0001, verbose=0,
                   warm_start=False)
2025-06-22 10:56:05,849:INFO:create_model() successfully completed......................................
2025-06-22 10:56:05,935:INFO:SubProcess create_model() end ==================================
2025-06-22 10:56:05,937:INFO:Creating metrics dataframe
2025-06-22 10:56:05,939:INFO:Initializing K Neighbors Classifier
2025-06-22 10:56:05,939:INFO:Total runtime is 0.09517925182978312 minutes
2025-06-22 10:56:05,939:INFO:SubProcess create_model() called ==================================
2025-06-22 10:56:05,939:INFO:Initializing create_model()
2025-06-22 10:56:05,939:INFO:create_model(self=<pycaret.classification.oop.ClassificationExperiment object at 0x0000025BFB87FB20>, estimator=knn, fold=StratifiedKFold(n_splits=10, random_state=None, shuffle=False), round=4, cross_validation=True, predict=True, fit_kwargs={}, groups=None, refit=False, probability_threshold=None, experiment_custom_tags=None, verbose=False, system=False, add_to_model_list=True, metrics=None, display=<pycaret.internal.display.display.CommonDisplay object at 0x0000025BFBDAA500>, model_only=True, return_train_score=False, error_score=0.0, kwargs={})
2025-06-22 10:56:05,939:INFO:Checking exceptions
2025-06-22 10:56:05,939:INFO:Importing libraries
2025-06-22 10:56:05,939:INFO:Copying training dataset
2025-06-22 10:56:05,941:INFO:Defining folds
2025-06-22 10:56:05,941:INFO:Declaring metric variables
2025-06-22 10:56:05,941:INFO:Importing untrained model
2025-06-22 10:56:05,941:INFO:K Neighbors Classifier Imported successfully
2025-06-22 10:56:05,941:INFO:Starting cross validation
2025-06-22 10:56:05,942:INFO:Cross validating with StratifiedKFold(n_splits=10, random_state=None, shuffle=False), n_jobs=-1
2025-06-22 10:56:08,791:INFO:Calculating mean and std
2025-06-22 10:56:08,792:INFO:Creating metrics dataframe
2025-06-22 10:56:08,795:INFO:Uploading results into container
2025-06-22 10:56:08,795:INFO:Uploading model into container now
2025-06-22 10:56:08,796:INFO:_master_model_container: 2
2025-06-22 10:56:08,796:INFO:_display_container: 2
2025-06-22 10:56:08,797:INFO:KNeighborsClassifier(algorithm='auto', leaf_size=30, metric='minkowski',
                     metric_params=None, n_jobs=-1, n_neighbors=5, p=2,
                     weights='uniform')
2025-06-22 10:56:08,797:INFO:create_model() successfully completed......................................
2025-06-22 10:56:08,872:INFO:SubProcess create_model() end ==================================
2025-06-22 10:56:08,873:INFO:Creating metrics dataframe
2025-06-22 10:56:08,883:INFO:Initializing Naive Bayes
2025-06-22 10:56:08,883:INFO:Total runtime is 0.14426082372665405 minutes
2025-06-22 10:56:08,883:INFO:SubProcess create_model() called ==================================
2025-06-22 10:56:08,883:INFO:Initializing create_model()
2025-06-22 10:56:08,883:INFO:create_model(self=<pycaret.classification.oop.ClassificationExperiment object at 0x0000025BFB87FB20>, estimator=nb, fold=StratifiedKFold(n_splits=10, random_state=None, shuffle=False), round=4, cross_validation=True, predict=True, fit_kwargs={}, groups=None, refit=False, probability_threshold=None, experiment_custom_tags=None, verbose=False, system=False, add_to_model_list=True, metrics=None, display=<pycaret.internal.display.display.CommonDisplay object at 0x0000025BFBDAA500>, model_only=True, return_train_score=False, error_score=0.0, kwargs={})
2025-06-22 10:56:08,883:INFO:Checking exceptions
2025-06-22 10:56:08,883:INFO:Importing libraries
2025-06-22 10:56:08,883:INFO:Copying training dataset
2025-06-22 10:56:08,885:INFO:Defining folds
2025-06-22 10:56:08,885:INFO:Declaring metric variables
2025-06-22 10:56:08,885:INFO:Importing untrained model
2025-06-22 10:56:08,885:INFO:Naive Bayes Imported successfully
2025-06-22 10:56:08,886:INFO:Starting cross validation
2025-06-22 10:56:08,886:INFO:Cross validating with StratifiedKFold(n_splits=10, random_state=None, shuffle=False), n_jobs=-1
2025-06-22 10:56:08,960:INFO:Calculating mean and std
2025-06-22 10:56:08,961:INFO:Creating metrics dataframe
2025-06-22 10:56:08,962:INFO:Uploading results into container
2025-06-22 10:56:08,962:INFO:Uploading model into container now
2025-06-22 10:56:08,963:INFO:_master_model_container: 3
2025-06-22 10:56:08,963:INFO:_display_container: 2
2025-06-22 10:56:08,963:INFO:GaussianNB(priors=None, var_smoothing=1e-09)
2025-06-22 10:56:08,963:INFO:create_model() successfully completed......................................
2025-06-22 10:56:09,018:INFO:SubProcess create_model() end ==================================
2025-06-22 10:56:09,019:INFO:Creating metrics dataframe
2025-06-22 10:56:09,020:INFO:Initializing Decision Tree Classifier
2025-06-22 10:56:09,020:INFO:Total runtime is 0.14654453992843627 minutes
2025-06-22 10:56:09,020:INFO:SubProcess create_model() called ==================================
2025-06-22 10:56:09,021:INFO:Initializing create_model()
2025-06-22 10:56:09,021:INFO:create_model(self=<pycaret.classification.oop.ClassificationExperiment object at 0x0000025BFB87FB20>, estimator=dt, fold=StratifiedKFold(n_splits=10, random_state=None, shuffle=False), round=4, cross_validation=True, predict=True, fit_kwargs={}, groups=None, refit=False, probability_threshold=None, experiment_custom_tags=None, verbose=False, system=False, add_to_model_list=True, metrics=None, display=<pycaret.internal.display.display.CommonDisplay object at 0x0000025BFBDAA500>, model_only=True, return_train_score=False, error_score=0.0, kwargs={})
2025-06-22 10:56:09,021:INFO:Checking exceptions
2025-06-22 10:56:09,021:INFO:Importing libraries
2025-06-22 10:56:09,021:INFO:Copying training dataset
2025-06-22 10:56:09,023:INFO:Defining folds
2025-06-22 10:56:09,023:INFO:Declaring metric variables
2025-06-22 10:56:09,023:INFO:Importing untrained model
2025-06-22 10:56:09,023:INFO:Decision Tree Classifier Imported successfully
2025-06-22 10:56:09,023:INFO:Starting cross validation
2025-06-22 10:56:09,024:INFO:Cross validating with StratifiedKFold(n_splits=10, random_state=None, shuffle=False), n_jobs=-1
2025-06-22 10:56:09,094:INFO:Calculating mean and std
2025-06-22 10:56:09,095:INFO:Creating metrics dataframe
2025-06-22 10:56:09,099:INFO:Uploading results into container
2025-06-22 10:56:09,100:INFO:Uploading model into container now
2025-06-22 10:56:09,100:INFO:_master_model_container: 4
2025-06-22 10:56:09,100:INFO:_display_container: 2
2025-06-22 10:56:09,100:INFO:DecisionTreeClassifier(ccp_alpha=0.0, class_weight=None, criterion='gini',
                       max_depth=None, max_features=None, max_leaf_nodes=None,
                       min_impurity_decrease=0.0, min_samples_leaf=1,
                       min_samples_split=2, min_weight_fraction_leaf=0.0,
                       monotonic_cst=None, random_state=123, splitter='best')
2025-06-22 10:56:09,100:INFO:create_model() successfully completed......................................
2025-06-22 10:56:09,165:INFO:SubProcess create_model() end ==================================
2025-06-22 10:56:09,165:INFO:Creating metrics dataframe
2025-06-22 10:56:09,167:INFO:Initializing SVM - Linear Kernel
2025-06-22 10:56:09,167:INFO:Total runtime is 0.14899262587229412 minutes
2025-06-22 10:56:09,168:INFO:SubProcess create_model() called ==================================
2025-06-22 10:56:09,168:INFO:Initializing create_model()
2025-06-22 10:56:09,168:INFO:create_model(self=<pycaret.classification.oop.ClassificationExperiment object at 0x0000025BFB87FB20>, estimator=svm, fold=StratifiedKFold(n_splits=10, random_state=None, shuffle=False), round=4, cross_validation=True, predict=True, fit_kwargs={}, groups=None, refit=False, probability_threshold=None, experiment_custom_tags=None, verbose=False, system=False, add_to_model_list=True, metrics=None, display=<pycaret.internal.display.display.CommonDisplay object at 0x0000025BFBDAA500>, model_only=True, return_train_score=False, error_score=0.0, kwargs={})
2025-06-22 10:56:09,168:INFO:Checking exceptions
2025-06-22 10:56:09,168:INFO:Importing libraries
2025-06-22 10:56:09,168:INFO:Copying training dataset
2025-06-22 10:56:09,170:INFO:Defining folds
2025-06-22 10:56:09,170:INFO:Declaring metric variables
2025-06-22 10:56:09,171:INFO:Importing untrained model
2025-06-22 10:56:09,171:INFO:SVM - Linear Kernel Imported successfully
2025-06-22 10:56:09,171:INFO:Starting cross validation
2025-06-22 10:56:09,172:INFO:Cross validating with StratifiedKFold(n_splits=10, random_state=None, shuffle=False), n_jobs=-1
2025-06-22 10:56:09,221:WARNING:C:\Users\Lenovo\OneDrive - IRESSEF\Documents\DSWB\Project\Training\Workshop_2025\Github\od\test\no-code-test\py\mlenv\lib\site-packages\sklearn\metrics\_classification.py:1509: UndefinedMetricWarning: Precision is ill-defined and being set to 0.0 due to no predicted samples. Use `zero_division` parameter to control this behavior.
  _warn_prf(average, modifier, f"{metric.capitalize()} is", len(result))

2025-06-22 10:56:09,225:WARNING:C:\Users\Lenovo\OneDrive - IRESSEF\Documents\DSWB\Project\Training\Workshop_2025\Github\od\test\no-code-test\py\mlenv\lib\site-packages\sklearn\metrics\_classification.py:1509: UndefinedMetricWarning: Precision is ill-defined and being set to 0.0 due to no predicted samples. Use `zero_division` parameter to control this behavior.
  _warn_prf(average, modifier, f"{metric.capitalize()} is", len(result))

2025-06-22 10:56:09,247:INFO:Calculating mean and std
2025-06-22 10:56:09,248:INFO:Creating metrics dataframe
2025-06-22 10:56:09,250:INFO:Uploading results into container
2025-06-22 10:56:09,250:INFO:Uploading model into container now
2025-06-22 10:56:09,250:INFO:_master_model_container: 5
2025-06-22 10:56:09,250:INFO:_display_container: 2
2025-06-22 10:56:09,251:INFO:SGDClassifier(alpha=0.0001, average=False, class_weight=None,
              early_stopping=False, epsilon=0.1, eta0=0.001, fit_intercept=True,
              l1_ratio=0.15, learning_rate='optimal', loss='hinge',
              max_iter=1000, n_iter_no_change=5, n_jobs=-1, penalty='l2',
              power_t=0.5, random_state=123, shuffle=True, tol=0.001,
              validation_fraction=0.1, verbose=0, warm_start=False)
2025-06-22 10:56:09,251:INFO:create_model() successfully completed......................................
2025-06-22 10:56:09,315:INFO:SubProcess create_model() end ==================================
2025-06-22 10:56:09,315:INFO:Creating metrics dataframe
2025-06-22 10:56:09,316:INFO:Initializing Ridge Classifier
2025-06-22 10:56:09,316:INFO:Total runtime is 0.1514767090479533 minutes
2025-06-22 10:56:09,317:INFO:SubProcess create_model() called ==================================
2025-06-22 10:56:09,317:INFO:Initializing create_model()
2025-06-22 10:56:09,317:INFO:create_model(self=<pycaret.classification.oop.ClassificationExperiment object at 0x0000025BFB87FB20>, estimator=ridge, fold=StratifiedKFold(n_splits=10, random_state=None, shuffle=False), round=4, cross_validation=True, predict=True, fit_kwargs={}, groups=None, refit=False, probability_threshold=None, experiment_custom_tags=None, verbose=False, system=False, add_to_model_list=True, metrics=None, display=<pycaret.internal.display.display.CommonDisplay object at 0x0000025BFBDAA500>, model_only=True, return_train_score=False, error_score=0.0, kwargs={})
2025-06-22 10:56:09,317:INFO:Checking exceptions
2025-06-22 10:56:09,317:INFO:Importing libraries
2025-06-22 10:56:09,317:INFO:Copying training dataset
2025-06-22 10:56:09,319:INFO:Defining folds
2025-06-22 10:56:09,319:INFO:Declaring metric variables
2025-06-22 10:56:09,319:INFO:Importing untrained model
2025-06-22 10:56:09,319:INFO:Ridge Classifier Imported successfully
2025-06-22 10:56:09,319:INFO:Starting cross validation
2025-06-22 10:56:09,320:INFO:Cross validating with StratifiedKFold(n_splits=10, random_state=None, shuffle=False), n_jobs=-1
2025-06-22 10:56:09,390:INFO:Calculating mean and std
2025-06-22 10:56:09,391:INFO:Creating metrics dataframe
2025-06-22 10:56:09,392:INFO:Uploading results into container
2025-06-22 10:56:09,392:INFO:Uploading model into container now
2025-06-22 10:56:09,392:INFO:_master_model_container: 6
2025-06-22 10:56:09,393:INFO:_display_container: 2
2025-06-22 10:56:09,393:INFO:RidgeClassifier(alpha=1.0, class_weight=None, copy_X=True, fit_intercept=True,
                max_iter=None, positive=False, random_state=123, solver='auto',
                tol=0.0001)
2025-06-22 10:56:09,393:INFO:create_model() successfully completed......................................
2025-06-22 10:56:09,456:INFO:SubProcess create_model() end ==================================
2025-06-22 10:56:09,456:INFO:Creating metrics dataframe
2025-06-22 10:56:09,458:INFO:Initializing Random Forest Classifier
2025-06-22 10:56:09,458:INFO:Total runtime is 0.1538421114285787 minutes
2025-06-22 10:56:09,458:INFO:SubProcess create_model() called ==================================
2025-06-22 10:56:09,458:INFO:Initializing create_model()
2025-06-22 10:56:09,458:INFO:create_model(self=<pycaret.classification.oop.ClassificationExperiment object at 0x0000025BFB87FB20>, estimator=rf, fold=StratifiedKFold(n_splits=10, random_state=None, shuffle=False), round=4, cross_validation=True, predict=True, fit_kwargs={}, groups=None, refit=False, probability_threshold=None, experiment_custom_tags=None, verbose=False, system=False, add_to_model_list=True, metrics=None, display=<pycaret.internal.display.display.CommonDisplay object at 0x0000025BFBDAA500>, model_only=True, return_train_score=False, error_score=0.0, kwargs={})
2025-06-22 10:56:09,458:INFO:Checking exceptions
2025-06-22 10:56:09,458:INFO:Importing libraries
2025-06-22 10:56:09,458:INFO:Copying training dataset
2025-06-22 10:56:09,460:INFO:Defining folds
2025-06-22 10:56:09,460:INFO:Declaring metric variables
2025-06-22 10:56:09,460:INFO:Importing untrained model
2025-06-22 10:56:09,460:INFO:Random Forest Classifier Imported successfully
2025-06-22 10:56:09,461:INFO:Starting cross validation
2025-06-22 10:56:09,461:INFO:Cross validating with StratifiedKFold(n_splits=10, random_state=None, shuffle=False), n_jobs=-1
2025-06-22 10:56:10,126:INFO:Calculating mean and std
2025-06-22 10:56:10,127:INFO:Creating metrics dataframe
2025-06-22 10:56:10,129:INFO:Uploading results into container
2025-06-22 10:56:10,129:INFO:Uploading model into container now
2025-06-22 10:56:10,130:INFO:_master_model_container: 7
2025-06-22 10:56:10,130:INFO:_display_container: 2
2025-06-22 10:56:10,131:INFO:RandomForestClassifier(bootstrap=True, ccp_alpha=0.0, class_weight=None,
                       criterion='gini', max_depth=None, max_features='sqrt',
                       max_leaf_nodes=None, max_samples=None,
                       min_impurity_decrease=0.0, min_samples_leaf=1,
                       min_samples_split=2, min_weight_fraction_leaf=0.0,
                       monotonic_cst=None, n_estimators=100, n_jobs=-1,
                       oob_score=False, random_state=123, verbose=0,
                       warm_start=False)
2025-06-22 10:56:10,131:INFO:create_model() successfully completed......................................
2025-06-22 10:56:10,282:INFO:SubProcess create_model() end ==================================
2025-06-22 10:56:10,282:INFO:Creating metrics dataframe
2025-06-22 10:56:10,290:INFO:Initializing Quadratic Discriminant Analysis
2025-06-22 10:56:10,290:INFO:Total runtime is 0.16770363648732503 minutes
2025-06-22 10:56:10,291:INFO:SubProcess create_model() called ==================================
2025-06-22 10:56:10,292:INFO:Initializing create_model()
2025-06-22 10:56:10,292:INFO:create_model(self=<pycaret.classification.oop.ClassificationExperiment object at 0x0000025BFB87FB20>, estimator=qda, fold=StratifiedKFold(n_splits=10, random_state=None, shuffle=False), round=4, cross_validation=True, predict=True, fit_kwargs={}, groups=None, refit=False, probability_threshold=None, experiment_custom_tags=None, verbose=False, system=False, add_to_model_list=True, metrics=None, display=<pycaret.internal.display.display.CommonDisplay object at 0x0000025BFBDAA500>, model_only=True, return_train_score=False, error_score=0.0, kwargs={})
2025-06-22 10:56:10,292:INFO:Checking exceptions
2025-06-22 10:56:10,292:INFO:Importing libraries
2025-06-22 10:56:10,292:INFO:Copying training dataset
2025-06-22 10:56:10,303:INFO:Defining folds
2025-06-22 10:56:10,303:INFO:Declaring metric variables
2025-06-22 10:56:10,303:INFO:Importing untrained model
2025-06-22 10:56:10,303:INFO:Quadratic Discriminant Analysis Imported successfully
2025-06-22 10:56:10,304:INFO:Starting cross validation
2025-06-22 10:56:10,304:INFO:Cross validating with StratifiedKFold(n_splits=10, random_state=None, shuffle=False), n_jobs=-1
2025-06-22 10:56:10,546:INFO:Calculating mean and std
2025-06-22 10:56:10,548:INFO:Creating metrics dataframe
2025-06-22 10:56:10,551:INFO:Uploading results into container
2025-06-22 10:56:10,552:INFO:Uploading model into container now
2025-06-22 10:56:10,552:INFO:_master_model_container: 8
2025-06-22 10:56:10,552:INFO:_display_container: 2
2025-06-22 10:56:10,552:INFO:QuadraticDiscriminantAnalysis(priors=None, reg_param=0.0,
                              store_covariance=False, tol=0.0001)
2025-06-22 10:56:10,552:INFO:create_model() successfully completed......................................
2025-06-22 10:56:10,671:INFO:SubProcess create_model() end ==================================
2025-06-22 10:56:10,671:INFO:Creating metrics dataframe
2025-06-22 10:56:10,674:INFO:Initializing Ada Boost Classifier
2025-06-22 10:56:10,675:INFO:Total runtime is 0.17411303122838337 minutes
2025-06-22 10:56:10,675:INFO:SubProcess create_model() called ==================================
2025-06-22 10:56:10,675:INFO:Initializing create_model()
2025-06-22 10:56:10,675:INFO:create_model(self=<pycaret.classification.oop.ClassificationExperiment object at 0x0000025BFB87FB20>, estimator=ada, fold=StratifiedKFold(n_splits=10, random_state=None, shuffle=False), round=4, cross_validation=True, predict=True, fit_kwargs={}, groups=None, refit=False, probability_threshold=None, experiment_custom_tags=None, verbose=False, system=False, add_to_model_list=True, metrics=None, display=<pycaret.internal.display.display.CommonDisplay object at 0x0000025BFBDAA500>, model_only=True, return_train_score=False, error_score=0.0, kwargs={})
2025-06-22 10:56:10,675:INFO:Checking exceptions
2025-06-22 10:56:10,675:INFO:Importing libraries
2025-06-22 10:56:10,675:INFO:Copying training dataset
2025-06-22 10:56:10,680:INFO:Defining folds
2025-06-22 10:56:10,680:INFO:Declaring metric variables
2025-06-22 10:56:10,681:INFO:Importing untrained model
2025-06-22 10:56:10,681:INFO:Ada Boost Classifier Imported successfully
2025-06-22 10:56:10,682:INFO:Starting cross validation
2025-06-22 10:56:10,683:INFO:Cross validating with StratifiedKFold(n_splits=10, random_state=None, shuffle=False), n_jobs=-1
2025-06-22 10:56:10,713:WARNING:C:\Users\Lenovo\OneDrive - IRESSEF\Documents\DSWB\Project\Training\Workshop_2025\Github\od\test\no-code-test\py\mlenv\lib\site-packages\sklearn\ensemble\_weight_boosting.py:519: FutureWarning: The SAMME.R algorithm (the default) is deprecated and will be removed in 1.6. Use the SAMME algorithm to circumvent this warning.
  warnings.warn(

2025-06-22 10:56:10,715:WARNING:C:\Users\Lenovo\OneDrive - IRESSEF\Documents\DSWB\Project\Training\Workshop_2025\Github\od\test\no-code-test\py\mlenv\lib\site-packages\sklearn\ensemble\_weight_boosting.py:519: FutureWarning: The SAMME.R algorithm (the default) is deprecated and will be removed in 1.6. Use the SAMME algorithm to circumvent this warning.
  warnings.warn(

2025-06-22 10:56:10,720:WARNING:C:\Users\Lenovo\OneDrive - IRESSEF\Documents\DSWB\Project\Training\Workshop_2025\Github\od\test\no-code-test\py\mlenv\lib\site-packages\sklearn\ensemble\_weight_boosting.py:519: FutureWarning: The SAMME.R algorithm (the default) is deprecated and will be removed in 1.6. Use the SAMME algorithm to circumvent this warning.
  warnings.warn(

2025-06-22 10:56:10,723:WARNING:C:\Users\Lenovo\OneDrive - IRESSEF\Documents\DSWB\Project\Training\Workshop_2025\Github\od\test\no-code-test\py\mlenv\lib\site-packages\sklearn\ensemble\_weight_boosting.py:519: FutureWarning: The SAMME.R algorithm (the default) is deprecated and will be removed in 1.6. Use the SAMME algorithm to circumvent this warning.
  warnings.warn(

2025-06-22 10:56:10,727:WARNING:C:\Users\Lenovo\OneDrive - IRESSEF\Documents\DSWB\Project\Training\Workshop_2025\Github\od\test\no-code-test\py\mlenv\lib\site-packages\sklearn\ensemble\_weight_boosting.py:519: FutureWarning: The SAMME.R algorithm (the default) is deprecated and will be removed in 1.6. Use the SAMME algorithm to circumvent this warning.
  warnings.warn(

2025-06-22 10:56:10,728:WARNING:C:\Users\Lenovo\OneDrive - IRESSEF\Documents\DSWB\Project\Training\Workshop_2025\Github\od\test\no-code-test\py\mlenv\lib\site-packages\sklearn\ensemble\_weight_boosting.py:519: FutureWarning: The SAMME.R algorithm (the default) is deprecated and will be removed in 1.6. Use the SAMME algorithm to circumvent this warning.
  warnings.warn(

2025-06-22 10:56:10,755:WARNING:C:\Users\Lenovo\OneDrive - IRESSEF\Documents\DSWB\Project\Training\Workshop_2025\Github\od\test\no-code-test\py\mlenv\lib\site-packages\sklearn\ensemble\_weight_boosting.py:519: FutureWarning: The SAMME.R algorithm (the default) is deprecated and will be removed in 1.6. Use the SAMME algorithm to circumvent this warning.
  warnings.warn(

2025-06-22 10:56:10,763:WARNING:C:\Users\Lenovo\OneDrive - IRESSEF\Documents\DSWB\Project\Training\Workshop_2025\Github\od\test\no-code-test\py\mlenv\lib\site-packages\sklearn\ensemble\_weight_boosting.py:519: FutureWarning: The SAMME.R algorithm (the default) is deprecated and will be removed in 1.6. Use the SAMME algorithm to circumvent this warning.
  warnings.warn(

2025-06-22 10:56:10,785:WARNING:C:\Users\Lenovo\OneDrive - IRESSEF\Documents\DSWB\Project\Training\Workshop_2025\Github\od\test\no-code-test\py\mlenv\lib\site-packages\sklearn\ensemble\_weight_boosting.py:519: FutureWarning: The SAMME.R algorithm (the default) is deprecated and will be removed in 1.6. Use the SAMME algorithm to circumvent this warning.
  warnings.warn(

2025-06-22 10:56:10,835:WARNING:C:\Users\Lenovo\OneDrive - IRESSEF\Documents\DSWB\Project\Training\Workshop_2025\Github\od\test\no-code-test\py\mlenv\lib\site-packages\sklearn\ensemble\_weight_boosting.py:519: FutureWarning: The SAMME.R algorithm (the default) is deprecated and will be removed in 1.6. Use the SAMME algorithm to circumvent this warning.
  warnings.warn(

2025-06-22 10:56:11,094:INFO:Calculating mean and std
2025-06-22 10:56:11,095:INFO:Creating metrics dataframe
2025-06-22 10:56:11,097:INFO:Uploading results into container
2025-06-22 10:56:11,097:INFO:Uploading model into container now
2025-06-22 10:56:11,097:INFO:_master_model_container: 9
2025-06-22 10:56:11,098:INFO:_display_container: 2
2025-06-22 10:56:11,098:INFO:AdaBoostClassifier(algorithm='SAMME.R', estimator=None, learning_rate=1.0,
                   n_estimators=50, random_state=123)
2025-06-22 10:56:11,098:INFO:create_model() successfully completed......................................
2025-06-22 10:56:11,155:INFO:SubProcess create_model() end ==================================
2025-06-22 10:56:11,155:INFO:Creating metrics dataframe
2025-06-22 10:56:11,157:INFO:Initializing Gradient Boosting Classifier
2025-06-22 10:56:11,157:INFO:Total runtime is 0.18215336004892985 minutes
2025-06-22 10:56:11,157:INFO:SubProcess create_model() called ==================================
2025-06-22 10:56:11,157:INFO:Initializing create_model()
2025-06-22 10:56:11,157:INFO:create_model(self=<pycaret.classification.oop.ClassificationExperiment object at 0x0000025BFB87FB20>, estimator=gbc, fold=StratifiedKFold(n_splits=10, random_state=None, shuffle=False), round=4, cross_validation=True, predict=True, fit_kwargs={}, groups=None, refit=False, probability_threshold=None, experiment_custom_tags=None, verbose=False, system=False, add_to_model_list=True, metrics=None, display=<pycaret.internal.display.display.CommonDisplay object at 0x0000025BFBDAA500>, model_only=True, return_train_score=False, error_score=0.0, kwargs={})
2025-06-22 10:56:11,157:INFO:Checking exceptions
2025-06-22 10:56:11,157:INFO:Importing libraries
2025-06-22 10:56:11,157:INFO:Copying training dataset
2025-06-22 10:56:11,159:INFO:Defining folds
2025-06-22 10:56:11,159:INFO:Declaring metric variables
2025-06-22 10:56:11,159:INFO:Importing untrained model
2025-06-22 10:56:11,160:INFO:Gradient Boosting Classifier Imported successfully
2025-06-22 10:56:11,160:INFO:Starting cross validation
2025-06-22 10:56:11,160:INFO:Cross validating with StratifiedKFold(n_splits=10, random_state=None, shuffle=False), n_jobs=-1
2025-06-22 10:56:11,490:INFO:Calculating mean and std
2025-06-22 10:56:11,491:INFO:Creating metrics dataframe
2025-06-22 10:56:11,492:INFO:Uploading results into container
2025-06-22 10:56:11,493:INFO:Uploading model into container now
2025-06-22 10:56:11,493:INFO:_master_model_container: 10
2025-06-22 10:56:11,493:INFO:_display_container: 2
2025-06-22 10:56:11,493:INFO:GradientBoostingClassifier(ccp_alpha=0.0, criterion='friedman_mse', init=None,
                           learning_rate=0.1, loss='log_loss', max_depth=3,
                           max_features=None, max_leaf_nodes=None,
                           min_impurity_decrease=0.0, min_samples_leaf=1,
                           min_samples_split=2, min_weight_fraction_leaf=0.0,
                           n_estimators=100, n_iter_no_change=None,
                           random_state=123, subsample=1.0, tol=0.0001,
                           validation_fraction=0.1, verbose=0,
                           warm_start=False)
2025-06-22 10:56:11,494:INFO:create_model() successfully completed......................................
2025-06-22 10:56:11,561:INFO:SubProcess create_model() end ==================================
2025-06-22 10:56:11,561:INFO:Creating metrics dataframe
2025-06-22 10:56:11,563:INFO:Initializing Linear Discriminant Analysis
2025-06-22 10:56:11,563:INFO:Total runtime is 0.1889126181602478 minutes
2025-06-22 10:56:11,563:INFO:SubProcess create_model() called ==================================
2025-06-22 10:56:11,563:INFO:Initializing create_model()
2025-06-22 10:56:11,563:INFO:create_model(self=<pycaret.classification.oop.ClassificationExperiment object at 0x0000025BFB87FB20>, estimator=lda, fold=StratifiedKFold(n_splits=10, random_state=None, shuffle=False), round=4, cross_validation=True, predict=True, fit_kwargs={}, groups=None, refit=False, probability_threshold=None, experiment_custom_tags=None, verbose=False, system=False, add_to_model_list=True, metrics=None, display=<pycaret.internal.display.display.CommonDisplay object at 0x0000025BFBDAA500>, model_only=True, return_train_score=False, error_score=0.0, kwargs={})
2025-06-22 10:56:11,563:INFO:Checking exceptions
2025-06-22 10:56:11,563:INFO:Importing libraries
2025-06-22 10:56:11,564:INFO:Copying training dataset
2025-06-22 10:56:11,565:INFO:Defining folds
2025-06-22 10:56:11,566:INFO:Declaring metric variables
2025-06-22 10:56:11,566:INFO:Importing untrained model
2025-06-22 10:56:11,566:INFO:Linear Discriminant Analysis Imported successfully
2025-06-22 10:56:11,566:INFO:Starting cross validation
2025-06-22 10:56:11,566:INFO:Cross validating with StratifiedKFold(n_splits=10, random_state=None, shuffle=False), n_jobs=-1
2025-06-22 10:56:11,631:INFO:Calculating mean and std
2025-06-22 10:56:11,632:INFO:Creating metrics dataframe
2025-06-22 10:56:11,633:INFO:Uploading results into container
2025-06-22 10:56:11,633:INFO:Uploading model into container now
2025-06-22 10:56:11,634:INFO:_master_model_container: 11
2025-06-22 10:56:11,634:INFO:_display_container: 2
2025-06-22 10:56:11,634:INFO:LinearDiscriminantAnalysis(covariance_estimator=None, n_components=None,
                           priors=None, shrinkage=None, solver='svd',
                           store_covariance=False, tol=0.0001)
2025-06-22 10:56:11,634:INFO:create_model() successfully completed......................................
2025-06-22 10:56:11,687:INFO:SubProcess create_model() end ==================================
2025-06-22 10:56:11,687:INFO:Creating metrics dataframe
2025-06-22 10:56:11,689:INFO:Initializing Extra Trees Classifier
2025-06-22 10:56:11,689:INFO:Total runtime is 0.19102272590001423 minutes
2025-06-22 10:56:11,689:INFO:SubProcess create_model() called ==================================
2025-06-22 10:56:11,689:INFO:Initializing create_model()
2025-06-22 10:56:11,689:INFO:create_model(self=<pycaret.classification.oop.ClassificationExperiment object at 0x0000025BFB87FB20>, estimator=et, fold=StratifiedKFold(n_splits=10, random_state=None, shuffle=False), round=4, cross_validation=True, predict=True, fit_kwargs={}, groups=None, refit=False, probability_threshold=None, experiment_custom_tags=None, verbose=False, system=False, add_to_model_list=True, metrics=None, display=<pycaret.internal.display.display.CommonDisplay object at 0x0000025BFBDAA500>, model_only=True, return_train_score=False, error_score=0.0, kwargs={})
2025-06-22 10:56:11,689:INFO:Checking exceptions
2025-06-22 10:56:11,689:INFO:Importing libraries
2025-06-22 10:56:11,689:INFO:Copying training dataset
2025-06-22 10:56:11,691:INFO:Defining folds
2025-06-22 10:56:11,691:INFO:Declaring metric variables
2025-06-22 10:56:11,691:INFO:Importing untrained model
2025-06-22 10:56:11,691:INFO:Extra Trees Classifier Imported successfully
2025-06-22 10:56:11,691:INFO:Starting cross validation
2025-06-22 10:56:11,692:INFO:Cross validating with StratifiedKFold(n_splits=10, random_state=None, shuffle=False), n_jobs=-1
2025-06-22 10:56:12,077:INFO:Calculating mean and std
2025-06-22 10:56:12,079:INFO:Creating metrics dataframe
2025-06-22 10:56:12,082:INFO:Uploading results into container
2025-06-22 10:56:12,082:INFO:Uploading model into container now
2025-06-22 10:56:12,083:INFO:_master_model_container: 12
2025-06-22 10:56:12,083:INFO:_display_container: 2
2025-06-22 10:56:12,083:INFO:ExtraTreesClassifier(bootstrap=False, ccp_alpha=0.0, class_weight=None,
                     criterion='gini', max_depth=None, max_features='sqrt',
                     max_leaf_nodes=None, max_samples=None,
                     min_impurity_decrease=0.0, min_samples_leaf=1,
                     min_samples_split=2, min_weight_fraction_leaf=0.0,
                     monotonic_cst=None, n_estimators=100, n_jobs=-1,
                     oob_score=False, random_state=123, verbose=0,
                     warm_start=False)
2025-06-22 10:56:12,083:INFO:create_model() successfully completed......................................
2025-06-22 10:56:12,150:INFO:SubProcess create_model() end ==================================
2025-06-22 10:56:12,150:INFO:Creating metrics dataframe
2025-06-22 10:56:12,152:INFO:Initializing Light Gradient Boosting Machine
2025-06-22 10:56:12,152:INFO:Total runtime is 0.19874445994695028 minutes
2025-06-22 10:56:12,153:INFO:SubProcess create_model() called ==================================
2025-06-22 10:56:12,153:INFO:Initializing create_model()
2025-06-22 10:56:12,153:INFO:create_model(self=<pycaret.classification.oop.ClassificationExperiment object at 0x0000025BFB87FB20>, estimator=lightgbm, fold=StratifiedKFold(n_splits=10, random_state=None, shuffle=False), round=4, cross_validation=True, predict=True, fit_kwargs={}, groups=None, refit=False, probability_threshold=None, experiment_custom_tags=None, verbose=False, system=False, add_to_model_list=True, metrics=None, display=<pycaret.internal.display.display.CommonDisplay object at 0x0000025BFBDAA500>, model_only=True, return_train_score=False, error_score=0.0, kwargs={})
2025-06-22 10:56:12,153:INFO:Checking exceptions
2025-06-22 10:56:12,153:INFO:Importing libraries
2025-06-22 10:56:12,153:INFO:Copying training dataset
2025-06-22 10:56:12,156:INFO:Defining folds
2025-06-22 10:56:12,156:INFO:Declaring metric variables
2025-06-22 10:56:12,156:INFO:Importing untrained model
2025-06-22 10:56:12,157:INFO:Light Gradient Boosting Machine Imported successfully
2025-06-22 10:56:12,157:INFO:Starting cross validation
2025-06-22 10:56:12,157:INFO:Cross validating with StratifiedKFold(n_splits=10, random_state=None, shuffle=False), n_jobs=-1
2025-06-22 10:56:14,029:INFO:Calculating mean and std
2025-06-22 10:56:14,031:INFO:Creating metrics dataframe
2025-06-22 10:56:14,034:INFO:Uploading results into container
2025-06-22 10:56:14,034:INFO:Uploading model into container now
2025-06-22 10:56:14,034:INFO:_master_model_container: 13
2025-06-22 10:56:14,036:INFO:_display_container: 2
2025-06-22 10:56:14,036:INFO:LGBMClassifier(boosting_type='gbdt', class_weight=None, colsample_bytree=1.0,
               importance_type='split', learning_rate=0.1, max_depth=-1,
               min_child_samples=20, min_child_weight=0.001, min_split_gain=0.0,
               n_estimators=100, n_jobs=-1, num_leaves=31, objective=None,
               random_state=123, reg_alpha=0.0, reg_lambda=0.0, subsample=1.0,
               subsample_for_bin=200000, subsample_freq=0)
2025-06-22 10:56:14,036:INFO:create_model() successfully completed......................................
2025-06-22 10:56:14,248:INFO:SubProcess create_model() end ==================================
2025-06-22 10:56:14,248:INFO:Creating metrics dataframe
2025-06-22 10:56:14,253:INFO:Initializing Dummy Classifier
2025-06-22 10:56:14,254:INFO:Total runtime is 0.2337732752164205 minutes
2025-06-22 10:56:14,254:INFO:SubProcess create_model() called ==================================
2025-06-22 10:56:14,254:INFO:Initializing create_model()
2025-06-22 10:56:14,254:INFO:create_model(self=<pycaret.classification.oop.ClassificationExperiment object at 0x0000025BFB87FB20>, estimator=dummy, fold=StratifiedKFold(n_splits=10, random_state=None, shuffle=False), round=4, cross_validation=True, predict=True, fit_kwargs={}, groups=None, refit=False, probability_threshold=None, experiment_custom_tags=None, verbose=False, system=False, add_to_model_list=True, metrics=None, display=<pycaret.internal.display.display.CommonDisplay object at 0x0000025BFBDAA500>, model_only=True, return_train_score=False, error_score=0.0, kwargs={})
2025-06-22 10:56:14,254:INFO:Checking exceptions
2025-06-22 10:56:14,254:INFO:Importing libraries
2025-06-22 10:56:14,254:INFO:Copying training dataset
2025-06-22 10:56:14,259:INFO:Defining folds
2025-06-22 10:56:14,260:INFO:Declaring metric variables
2025-06-22 10:56:14,260:INFO:Importing untrained model
2025-06-22 10:56:14,261:INFO:Dummy Classifier Imported successfully
2025-06-22 10:56:14,261:INFO:Starting cross validation
2025-06-22 10:56:14,262:INFO:Cross validating with StratifiedKFold(n_splits=10, random_state=None, shuffle=False), n_jobs=-1
2025-06-22 10:56:14,314:WARNING:C:\Users\Lenovo\OneDrive - IRESSEF\Documents\DSWB\Project\Training\Workshop_2025\Github\od\test\no-code-test\py\mlenv\lib\site-packages\sklearn\metrics\_classification.py:1509: UndefinedMetricWarning: Precision is ill-defined and being set to 0.0 due to no predicted samples. Use `zero_division` parameter to control this behavior.
  _warn_prf(average, modifier, f"{metric.capitalize()} is", len(result))

2025-06-22 10:56:14,315:WARNING:C:\Users\Lenovo\OneDrive - IRESSEF\Documents\DSWB\Project\Training\Workshop_2025\Github\od\test\no-code-test\py\mlenv\lib\site-packages\sklearn\metrics\_classification.py:1509: UndefinedMetricWarning: Precision is ill-defined and being set to 0.0 due to no predicted samples. Use `zero_division` parameter to control this behavior.
  _warn_prf(average, modifier, f"{metric.capitalize()} is", len(result))

2025-06-22 10:56:14,324:WARNING:C:\Users\Lenovo\OneDrive - IRESSEF\Documents\DSWB\Project\Training\Workshop_2025\Github\od\test\no-code-test\py\mlenv\lib\site-packages\sklearn\metrics\_classification.py:1509: UndefinedMetricWarning: Precision is ill-defined and being set to 0.0 due to no predicted samples. Use `zero_division` parameter to control this behavior.
  _warn_prf(average, modifier, f"{metric.capitalize()} is", len(result))

2025-06-22 10:56:14,363:WARNING:C:\Users\Lenovo\OneDrive - IRESSEF\Documents\DSWB\Project\Training\Workshop_2025\Github\od\test\no-code-test\py\mlenv\lib\site-packages\sklearn\metrics\_classification.py:1509: UndefinedMetricWarning: Precision is ill-defined and being set to 0.0 due to no predicted samples. Use `zero_division` parameter to control this behavior.
  _warn_prf(average, modifier, f"{metric.capitalize()} is", len(result))

2025-06-22 10:56:14,370:WARNING:C:\Users\Lenovo\OneDrive - IRESSEF\Documents\DSWB\Project\Training\Workshop_2025\Github\od\test\no-code-test\py\mlenv\lib\site-packages\sklearn\metrics\_classification.py:1509: UndefinedMetricWarning: Precision is ill-defined and being set to 0.0 due to no predicted samples. Use `zero_division` parameter to control this behavior.
  _warn_prf(average, modifier, f"{metric.capitalize()} is", len(result))

2025-06-22 10:56:14,391:WARNING:C:\Users\Lenovo\OneDrive - IRESSEF\Documents\DSWB\Project\Training\Workshop_2025\Github\od\test\no-code-test\py\mlenv\lib\site-packages\sklearn\metrics\_classification.py:1509: UndefinedMetricWarning: Precision is ill-defined and being set to 0.0 due to no predicted samples. Use `zero_division` parameter to control this behavior.
  _warn_prf(average, modifier, f"{metric.capitalize()} is", len(result))

2025-06-22 10:56:14,399:WARNING:C:\Users\Lenovo\OneDrive - IRESSEF\Documents\DSWB\Project\Training\Workshop_2025\Github\od\test\no-code-test\py\mlenv\lib\site-packages\sklearn\metrics\_classification.py:1509: UndefinedMetricWarning: Precision is ill-defined and being set to 0.0 due to no predicted samples. Use `zero_division` parameter to control this behavior.
  _warn_prf(average, modifier, f"{metric.capitalize()} is", len(result))

2025-06-22 10:56:14,414:WARNING:C:\Users\Lenovo\OneDrive - IRESSEF\Documents\DSWB\Project\Training\Workshop_2025\Github\od\test\no-code-test\py\mlenv\lib\site-packages\sklearn\metrics\_classification.py:1509: UndefinedMetricWarning: Precision is ill-defined and being set to 0.0 due to no predicted samples. Use `zero_division` parameter to control this behavior.
  _warn_prf(average, modifier, f"{metric.capitalize()} is", len(result))

2025-06-22 10:56:14,433:WARNING:C:\Users\Lenovo\OneDrive - IRESSEF\Documents\DSWB\Project\Training\Workshop_2025\Github\od\test\no-code-test\py\mlenv\lib\site-packages\sklearn\metrics\_classification.py:1509: UndefinedMetricWarning: Precision is ill-defined and being set to 0.0 due to no predicted samples. Use `zero_division` parameter to control this behavior.
  _warn_prf(average, modifier, f"{metric.capitalize()} is", len(result))

2025-06-22 10:56:14,465:WARNING:C:\Users\Lenovo\OneDrive - IRESSEF\Documents\DSWB\Project\Training\Workshop_2025\Github\od\test\no-code-test\py\mlenv\lib\site-packages\sklearn\metrics\_classification.py:1509: UndefinedMetricWarning: Precision is ill-defined and being set to 0.0 due to no predicted samples. Use `zero_division` parameter to control this behavior.
  _warn_prf(average, modifier, f"{metric.capitalize()} is", len(result))

2025-06-22 10:56:14,492:INFO:Calculating mean and std
2025-06-22 10:56:14,494:INFO:Creating metrics dataframe
2025-06-22 10:56:14,501:INFO:Uploading results into container
2025-06-22 10:56:14,502:INFO:Uploading model into container now
2025-06-22 10:56:14,503:INFO:_master_model_container: 14
2025-06-22 10:56:14,503:INFO:_display_container: 2
2025-06-22 10:56:14,503:INFO:DummyClassifier(constant=None, random_state=123, strategy='prior')
2025-06-22 10:56:14,503:INFO:create_model() successfully completed......................................
2025-06-22 10:56:14,662:INFO:SubProcess create_model() end ==================================
2025-06-22 10:56:14,662:INFO:Creating metrics dataframe
2025-06-22 10:56:14,669:WARNING:C:\Users\Lenovo\OneDrive - IRESSEF\Documents\DSWB\Project\Training\Workshop_2025\Github\od\test\no-code-test\py\mlenv\lib\site-packages\pycaret\internal\pycaret_experiment\supervised_experiment.py:323: FutureWarning: Styler.applymap has been deprecated. Use Styler.map instead.
  master_display_.apply(

2025-06-22 10:56:14,671:INFO:Initializing create_model()
2025-06-22 10:56:14,671:INFO:create_model(self=<pycaret.classification.oop.ClassificationExperiment object at 0x0000025BFB87FB20>, estimator=LogisticRegression(C=1.0, class_weight=None, dual=False, fit_intercept=True,
                   intercept_scaling=1, l1_ratio=None, max_iter=1000,
                   multi_class='auto', n_jobs=None, penalty='l2',
                   random_state=123, solver='lbfgs', tol=0.0001, verbose=0,
                   warm_start=False), fold=StratifiedKFold(n_splits=10, random_state=None, shuffle=False), round=4, cross_validation=False, predict=False, fit_kwargs={}, groups=None, refit=True, probability_threshold=None, experiment_custom_tags=None, verbose=False, system=False, add_to_model_list=True, metrics=None, display=None, model_only=True, return_train_score=False, error_score=0.0, kwargs={})
2025-06-22 10:56:14,672:INFO:Checking exceptions
2025-06-22 10:56:14,673:INFO:Importing libraries
2025-06-22 10:56:14,673:INFO:Copying training dataset
2025-06-22 10:56:14,676:INFO:Defining folds
2025-06-22 10:56:14,676:INFO:Declaring metric variables
2025-06-22 10:56:14,677:INFO:Importing untrained model
2025-06-22 10:56:14,677:INFO:Declaring custom model
2025-06-22 10:56:14,678:INFO:Logistic Regression Imported successfully
2025-06-22 10:56:14,680:INFO:Cross validation set to False
2025-06-22 10:56:14,680:INFO:Fitting Model
2025-06-22 10:56:14,707:INFO:LogisticRegression(C=1.0, class_weight=None, dual=False, fit_intercept=True,
                   intercept_scaling=1, l1_ratio=None, max_iter=1000,
                   multi_class='auto', n_jobs=None, penalty='l2',
                   random_state=123, solver='lbfgs', tol=0.0001, verbose=0,
                   warm_start=False)
2025-06-22 10:56:14,708:INFO:create_model() successfully completed......................................
2025-06-22 10:56:14,794:INFO:Initializing create_model()
2025-06-22 10:56:14,795:INFO:create_model(self=<pycaret.classification.oop.ClassificationExperiment object at 0x0000025BFB87FB20>, estimator=RidgeClassifier(alpha=1.0, class_weight=None, copy_X=True, fit_intercept=True,
                max_iter=None, positive=False, random_state=123, solver='auto',
                tol=0.0001), fold=StratifiedKFold(n_splits=10, random_state=None, shuffle=False), round=4, cross_validation=False, predict=False, fit_kwargs={}, groups=None, refit=True, probability_threshold=None, experiment_custom_tags=None, verbose=False, system=False, add_to_model_list=True, metrics=None, display=None, model_only=True, return_train_score=False, error_score=0.0, kwargs={})
2025-06-22 10:56:14,795:INFO:Checking exceptions
2025-06-22 10:56:14,795:INFO:Importing libraries
2025-06-22 10:56:14,795:INFO:Copying training dataset
2025-06-22 10:56:14,798:INFO:Defining folds
2025-06-22 10:56:14,798:INFO:Declaring metric variables
2025-06-22 10:56:14,798:INFO:Importing untrained model
2025-06-22 10:56:14,798:INFO:Declaring custom model
2025-06-22 10:56:14,799:INFO:Ridge Classifier Imported successfully
2025-06-22 10:56:14,799:INFO:Cross validation set to False
2025-06-22 10:56:14,799:INFO:Fitting Model
2025-06-22 10:56:14,808:INFO:RidgeClassifier(alpha=1.0, class_weight=None, copy_X=True, fit_intercept=True,
                max_iter=None, positive=False, random_state=123, solver='auto',
                tol=0.0001)
2025-06-22 10:56:14,808:INFO:create_model() successfully completed......................................
2025-06-22 10:56:14,888:INFO:Initializing create_model()
2025-06-22 10:56:14,888:INFO:create_model(self=<pycaret.classification.oop.ClassificationExperiment object at 0x0000025BFB87FB20>, estimator=LinearDiscriminantAnalysis(covariance_estimator=None, n_components=None,
                           priors=None, shrinkage=None, solver='svd',
                           store_covariance=False, tol=0.0001), fold=StratifiedKFold(n_splits=10, random_state=None, shuffle=False), round=4, cross_validation=False, predict=False, fit_kwargs={}, groups=None, refit=True, probability_threshold=None, experiment_custom_tags=None, verbose=False, system=False, add_to_model_list=True, metrics=None, display=None, model_only=True, return_train_score=False, error_score=0.0, kwargs={})
2025-06-22 10:56:14,888:INFO:Checking exceptions
2025-06-22 10:56:14,889:INFO:Importing libraries
2025-06-22 10:56:14,889:INFO:Copying training dataset
2025-06-22 10:56:14,891:INFO:Defining folds
2025-06-22 10:56:14,891:INFO:Declaring metric variables
2025-06-22 10:56:14,891:INFO:Importing untrained model
2025-06-22 10:56:14,891:INFO:Declaring custom model
2025-06-22 10:56:14,892:INFO:Linear Discriminant Analysis Imported successfully
2025-06-22 10:56:14,892:INFO:Cross validation set to False
2025-06-22 10:56:14,892:INFO:Fitting Model
2025-06-22 10:56:14,898:INFO:LinearDiscriminantAnalysis(covariance_estimator=None, n_components=None,
                           priors=None, shrinkage=None, solver='svd',
                           store_covariance=False, tol=0.0001)
2025-06-22 10:56:14,898:INFO:create_model() successfully completed......................................
2025-06-22 10:56:14,982:INFO:Initializing create_model()
2025-06-22 10:56:14,982:INFO:create_model(self=<pycaret.classification.oop.ClassificationExperiment object at 0x0000025BFB87FB20>, estimator=RandomForestClassifier(bootstrap=True, ccp_alpha=0.0, class_weight=None,
                       criterion='gini', max_depth=None, max_features='sqrt',
                       max_leaf_nodes=None, max_samples=None,
                       min_impurity_decrease=0.0, min_samples_leaf=1,
                       min_samples_split=2, min_weight_fraction_leaf=0.0,
                       monotonic_cst=None, n_estimators=100, n_jobs=-1,
                       oob_score=False, random_state=123, verbose=0,
                       warm_start=False), fold=StratifiedKFold(n_splits=10, random_state=None, shuffle=False), round=4, cross_validation=False, predict=False, fit_kwargs={}, groups=None, refit=True, probability_threshold=None, experiment_custom_tags=None, verbose=False, system=False, add_to_model_list=True, metrics=None, display=None, model_only=True, return_train_score=False, error_score=0.0, kwargs={})
2025-06-22 10:56:14,982:INFO:Checking exceptions
2025-06-22 10:56:14,982:INFO:Importing libraries
2025-06-22 10:56:14,982:INFO:Copying training dataset
2025-06-22 10:56:14,985:INFO:Defining folds
2025-06-22 10:56:14,985:INFO:Declaring metric variables
2025-06-22 10:56:14,985:INFO:Importing untrained model
2025-06-22 10:56:14,985:INFO:Declaring custom model
2025-06-22 10:56:14,985:INFO:Random Forest Classifier Imported successfully
2025-06-22 10:56:14,986:INFO:Cross validation set to False
2025-06-22 10:56:14,986:INFO:Fitting Model
2025-06-22 10:56:15,173:INFO:RandomForestClassifier(bootstrap=True, ccp_alpha=0.0, class_weight=None,
                       criterion='gini', max_depth=None, max_features='sqrt',
                       max_leaf_nodes=None, max_samples=None,
                       min_impurity_decrease=0.0, min_samples_leaf=1,
                       min_samples_split=2, min_weight_fraction_leaf=0.0,
                       monotonic_cst=None, n_estimators=100, n_jobs=-1,
                       oob_score=False, random_state=123, verbose=0,
                       warm_start=False)
2025-06-22 10:56:15,173:INFO:create_model() successfully completed......................................
2025-06-22 10:56:15,240:INFO:Initializing create_model()
2025-06-22 10:56:15,240:INFO:create_model(self=<pycaret.classification.oop.ClassificationExperiment object at 0x0000025BFB87FB20>, estimator=GaussianNB(priors=None, var_smoothing=1e-09), fold=StratifiedKFold(n_splits=10, random_state=None, shuffle=False), round=4, cross_validation=False, predict=False, fit_kwargs={}, groups=None, refit=True, probability_threshold=None, experiment_custom_tags=None, verbose=False, system=False, add_to_model_list=True, metrics=None, display=None, model_only=True, return_train_score=False, error_score=0.0, kwargs={})
2025-06-22 10:56:15,240:INFO:Checking exceptions
2025-06-22 10:56:15,241:INFO:Importing libraries
2025-06-22 10:56:15,241:INFO:Copying training dataset
2025-06-22 10:56:15,245:INFO:Defining folds
2025-06-22 10:56:15,245:INFO:Declaring metric variables
2025-06-22 10:56:15,246:INFO:Importing untrained model
2025-06-22 10:56:15,246:INFO:Declaring custom model
2025-06-22 10:56:15,246:INFO:Naive Bayes Imported successfully
2025-06-22 10:56:15,246:INFO:Cross validation set to False
2025-06-22 10:56:15,246:INFO:Fitting Model
2025-06-22 10:56:15,253:INFO:GaussianNB(priors=None, var_smoothing=1e-09)
2025-06-22 10:56:15,253:INFO:create_model() successfully completed......................................
2025-06-22 10:56:15,354:INFO:_master_model_container: 14
2025-06-22 10:56:15,354:INFO:_display_container: 2
2025-06-22 10:56:15,355:INFO:[LogisticRegression(C=1.0, class_weight=None, dual=False, fit_intercept=True,
                   intercept_scaling=1, l1_ratio=None, max_iter=1000,
                   multi_class='auto', n_jobs=None, penalty='l2',
                   random_state=123, solver='lbfgs', tol=0.0001, verbose=0,
                   warm_start=False), RidgeClassifier(alpha=1.0, class_weight=None, copy_X=True, fit_intercept=True,
                max_iter=None, positive=False, random_state=123, solver='auto',
                tol=0.0001), LinearDiscriminantAnalysis(covariance_estimator=None, n_components=None,
                           priors=None, shrinkage=None, solver='svd',
                           store_covariance=False, tol=0.0001), RandomForestClassifier(bootstrap=True, ccp_alpha=0.0, class_weight=None,
                       criterion='gini', max_depth=None, max_features='sqrt',
                       max_leaf_nodes=None, max_samples=None,
                       min_impurity_decrease=0.0, min_samples_leaf=1,
                       min_samples_split=2, min_weight_fraction_leaf=0.0,
                       monotonic_cst=None, n_estimators=100, n_jobs=-1,
                       oob_score=False, random_state=123, verbose=0,
                       warm_start=False), GaussianNB(priors=None, var_smoothing=1e-09)]
2025-06-22 10:56:15,355:INFO:compare_models() successfully completed......................................
2025-06-22 12:02:07,518:INFO:PyCaret ClassificationExperiment
2025-06-22 12:02:07,518:INFO:Logging name: clf-default-name
2025-06-22 12:02:07,518:INFO:ML Usecase: MLUsecase.CLASSIFICATION
2025-06-22 12:02:07,518:INFO:version 3.3.2
2025-06-22 12:02:07,518:INFO:Initializing setup()
2025-06-22 12:02:07,518:INFO:self.USI: d7f6
2025-06-22 12:02:07,518:INFO:self._variable_keys: {'X_test', 'n_jobs_param', 'target_param', 'pipeline', 'X', 'X_train', 'logging_param', 'exp_id', 'memory', 'idx', 'log_plots_param', 'exp_name_log', '_ml_usecase', 'USI', 'fold_groups_param', 'gpu_n_jobs_param', 'fold_shuffle_param', 'is_multiclass', 'data', 'fold_generator', 'y_train', 'y', 'y_test', 'fix_imbalance', 'html_param', 'seed', '_available_plots', 'gpu_param'}
2025-06-22 12:02:07,518:INFO:Checking environment
2025-06-22 12:02:07,518:INFO:python_version: 3.10.4
2025-06-22 12:02:07,518:INFO:python_build: ('tags/v3.10.4:9d38120', 'Mar 23 2022 23:13:41')
2025-06-22 12:02:07,518:INFO:machine: AMD64
2025-06-22 12:02:07,518:INFO:platform: Windows-10-10.0.26100-SP0
2025-06-22 12:02:07,551:INFO:Memory: svmem(total=16871448576, available=594526208, percent=96.5, used=16276922368, free=594526208)
2025-06-22 12:02:07,551:INFO:Physical Core: 10
2025-06-22 12:02:07,551:INFO:Logical Core: 12
2025-06-22 12:02:07,551:INFO:Checking libraries
2025-06-22 12:02:07,551:INFO:System:
2025-06-22 12:02:07,551:INFO:    python: 3.10.4 (tags/v3.10.4:9d38120, Mar 23 2022, 23:13:41) [MSC v.1929 64 bit (AMD64)]
2025-06-22 12:02:07,551:INFO:executable: C:\Users\Lenovo\OneDrive - IRESSEF\Documents\DSWB\Project\Training\Workshop_2025\Github\od\test\no-code-test\py\mlenv\Scripts\python.exe
2025-06-22 12:02:07,551:INFO:   machine: Windows-10-10.0.26100-SP0
2025-06-22 12:02:07,551:INFO:PyCaret required dependencies:
2025-06-22 12:02:07,551:INFO:                 pip: 22.0.4
2025-06-22 12:02:07,551:INFO:          setuptools: 58.1.0
2025-06-22 12:02:07,551:INFO:             pycaret: 3.3.2
2025-06-22 12:02:07,551:INFO:             IPython: 8.37.0
2025-06-22 12:02:07,551:INFO:          ipywidgets: 8.1.7
2025-06-22 12:02:07,551:INFO:                tqdm: 4.67.1
2025-06-22 12:02:07,551:INFO:               numpy: 1.26.4
2025-06-22 12:02:07,551:INFO:              pandas: 2.1.4
2025-06-22 12:02:07,551:INFO:              jinja2: 3.1.6
2025-06-22 12:02:07,551:INFO:               scipy: 1.11.4
2025-06-22 12:02:07,551:INFO:              joblib: 1.3.2
2025-06-22 12:02:07,551:INFO:             sklearn: 1.4.2
2025-06-22 12:02:07,551:INFO:                pyod: 2.0.5
2025-06-22 12:02:07,551:INFO:            imblearn: 0.13.0
2025-06-22 12:02:07,551:INFO:   category_encoders: 2.7.0
2025-06-22 12:02:07,551:INFO:            lightgbm: 4.6.0
2025-06-22 12:02:07,551:INFO:               numba: 0.61.2
2025-06-22 12:02:07,551:INFO:            requests: 2.32.4
2025-06-22 12:02:07,551:INFO:          matplotlib: 3.7.5
2025-06-22 12:02:07,551:INFO:          scikitplot: 0.3.7
2025-06-22 12:02:07,551:INFO:         yellowbrick: 1.5
2025-06-22 12:02:07,551:INFO:              plotly: 5.24.1
2025-06-22 12:02:07,551:INFO:    plotly-resampler: Not installed
2025-06-22 12:02:07,551:INFO:             kaleido: 1.0.0
2025-06-22 12:02:07,551:INFO:           schemdraw: 0.15
2025-06-22 12:02:07,551:INFO:         statsmodels: 0.14.4
2025-06-22 12:02:07,551:INFO:              sktime: 0.26.0
2025-06-22 12:02:07,551:INFO:               tbats: 1.1.3
2025-06-22 12:02:07,551:INFO:            pmdarima: 2.0.4
2025-06-22 12:02:07,551:INFO:              psutil: 7.0.0
2025-06-22 12:02:07,551:INFO:          markupsafe: 3.0.2
2025-06-22 12:02:07,551:INFO:             pickle5: Not installed
2025-06-22 12:02:07,551:INFO:         cloudpickle: 3.1.1
2025-06-22 12:02:07,551:INFO:         deprecation: 2.1.0
2025-06-22 12:02:07,551:INFO:              xxhash: 3.5.0
2025-06-22 12:02:07,551:INFO:           wurlitzer: Not installed
2025-06-22 12:02:07,551:INFO:PyCaret optional dependencies:
2025-06-22 12:02:07,551:INFO:                shap: Not installed
2025-06-22 12:02:07,551:INFO:           interpret: Not installed
2025-06-22 12:02:07,551:INFO:                umap: Not installed
2025-06-22 12:02:07,551:INFO:     ydata_profiling: Not installed
2025-06-22 12:02:07,551:INFO:  explainerdashboard: Not installed
2025-06-22 12:02:07,551:INFO:             autoviz: Not installed
2025-06-22 12:02:07,551:INFO:           fairlearn: Not installed
2025-06-22 12:02:07,551:INFO:          deepchecks: Not installed
2025-06-22 12:02:07,551:INFO:             xgboost: Not installed
2025-06-22 12:02:07,551:INFO:            catboost: Not installed
2025-06-22 12:02:07,551:INFO:              kmodes: Not installed
2025-06-22 12:02:07,551:INFO:             mlxtend: Not installed
2025-06-22 12:02:07,551:INFO:       statsforecast: Not installed
2025-06-22 12:02:07,551:INFO:        tune_sklearn: Not installed
2025-06-22 12:02:07,551:INFO:                 ray: Not installed
2025-06-22 12:02:07,551:INFO:            hyperopt: Not installed
2025-06-22 12:02:07,551:INFO:              optuna: Not installed
2025-06-22 12:02:07,551:INFO:               skopt: Not installed
2025-06-22 12:02:07,551:INFO:              mlflow: Not installed
2025-06-22 12:02:07,551:INFO:              gradio: Not installed
2025-06-22 12:02:07,551:INFO:             fastapi: 0.115.13
2025-06-22 12:02:07,551:INFO:             uvicorn: 0.34.3
2025-06-22 12:02:07,551:INFO:              m2cgen: Not installed
2025-06-22 12:02:07,551:INFO:           evidently: Not installed
2025-06-22 12:02:07,551:INFO:               fugue: Not installed
2025-06-22 12:02:07,551:INFO:           streamlit: Not installed
2025-06-22 12:02:07,551:INFO:             prophet: Not installed
2025-06-22 12:02:07,551:INFO:None
2025-06-22 12:02:07,551:INFO:Set up data.
2025-06-22 12:02:07,565:INFO:Set up folding strategy.
2025-06-22 12:02:07,582:INFO:Set up train/test split.
2025-06-22 12:02:07,598:INFO:Set up index.
2025-06-22 12:02:07,600:INFO:Assigning column types.
2025-06-22 12:02:07,603:INFO:Engine successfully changes for model 'lr' to 'sklearn'.
2025-06-22 12:02:07,631:INFO:Engine for model 'knn' has not been set explicitly, hence returning None.
2025-06-22 12:02:07,637:INFO:Engine for model 'rbfsvm' has not been set explicitly, hence returning None.
2025-06-22 12:02:07,653:WARNING:
'xgboost' is a soft dependency and not included in the pycaret installation. Please run: `pip install xgboost` to install.
Alternately, you can install this by running `pip install pycaret[models]`
2025-06-22 12:02:07,653:WARNING:
'catboost' is a soft dependency and not included in the pycaret installation. Please run: `pip install catboost` to install.
Alternately, you can install this by running `pip install pycaret[models]`
2025-06-22 12:02:07,686:INFO:Engine for model 'knn' has not been set explicitly, hence returning None.
2025-06-22 12:02:07,686:INFO:Engine for model 'rbfsvm' has not been set explicitly, hence returning None.
2025-06-22 12:02:07,702:WARNING:
'xgboost' is a soft dependency and not included in the pycaret installation. Please run: `pip install xgboost` to install.
Alternately, you can install this by running `pip install pycaret[models]`
2025-06-22 12:02:07,702:WARNING:
'catboost' is a soft dependency and not included in the pycaret installation. Please run: `pip install catboost` to install.
Alternately, you can install this by running `pip install pycaret[models]`
2025-06-22 12:02:07,702:INFO:Engine successfully changes for model 'knn' to 'sklearn'.
2025-06-22 12:02:07,730:INFO:Engine for model 'rbfsvm' has not been set explicitly, hence returning None.
2025-06-22 12:02:07,746:WARNING:
'xgboost' is a soft dependency and not included in the pycaret installation. Please run: `pip install xgboost` to install.
Alternately, you can install this by running `pip install pycaret[models]`
2025-06-22 12:02:07,747:WARNING:
'catboost' is a soft dependency and not included in the pycaret installation. Please run: `pip install catboost` to install.
Alternately, you can install this by running `pip install pycaret[models]`
2025-06-22 12:02:07,773:INFO:Engine for model 'rbfsvm' has not been set explicitly, hence returning None.
2025-06-22 12:02:07,783:WARNING:
'xgboost' is a soft dependency and not included in the pycaret installation. Please run: `pip install xgboost` to install.
Alternately, you can install this by running `pip install pycaret[models]`
2025-06-22 12:02:07,783:WARNING:
'catboost' is a soft dependency and not included in the pycaret installation. Please run: `pip install catboost` to install.
Alternately, you can install this by running `pip install pycaret[models]`
2025-06-22 12:02:07,783:INFO:Engine successfully changes for model 'rbfsvm' to 'sklearn'.
2025-06-22 12:02:07,832:WARNING:
'xgboost' is a soft dependency and not included in the pycaret installation. Please run: `pip install xgboost` to install.
Alternately, you can install this by running `pip install pycaret[models]`
2025-06-22 12:02:07,832:WARNING:
'catboost' is a soft dependency and not included in the pycaret installation. Please run: `pip install catboost` to install.
Alternately, you can install this by running `pip install pycaret[models]`
2025-06-22 12:02:07,873:WARNING:
'xgboost' is a soft dependency and not included in the pycaret installation. Please run: `pip install xgboost` to install.
Alternately, you can install this by running `pip install pycaret[models]`
2025-06-22 12:02:07,873:WARNING:
'catboost' is a soft dependency and not included in the pycaret installation. Please run: `pip install catboost` to install.
Alternately, you can install this by running `pip install pycaret[models]`
2025-06-22 12:02:07,879:INFO:Preparing preprocessing pipeline...
2025-06-22 12:02:07,880:INFO:Set up simple imputation.
2025-06-22 12:02:07,902:INFO:Finished creating preprocessing pipeline.
2025-06-22 12:02:07,906:INFO:Pipeline: Pipeline(memory=FastMemory(location=C:\Users\Lenovo\AppData\Local\Temp\joblib),
         steps=[('numerical_imputer',
                 TransformerWrapper(exclude=None,
                                    include=['Pregnancies', 'Glucose',
                                             'BloodPressure', 'SkinThickness',
                                             'Insulin', 'BMI',
                                             'DiabetesPedigreeFunction',
                                             'Age'],
                                    transformer=SimpleImputer(add_indicator=False,
                                                              copy=True,
                                                              fill_value=None,
                                                              keep_empty_features=False,
                                                              missing_values=nan,
                                                              strategy='mean'))),
                ('categorical_imputer',
                 TransformerWrapper(exclude=None, include=[],
                                    transformer=SimpleImputer(add_indicator=False,
                                                              copy=True,
                                                              fill_value=None,
                                                              keep_empty_features=False,
                                                              missing_values=nan,
                                                              strategy='most_frequent')))],
         verbose=False)
2025-06-22 12:02:07,906:INFO:Creating final display dataframe.
2025-06-22 12:02:07,953:INFO:Setup _display_container:                     Description             Value
0                    Session id               123
1                        Target           Outcome
2                   Target type            Binary
3           Original data shape          (768, 9)
4        Transformed data shape          (768, 9)
5   Transformed train set shape          (537, 9)
6    Transformed test set shape          (231, 9)
7              Numeric features                 8
8                    Preprocess              True
9               Imputation type            simple
10           Numeric imputation              mean
11       Categorical imputation              mode
12               Fold Generator   StratifiedKFold
13                  Fold Number                10
14                     CPU Jobs                -1
15                      Use GPU             False
16               Log Experiment             False
17              Experiment Name  clf-default-name
18                          USI              d7f6
2025-06-22 12:02:08,003:WARNING:
'xgboost' is a soft dependency and not included in the pycaret installation. Please run: `pip install xgboost` to install.
Alternately, you can install this by running `pip install pycaret[models]`
2025-06-22 12:02:08,003:WARNING:
'catboost' is a soft dependency and not included in the pycaret installation. Please run: `pip install catboost` to install.
Alternately, you can install this by running `pip install pycaret[models]`
2025-06-22 12:02:08,040:WARNING:
'xgboost' is a soft dependency and not included in the pycaret installation. Please run: `pip install xgboost` to install.
Alternately, you can install this by running `pip install pycaret[models]`
2025-06-22 12:02:08,040:WARNING:
'catboost' is a soft dependency and not included in the pycaret installation. Please run: `pip install catboost` to install.
Alternately, you can install this by running `pip install pycaret[models]`
2025-06-22 12:02:08,040:INFO:setup() successfully completed in 0.55s...............
2025-06-22 12:02:08,040:INFO:Initializing compare_models()
2025-06-22 12:02:08,040:INFO:compare_models(self=<pycaret.classification.oop.ClassificationExperiment object at 0x0000025BFB87F7C0>, include=None, fold=None, round=4, cross_validation=True, sort=Accuracy, n_select=5, budget_time=None, turbo=True, errors=ignore, fit_kwargs=None, groups=None, experiment_custom_tags=None, probability_threshold=None, verbose=True, parallel=None, caller_params={'self': <pycaret.classification.oop.ClassificationExperiment object at 0x0000025BFB87F7C0>, 'include': None, 'exclude': None, 'fold': None, 'round': 4, 'cross_validation': True, 'sort': 'Accuracy', 'n_select': 5, 'budget_time': None, 'turbo': True, 'errors': 'ignore', 'fit_kwargs': None, 'groups': None, 'experiment_custom_tags': None, 'probability_threshold': None, 'engine': None, 'verbose': True, 'parallel': None, '__class__': <class 'pycaret.classification.oop.ClassificationExperiment'>}, exclude=None)
2025-06-22 12:02:08,040:INFO:Checking exceptions
2025-06-22 12:02:08,040:INFO:Preparing display monitor
2025-06-22 12:02:08,056:INFO:Initializing Logistic Regression
2025-06-22 12:02:08,056:INFO:Total runtime is 0.0 minutes
2025-06-22 12:02:08,056:INFO:SubProcess create_model() called ==================================
2025-06-22 12:02:08,056:INFO:Initializing create_model()
2025-06-22 12:02:08,056:INFO:create_model(self=<pycaret.classification.oop.ClassificationExperiment object at 0x0000025BFB87F7C0>, estimator=lr, fold=StratifiedKFold(n_splits=10, random_state=None, shuffle=False), round=4, cross_validation=True, predict=True, fit_kwargs={}, groups=None, refit=False, probability_threshold=None, experiment_custom_tags=None, verbose=False, system=False, add_to_model_list=True, metrics=None, display=<pycaret.internal.display.display.CommonDisplay object at 0x0000025BFBACFF10>, model_only=True, return_train_score=False, error_score=0.0, kwargs={})
2025-06-22 12:02:08,056:INFO:Checking exceptions
2025-06-22 12:02:08,056:INFO:Importing libraries
2025-06-22 12:02:08,056:INFO:Copying training dataset
2025-06-22 12:02:08,056:INFO:Defining folds
2025-06-22 12:02:08,056:INFO:Declaring metric variables
2025-06-22 12:02:08,056:INFO:Importing untrained model
2025-06-22 12:02:08,056:INFO:Logistic Regression Imported successfully
2025-06-22 12:02:08,056:INFO:Starting cross validation
2025-06-22 12:02:08,056:INFO:Cross validating with StratifiedKFold(n_splits=10, random_state=None, shuffle=False), n_jobs=-1
2025-06-22 12:02:18,074:INFO:Calculating mean and std
2025-06-22 12:02:18,087:INFO:Creating metrics dataframe
2025-06-22 12:02:18,105:INFO:Uploading results into container
2025-06-22 12:02:18,109:INFO:Uploading model into container now
2025-06-22 12:02:18,132:INFO:_master_model_container: 1
2025-06-22 12:02:18,132:INFO:_display_container: 2
2025-06-22 12:02:18,135:INFO:LogisticRegression(C=1.0, class_weight=None, dual=False, fit_intercept=True,
                   intercept_scaling=1, l1_ratio=None, max_iter=1000,
                   multi_class='auto', n_jobs=None, penalty='l2',
                   random_state=123, solver='lbfgs', tol=0.0001, verbose=0,
                   warm_start=False)
2025-06-22 12:02:18,137:INFO:create_model() successfully completed......................................
2025-06-22 12:02:18,789:INFO:SubProcess create_model() end ==================================
2025-06-22 12:02:18,789:INFO:Creating metrics dataframe
2025-06-22 12:02:18,793:INFO:Initializing K Neighbors Classifier
2025-06-22 12:02:18,793:INFO:Total runtime is 0.17894744873046875 minutes
2025-06-22 12:02:18,793:INFO:SubProcess create_model() called ==================================
2025-06-22 12:02:18,793:INFO:Initializing create_model()
2025-06-22 12:02:18,793:INFO:create_model(self=<pycaret.classification.oop.ClassificationExperiment object at 0x0000025BFB87F7C0>, estimator=knn, fold=StratifiedKFold(n_splits=10, random_state=None, shuffle=False), round=4, cross_validation=True, predict=True, fit_kwargs={}, groups=None, refit=False, probability_threshold=None, experiment_custom_tags=None, verbose=False, system=False, add_to_model_list=True, metrics=None, display=<pycaret.internal.display.display.CommonDisplay object at 0x0000025BFBACFF10>, model_only=True, return_train_score=False, error_score=0.0, kwargs={})
2025-06-22 12:02:18,793:INFO:Checking exceptions
2025-06-22 12:02:18,793:INFO:Importing libraries
2025-06-22 12:02:18,793:INFO:Copying training dataset
2025-06-22 12:02:18,795:INFO:Defining folds
2025-06-22 12:02:18,795:INFO:Declaring metric variables
2025-06-22 12:02:18,797:INFO:Importing untrained model
2025-06-22 12:02:18,797:INFO:K Neighbors Classifier Imported successfully
2025-06-22 12:02:18,797:INFO:Starting cross validation
2025-06-22 12:02:18,797:INFO:Cross validating with StratifiedKFold(n_splits=10, random_state=None, shuffle=False), n_jobs=-1
2025-06-22 12:02:21,467:INFO:Calculating mean and std
2025-06-22 12:02:21,467:INFO:Creating metrics dataframe
2025-06-22 12:02:21,467:INFO:Uploading results into container
2025-06-22 12:02:21,467:INFO:Uploading model into container now
2025-06-22 12:02:21,467:INFO:_master_model_container: 2
2025-06-22 12:02:21,467:INFO:_display_container: 2
2025-06-22 12:02:21,467:INFO:KNeighborsClassifier(algorithm='auto', leaf_size=30, metric='minkowski',
                     metric_params=None, n_jobs=-1, n_neighbors=5, p=2,
                     weights='uniform')
2025-06-22 12:02:21,467:INFO:create_model() successfully completed......................................
2025-06-22 12:02:21,542:INFO:SubProcess create_model() end ==================================
2025-06-22 12:02:21,542:INFO:Creating metrics dataframe
2025-06-22 12:02:21,544:INFO:Initializing Naive Bayes
2025-06-22 12:02:21,544:INFO:Total runtime is 0.22480585177739462 minutes
2025-06-22 12:02:21,545:INFO:SubProcess create_model() called ==================================
2025-06-22 12:02:21,545:INFO:Initializing create_model()
2025-06-22 12:02:21,545:INFO:create_model(self=<pycaret.classification.oop.ClassificationExperiment object at 0x0000025BFB87F7C0>, estimator=nb, fold=StratifiedKFold(n_splits=10, random_state=None, shuffle=False), round=4, cross_validation=True, predict=True, fit_kwargs={}, groups=None, refit=False, probability_threshold=None, experiment_custom_tags=None, verbose=False, system=False, add_to_model_list=True, metrics=None, display=<pycaret.internal.display.display.CommonDisplay object at 0x0000025BFBACFF10>, model_only=True, return_train_score=False, error_score=0.0, kwargs={})
2025-06-22 12:02:21,545:INFO:Checking exceptions
2025-06-22 12:02:21,545:INFO:Importing libraries
2025-06-22 12:02:21,545:INFO:Copying training dataset
2025-06-22 12:02:21,547:INFO:Defining folds
2025-06-22 12:02:21,547:INFO:Declaring metric variables
2025-06-22 12:02:21,547:INFO:Importing untrained model
2025-06-22 12:02:21,547:INFO:Naive Bayes Imported successfully
2025-06-22 12:02:21,547:INFO:Starting cross validation
2025-06-22 12:02:21,548:INFO:Cross validating with StratifiedKFold(n_splits=10, random_state=None, shuffle=False), n_jobs=-1
2025-06-22 12:02:21,615:INFO:Calculating mean and std
2025-06-22 12:02:21,615:INFO:Creating metrics dataframe
2025-06-22 12:02:21,615:INFO:Uploading results into container
2025-06-22 12:02:21,615:INFO:Uploading model into container now
2025-06-22 12:02:21,615:INFO:_master_model_container: 3
2025-06-22 12:02:21,615:INFO:_display_container: 2
2025-06-22 12:02:21,615:INFO:GaussianNB(priors=None, var_smoothing=1e-09)
2025-06-22 12:02:21,615:INFO:create_model() successfully completed......................................
2025-06-22 12:02:21,667:INFO:SubProcess create_model() end ==================================
2025-06-22 12:02:21,667:INFO:Creating metrics dataframe
2025-06-22 12:02:21,667:INFO:Initializing Decision Tree Classifier
2025-06-22 12:02:21,667:INFO:Total runtime is 0.22684720754623414 minutes
2025-06-22 12:02:21,667:INFO:SubProcess create_model() called ==================================
2025-06-22 12:02:21,667:INFO:Initializing create_model()
2025-06-22 12:02:21,667:INFO:create_model(self=<pycaret.classification.oop.ClassificationExperiment object at 0x0000025BFB87F7C0>, estimator=dt, fold=StratifiedKFold(n_splits=10, random_state=None, shuffle=False), round=4, cross_validation=True, predict=True, fit_kwargs={}, groups=None, refit=False, probability_threshold=None, experiment_custom_tags=None, verbose=False, system=False, add_to_model_list=True, metrics=None, display=<pycaret.internal.display.display.CommonDisplay object at 0x0000025BFBACFF10>, model_only=True, return_train_score=False, error_score=0.0, kwargs={})
2025-06-22 12:02:21,667:INFO:Checking exceptions
2025-06-22 12:02:21,667:INFO:Importing libraries
2025-06-22 12:02:21,667:INFO:Copying training dataset
2025-06-22 12:02:21,667:INFO:Defining folds
2025-06-22 12:02:21,667:INFO:Declaring metric variables
2025-06-22 12:02:21,667:INFO:Importing untrained model
2025-06-22 12:02:21,667:INFO:Decision Tree Classifier Imported successfully
2025-06-22 12:02:21,667:INFO:Starting cross validation
2025-06-22 12:02:21,667:INFO:Cross validating with StratifiedKFold(n_splits=10, random_state=None, shuffle=False), n_jobs=-1
2025-06-22 12:02:21,733:INFO:Calculating mean and std
2025-06-22 12:02:21,733:INFO:Creating metrics dataframe
2025-06-22 12:02:21,733:INFO:Uploading results into container
2025-06-22 12:02:21,733:INFO:Uploading model into container now
2025-06-22 12:02:21,733:INFO:_master_model_container: 4
2025-06-22 12:02:21,733:INFO:_display_container: 2
2025-06-22 12:02:21,733:INFO:DecisionTreeClassifier(ccp_alpha=0.0, class_weight=None, criterion='gini',
                       max_depth=None, max_features=None, max_leaf_nodes=None,
                       min_impurity_decrease=0.0, min_samples_leaf=1,
                       min_samples_split=2, min_weight_fraction_leaf=0.0,
                       monotonic_cst=None, random_state=123, splitter='best')
2025-06-22 12:02:21,733:INFO:create_model() successfully completed......................................
2025-06-22 12:02:21,792:INFO:SubProcess create_model() end ==================================
2025-06-22 12:02:21,792:INFO:Creating metrics dataframe
2025-06-22 12:02:21,794:INFO:Initializing SVM - Linear Kernel
2025-06-22 12:02:21,794:INFO:Total runtime is 0.2289653539657593 minutes
2025-06-22 12:02:21,794:INFO:SubProcess create_model() called ==================================
2025-06-22 12:02:21,794:INFO:Initializing create_model()
2025-06-22 12:02:21,794:INFO:create_model(self=<pycaret.classification.oop.ClassificationExperiment object at 0x0000025BFB87F7C0>, estimator=svm, fold=StratifiedKFold(n_splits=10, random_state=None, shuffle=False), round=4, cross_validation=True, predict=True, fit_kwargs={}, groups=None, refit=False, probability_threshold=None, experiment_custom_tags=None, verbose=False, system=False, add_to_model_list=True, metrics=None, display=<pycaret.internal.display.display.CommonDisplay object at 0x0000025BFBACFF10>, model_only=True, return_train_score=False, error_score=0.0, kwargs={})
2025-06-22 12:02:21,794:INFO:Checking exceptions
2025-06-22 12:02:21,795:INFO:Importing libraries
2025-06-22 12:02:21,795:INFO:Copying training dataset
2025-06-22 12:02:21,796:INFO:Defining folds
2025-06-22 12:02:21,797:INFO:Declaring metric variables
2025-06-22 12:02:21,797:INFO:Importing untrained model
2025-06-22 12:02:21,797:INFO:SVM - Linear Kernel Imported successfully
2025-06-22 12:02:21,797:INFO:Starting cross validation
2025-06-22 12:02:21,797:INFO:Cross validating with StratifiedKFold(n_splits=10, random_state=None, shuffle=False), n_jobs=-1
2025-06-22 12:02:21,841:WARNING:C:\Users\Lenovo\OneDrive - IRESSEF\Documents\DSWB\Project\Training\Workshop_2025\Github\od\test\no-code-test\py\mlenv\lib\site-packages\sklearn\metrics\_classification.py:1509: UndefinedMetricWarning: Precision is ill-defined and being set to 0.0 due to no predicted samples. Use `zero_division` parameter to control this behavior.
  _warn_prf(average, modifier, f"{metric.capitalize()} is", len(result))

2025-06-22 12:02:21,843:WARNING:C:\Users\Lenovo\OneDrive - IRESSEF\Documents\DSWB\Project\Training\Workshop_2025\Github\od\test\no-code-test\py\mlenv\lib\site-packages\sklearn\metrics\_classification.py:1509: UndefinedMetricWarning: Precision is ill-defined and being set to 0.0 due to no predicted samples. Use `zero_division` parameter to control this behavior.
  _warn_prf(average, modifier, f"{metric.capitalize()} is", len(result))

2025-06-22 12:02:21,865:INFO:Calculating mean and std
2025-06-22 12:02:21,865:INFO:Creating metrics dataframe
2025-06-22 12:02:21,865:INFO:Uploading results into container
2025-06-22 12:02:21,865:INFO:Uploading model into container now
2025-06-22 12:02:21,865:INFO:_master_model_container: 5
2025-06-22 12:02:21,865:INFO:_display_container: 2
2025-06-22 12:02:21,865:INFO:SGDClassifier(alpha=0.0001, average=False, class_weight=None,
              early_stopping=False, epsilon=0.1, eta0=0.001, fit_intercept=True,
              l1_ratio=0.15, learning_rate='optimal', loss='hinge',
              max_iter=1000, n_iter_no_change=5, n_jobs=-1, penalty='l2',
              power_t=0.5, random_state=123, shuffle=True, tol=0.001,
              validation_fraction=0.1, verbose=0, warm_start=False)
2025-06-22 12:02:21,865:INFO:create_model() successfully completed......................................
2025-06-22 12:02:21,928:INFO:SubProcess create_model() end ==================================
2025-06-22 12:02:21,928:INFO:Creating metrics dataframe
2025-06-22 12:02:21,932:INFO:Initializing Ridge Classifier
2025-06-22 12:02:21,932:INFO:Total runtime is 0.23125837246576947 minutes
2025-06-22 12:02:21,932:INFO:SubProcess create_model() called ==================================
2025-06-22 12:02:21,933:INFO:Initializing create_model()
2025-06-22 12:02:21,933:INFO:create_model(self=<pycaret.classification.oop.ClassificationExperiment object at 0x0000025BFB87F7C0>, estimator=ridge, fold=StratifiedKFold(n_splits=10, random_state=None, shuffle=False), round=4, cross_validation=True, predict=True, fit_kwargs={}, groups=None, refit=False, probability_threshold=None, experiment_custom_tags=None, verbose=False, system=False, add_to_model_list=True, metrics=None, display=<pycaret.internal.display.display.CommonDisplay object at 0x0000025BFBACFF10>, model_only=True, return_train_score=False, error_score=0.0, kwargs={})
2025-06-22 12:02:21,933:INFO:Checking exceptions
2025-06-22 12:02:21,933:INFO:Importing libraries
2025-06-22 12:02:21,933:INFO:Copying training dataset
2025-06-22 12:02:21,936:INFO:Defining folds
2025-06-22 12:02:21,936:INFO:Declaring metric variables
2025-06-22 12:02:21,936:INFO:Importing untrained model
2025-06-22 12:02:21,937:INFO:Ridge Classifier Imported successfully
2025-06-22 12:02:21,937:INFO:Starting cross validation
2025-06-22 12:02:21,937:INFO:Cross validating with StratifiedKFold(n_splits=10, random_state=None, shuffle=False), n_jobs=-1
2025-06-22 12:02:22,016:INFO:Calculating mean and std
2025-06-22 12:02:22,016:INFO:Creating metrics dataframe
2025-06-22 12:02:22,019:INFO:Uploading results into container
2025-06-22 12:02:22,019:INFO:Uploading model into container now
2025-06-22 12:02:22,019:INFO:_master_model_container: 6
2025-06-22 12:02:22,019:INFO:_display_container: 2
2025-06-22 12:02:22,020:INFO:RidgeClassifier(alpha=1.0, class_weight=None, copy_X=True, fit_intercept=True,
                max_iter=None, positive=False, random_state=123, solver='auto',
                tol=0.0001)
2025-06-22 12:02:22,020:INFO:create_model() successfully completed......................................
2025-06-22 12:02:22,088:INFO:SubProcess create_model() end ==================================
2025-06-22 12:02:22,088:INFO:Creating metrics dataframe
2025-06-22 12:02:22,090:INFO:Initializing Random Forest Classifier
2025-06-22 12:02:22,090:INFO:Total runtime is 0.2338979442914327 minutes
2025-06-22 12:02:22,090:INFO:SubProcess create_model() called ==================================
2025-06-22 12:02:22,091:INFO:Initializing create_model()
2025-06-22 12:02:22,091:INFO:create_model(self=<pycaret.classification.oop.ClassificationExperiment object at 0x0000025BFB87F7C0>, estimator=rf, fold=StratifiedKFold(n_splits=10, random_state=None, shuffle=False), round=4, cross_validation=True, predict=True, fit_kwargs={}, groups=None, refit=False, probability_threshold=None, experiment_custom_tags=None, verbose=False, system=False, add_to_model_list=True, metrics=None, display=<pycaret.internal.display.display.CommonDisplay object at 0x0000025BFBACFF10>, model_only=True, return_train_score=False, error_score=0.0, kwargs={})
2025-06-22 12:02:22,091:INFO:Checking exceptions
2025-06-22 12:02:22,091:INFO:Importing libraries
2025-06-22 12:02:22,091:INFO:Copying training dataset
2025-06-22 12:02:22,094:INFO:Defining folds
2025-06-22 12:02:22,094:INFO:Declaring metric variables
2025-06-22 12:02:22,094:INFO:Importing untrained model
2025-06-22 12:02:22,094:INFO:Random Forest Classifier Imported successfully
2025-06-22 12:02:22,094:INFO:Starting cross validation
2025-06-22 12:02:22,095:INFO:Cross validating with StratifiedKFold(n_splits=10, random_state=None, shuffle=False), n_jobs=-1
2025-06-22 12:02:22,595:INFO:Calculating mean and std
2025-06-22 12:02:22,595:INFO:Creating metrics dataframe
2025-06-22 12:02:22,595:INFO:Uploading results into container
2025-06-22 12:02:22,595:INFO:Uploading model into container now
2025-06-22 12:02:22,595:INFO:_master_model_container: 7
2025-06-22 12:02:22,595:INFO:_display_container: 2
2025-06-22 12:02:22,595:INFO:RandomForestClassifier(bootstrap=True, ccp_alpha=0.0, class_weight=None,
                       criterion='gini', max_depth=None, max_features='sqrt',
                       max_leaf_nodes=None, max_samples=None,
                       min_impurity_decrease=0.0, min_samples_leaf=1,
                       min_samples_split=2, min_weight_fraction_leaf=0.0,
                       monotonic_cst=None, n_estimators=100, n_jobs=-1,
                       oob_score=False, random_state=123, verbose=0,
                       warm_start=False)
2025-06-22 12:02:22,595:INFO:create_model() successfully completed......................................
2025-06-22 12:02:22,658:INFO:SubProcess create_model() end ==================================
2025-06-22 12:02:22,658:INFO:Creating metrics dataframe
2025-06-22 12:02:22,660:INFO:Initializing Quadratic Discriminant Analysis
2025-06-22 12:02:22,660:INFO:Total runtime is 0.2433964490890503 minutes
2025-06-22 12:02:22,660:INFO:SubProcess create_model() called ==================================
2025-06-22 12:02:22,660:INFO:Initializing create_model()
2025-06-22 12:02:22,660:INFO:create_model(self=<pycaret.classification.oop.ClassificationExperiment object at 0x0000025BFB87F7C0>, estimator=qda, fold=StratifiedKFold(n_splits=10, random_state=None, shuffle=False), round=4, cross_validation=True, predict=True, fit_kwargs={}, groups=None, refit=False, probability_threshold=None, experiment_custom_tags=None, verbose=False, system=False, add_to_model_list=True, metrics=None, display=<pycaret.internal.display.display.CommonDisplay object at 0x0000025BFBACFF10>, model_only=True, return_train_score=False, error_score=0.0, kwargs={})
2025-06-22 12:02:22,660:INFO:Checking exceptions
2025-06-22 12:02:22,660:INFO:Importing libraries
2025-06-22 12:02:22,660:INFO:Copying training dataset
2025-06-22 12:02:22,662:INFO:Defining folds
2025-06-22 12:02:22,662:INFO:Declaring metric variables
2025-06-22 12:02:22,662:INFO:Importing untrained model
2025-06-22 12:02:22,662:INFO:Quadratic Discriminant Analysis Imported successfully
2025-06-22 12:02:22,662:INFO:Starting cross validation
2025-06-22 12:02:22,663:INFO:Cross validating with StratifiedKFold(n_splits=10, random_state=None, shuffle=False), n_jobs=-1
2025-06-22 12:02:22,729:INFO:Calculating mean and std
2025-06-22 12:02:22,730:INFO:Creating metrics dataframe
2025-06-22 12:02:22,731:INFO:Uploading results into container
2025-06-22 12:02:22,731:INFO:Uploading model into container now
2025-06-22 12:02:22,732:INFO:_master_model_container: 8
2025-06-22 12:02:22,732:INFO:_display_container: 2
2025-06-22 12:02:22,732:INFO:QuadraticDiscriminantAnalysis(priors=None, reg_param=0.0,
                              store_covariance=False, tol=0.0001)
2025-06-22 12:02:22,732:INFO:create_model() successfully completed......................................
2025-06-22 12:02:22,790:INFO:SubProcess create_model() end ==================================
2025-06-22 12:02:22,790:INFO:Creating metrics dataframe
2025-06-22 12:02:22,792:INFO:Initializing Ada Boost Classifier
2025-06-22 12:02:22,792:INFO:Total runtime is 0.24559448162714642 minutes
2025-06-22 12:02:22,792:INFO:SubProcess create_model() called ==================================
2025-06-22 12:02:22,792:INFO:Initializing create_model()
2025-06-22 12:02:22,793:INFO:create_model(self=<pycaret.classification.oop.ClassificationExperiment object at 0x0000025BFB87F7C0>, estimator=ada, fold=StratifiedKFold(n_splits=10, random_state=None, shuffle=False), round=4, cross_validation=True, predict=True, fit_kwargs={}, groups=None, refit=False, probability_threshold=None, experiment_custom_tags=None, verbose=False, system=False, add_to_model_list=True, metrics=None, display=<pycaret.internal.display.display.CommonDisplay object at 0x0000025BFBACFF10>, model_only=True, return_train_score=False, error_score=0.0, kwargs={})
2025-06-22 12:02:22,793:INFO:Checking exceptions
2025-06-22 12:02:22,793:INFO:Importing libraries
2025-06-22 12:02:22,793:INFO:Copying training dataset
2025-06-22 12:02:22,794:INFO:Defining folds
2025-06-22 12:02:22,794:INFO:Declaring metric variables
2025-06-22 12:02:22,795:INFO:Importing untrained model
2025-06-22 12:02:22,795:INFO:Ada Boost Classifier Imported successfully
2025-06-22 12:02:22,795:INFO:Starting cross validation
2025-06-22 12:02:22,795:INFO:Cross validating with StratifiedKFold(n_splits=10, random_state=None, shuffle=False), n_jobs=-1
2025-06-22 12:02:22,810:WARNING:C:\Users\Lenovo\OneDrive - IRESSEF\Documents\DSWB\Project\Training\Workshop_2025\Github\od\test\no-code-test\py\mlenv\lib\site-packages\sklearn\ensemble\_weight_boosting.py:519: FutureWarning: The SAMME.R algorithm (the default) is deprecated and will be removed in 1.6. Use the SAMME algorithm to circumvent this warning.
  warnings.warn(

2025-06-22 12:02:22,815:WARNING:C:\Users\Lenovo\OneDrive - IRESSEF\Documents\DSWB\Project\Training\Workshop_2025\Github\od\test\no-code-test\py\mlenv\lib\site-packages\sklearn\ensemble\_weight_boosting.py:519: FutureWarning: The SAMME.R algorithm (the default) is deprecated and will be removed in 1.6. Use the SAMME algorithm to circumvent this warning.
  warnings.warn(

2025-06-22 12:02:22,815:WARNING:C:\Users\Lenovo\OneDrive - IRESSEF\Documents\DSWB\Project\Training\Workshop_2025\Github\od\test\no-code-test\py\mlenv\lib\site-packages\sklearn\ensemble\_weight_boosting.py:519: FutureWarning: The SAMME.R algorithm (the default) is deprecated and will be removed in 1.6. Use the SAMME algorithm to circumvent this warning.
  warnings.warn(

2025-06-22 12:02:22,817:WARNING:C:\Users\Lenovo\OneDrive - IRESSEF\Documents\DSWB\Project\Training\Workshop_2025\Github\od\test\no-code-test\py\mlenv\lib\site-packages\sklearn\ensemble\_weight_boosting.py:519: FutureWarning: The SAMME.R algorithm (the default) is deprecated and will be removed in 1.6. Use the SAMME algorithm to circumvent this warning.
  warnings.warn(

2025-06-22 12:02:22,819:WARNING:C:\Users\Lenovo\OneDrive - IRESSEF\Documents\DSWB\Project\Training\Workshop_2025\Github\od\test\no-code-test\py\mlenv\lib\site-packages\sklearn\ensemble\_weight_boosting.py:519: FutureWarning: The SAMME.R algorithm (the default) is deprecated and will be removed in 1.6. Use the SAMME algorithm to circumvent this warning.
  warnings.warn(

2025-06-22 12:02:22,821:WARNING:C:\Users\Lenovo\OneDrive - IRESSEF\Documents\DSWB\Project\Training\Workshop_2025\Github\od\test\no-code-test\py\mlenv\lib\site-packages\sklearn\ensemble\_weight_boosting.py:519: FutureWarning: The SAMME.R algorithm (the default) is deprecated and will be removed in 1.6. Use the SAMME algorithm to circumvent this warning.
  warnings.warn(

2025-06-22 12:02:22,823:WARNING:C:\Users\Lenovo\OneDrive - IRESSEF\Documents\DSWB\Project\Training\Workshop_2025\Github\od\test\no-code-test\py\mlenv\lib\site-packages\sklearn\ensemble\_weight_boosting.py:519: FutureWarning: The SAMME.R algorithm (the default) is deprecated and will be removed in 1.6. Use the SAMME algorithm to circumvent this warning.
  warnings.warn(

2025-06-22 12:02:22,823:WARNING:C:\Users\Lenovo\OneDrive - IRESSEF\Documents\DSWB\Project\Training\Workshop_2025\Github\od\test\no-code-test\py\mlenv\lib\site-packages\sklearn\ensemble\_weight_boosting.py:519: FutureWarning: The SAMME.R algorithm (the default) is deprecated and will be removed in 1.6. Use the SAMME algorithm to circumvent this warning.
  warnings.warn(

2025-06-22 12:02:22,825:WARNING:C:\Users\Lenovo\OneDrive - IRESSEF\Documents\DSWB\Project\Training\Workshop_2025\Github\od\test\no-code-test\py\mlenv\lib\site-packages\sklearn\ensemble\_weight_boosting.py:519: FutureWarning: The SAMME.R algorithm (the default) is deprecated and will be removed in 1.6. Use the SAMME algorithm to circumvent this warning.
  warnings.warn(

2025-06-22 12:02:22,825:WARNING:C:\Users\Lenovo\OneDrive - IRESSEF\Documents\DSWB\Project\Training\Workshop_2025\Github\od\test\no-code-test\py\mlenv\lib\site-packages\sklearn\ensemble\_weight_boosting.py:519: FutureWarning: The SAMME.R algorithm (the default) is deprecated and will be removed in 1.6. Use the SAMME algorithm to circumvent this warning.
  warnings.warn(

2025-06-22 12:02:23,024:INFO:Calculating mean and std
2025-06-22 12:02:23,025:INFO:Creating metrics dataframe
2025-06-22 12:02:23,026:INFO:Uploading results into container
2025-06-22 12:02:23,026:INFO:Uploading model into container now
2025-06-22 12:02:23,027:INFO:_master_model_container: 9
2025-06-22 12:02:23,027:INFO:_display_container: 2
2025-06-22 12:02:23,027:INFO:AdaBoostClassifier(algorithm='SAMME.R', estimator=None, learning_rate=1.0,
                   n_estimators=50, random_state=123)
2025-06-22 12:02:23,027:INFO:create_model() successfully completed......................................
2025-06-22 12:02:23,089:INFO:SubProcess create_model() end ==================================
2025-06-22 12:02:23,089:INFO:Creating metrics dataframe
2025-06-22 12:02:23,091:INFO:Initializing Gradient Boosting Classifier
2025-06-22 12:02:23,091:INFO:Total runtime is 0.250580636660258 minutes
2025-06-22 12:02:23,091:INFO:SubProcess create_model() called ==================================
2025-06-22 12:02:23,091:INFO:Initializing create_model()
2025-06-22 12:02:23,091:INFO:create_model(self=<pycaret.classification.oop.ClassificationExperiment object at 0x0000025BFB87F7C0>, estimator=gbc, fold=StratifiedKFold(n_splits=10, random_state=None, shuffle=False), round=4, cross_validation=True, predict=True, fit_kwargs={}, groups=None, refit=False, probability_threshold=None, experiment_custom_tags=None, verbose=False, system=False, add_to_model_list=True, metrics=None, display=<pycaret.internal.display.display.CommonDisplay object at 0x0000025BFBACFF10>, model_only=True, return_train_score=False, error_score=0.0, kwargs={})
2025-06-22 12:02:23,091:INFO:Checking exceptions
2025-06-22 12:02:23,091:INFO:Importing libraries
2025-06-22 12:02:23,091:INFO:Copying training dataset
2025-06-22 12:02:23,093:INFO:Defining folds
2025-06-22 12:02:23,093:INFO:Declaring metric variables
2025-06-22 12:02:23,093:INFO:Importing untrained model
2025-06-22 12:02:23,093:INFO:Gradient Boosting Classifier Imported successfully
2025-06-22 12:02:23,093:INFO:Starting cross validation
2025-06-22 12:02:23,094:INFO:Cross validating with StratifiedKFold(n_splits=10, random_state=None, shuffle=False), n_jobs=-1
2025-06-22 12:02:23,376:INFO:Calculating mean and std
2025-06-22 12:02:23,376:INFO:Creating metrics dataframe
2025-06-22 12:02:23,376:INFO:Uploading results into container
2025-06-22 12:02:23,376:INFO:Uploading model into container now
2025-06-22 12:02:23,376:INFO:_master_model_container: 10
2025-06-22 12:02:23,376:INFO:_display_container: 2
2025-06-22 12:02:23,376:INFO:GradientBoostingClassifier(ccp_alpha=0.0, criterion='friedman_mse', init=None,
                           learning_rate=0.1, loss='log_loss', max_depth=3,
                           max_features=None, max_leaf_nodes=None,
                           min_impurity_decrease=0.0, min_samples_leaf=1,
                           min_samples_split=2, min_weight_fraction_leaf=0.0,
                           n_estimators=100, n_iter_no_change=None,
                           random_state=123, subsample=1.0, tol=0.0001,
                           validation_fraction=0.1, verbose=0,
                           warm_start=False)
2025-06-22 12:02:23,376:INFO:create_model() successfully completed......................................
2025-06-22 12:02:23,449:INFO:SubProcess create_model() end ==================================
2025-06-22 12:02:23,449:INFO:Creating metrics dataframe
2025-06-22 12:02:23,450:INFO:Initializing Linear Discriminant Analysis
2025-06-22 12:02:23,450:INFO:Total runtime is 0.25656695365905763 minutes
2025-06-22 12:02:23,450:INFO:SubProcess create_model() called ==================================
2025-06-22 12:02:23,450:INFO:Initializing create_model()
2025-06-22 12:02:23,450:INFO:create_model(self=<pycaret.classification.oop.ClassificationExperiment object at 0x0000025BFB87F7C0>, estimator=lda, fold=StratifiedKFold(n_splits=10, random_state=None, shuffle=False), round=4, cross_validation=True, predict=True, fit_kwargs={}, groups=None, refit=False, probability_threshold=None, experiment_custom_tags=None, verbose=False, system=False, add_to_model_list=True, metrics=None, display=<pycaret.internal.display.display.CommonDisplay object at 0x0000025BFBACFF10>, model_only=True, return_train_score=False, error_score=0.0, kwargs={})
2025-06-22 12:02:23,450:INFO:Checking exceptions
2025-06-22 12:02:23,450:INFO:Importing libraries
2025-06-22 12:02:23,450:INFO:Copying training dataset
2025-06-22 12:02:23,450:INFO:Defining folds
2025-06-22 12:02:23,450:INFO:Declaring metric variables
2025-06-22 12:02:23,450:INFO:Importing untrained model
2025-06-22 12:02:23,450:INFO:Linear Discriminant Analysis Imported successfully
2025-06-22 12:02:23,450:INFO:Starting cross validation
2025-06-22 12:02:23,450:INFO:Cross validating with StratifiedKFold(n_splits=10, random_state=None, shuffle=False), n_jobs=-1
2025-06-22 12:02:23,529:INFO:Calculating mean and std
2025-06-22 12:02:23,529:INFO:Creating metrics dataframe
2025-06-22 12:02:23,531:INFO:Uploading results into container
2025-06-22 12:02:23,532:INFO:Uploading model into container now
2025-06-22 12:02:23,532:INFO:_master_model_container: 11
2025-06-22 12:02:23,532:INFO:_display_container: 2
2025-06-22 12:02:23,532:INFO:LinearDiscriminantAnalysis(covariance_estimator=None, n_components=None,
                           priors=None, shrinkage=None, solver='svd',
                           store_covariance=False, tol=0.0001)
2025-06-22 12:02:23,532:INFO:create_model() successfully completed......................................
2025-06-22 12:02:23,596:INFO:SubProcess create_model() end ==================================
2025-06-22 12:02:23,596:INFO:Creating metrics dataframe
2025-06-22 12:02:23,597:INFO:Initializing Extra Trees Classifier
2025-06-22 12:02:23,598:INFO:Total runtime is 0.25902528365453087 minutes
2025-06-22 12:02:23,598:INFO:SubProcess create_model() called ==================================
2025-06-22 12:02:23,598:INFO:Initializing create_model()
2025-06-22 12:02:23,598:INFO:create_model(self=<pycaret.classification.oop.ClassificationExperiment object at 0x0000025BFB87F7C0>, estimator=et, fold=StratifiedKFold(n_splits=10, random_state=None, shuffle=False), round=4, cross_validation=True, predict=True, fit_kwargs={}, groups=None, refit=False, probability_threshold=None, experiment_custom_tags=None, verbose=False, system=False, add_to_model_list=True, metrics=None, display=<pycaret.internal.display.display.CommonDisplay object at 0x0000025BFBACFF10>, model_only=True, return_train_score=False, error_score=0.0, kwargs={})
2025-06-22 12:02:23,598:INFO:Checking exceptions
2025-06-22 12:02:23,598:INFO:Importing libraries
2025-06-22 12:02:23,598:INFO:Copying training dataset
2025-06-22 12:02:23,600:INFO:Defining folds
2025-06-22 12:02:23,600:INFO:Declaring metric variables
2025-06-22 12:02:23,601:INFO:Importing untrained model
2025-06-22 12:02:23,601:INFO:Extra Trees Classifier Imported successfully
2025-06-22 12:02:23,601:INFO:Starting cross validation
2025-06-22 12:02:23,601:INFO:Cross validating with StratifiedKFold(n_splits=10, random_state=None, shuffle=False), n_jobs=-1
2025-06-22 12:02:24,035:INFO:Calculating mean and std
2025-06-22 12:02:24,036:INFO:Creating metrics dataframe
2025-06-22 12:02:24,039:INFO:Uploading results into container
2025-06-22 12:02:24,040:INFO:Uploading model into container now
2025-06-22 12:02:24,040:INFO:_master_model_container: 12
2025-06-22 12:02:24,040:INFO:_display_container: 2
2025-06-22 12:02:24,041:INFO:ExtraTreesClassifier(bootstrap=False, ccp_alpha=0.0, class_weight=None,
                     criterion='gini', max_depth=None, max_features='sqrt',
                     max_leaf_nodes=None, max_samples=None,
                     min_impurity_decrease=0.0, min_samples_leaf=1,
                     min_samples_split=2, min_weight_fraction_leaf=0.0,
                     monotonic_cst=None, n_estimators=100, n_jobs=-1,
                     oob_score=False, random_state=123, verbose=0,
                     warm_start=False)
2025-06-22 12:02:24,041:INFO:create_model() successfully completed......................................
2025-06-22 12:02:24,131:INFO:SubProcess create_model() end ==================================
2025-06-22 12:02:24,131:INFO:Creating metrics dataframe
2025-06-22 12:02:24,149:INFO:Initializing Light Gradient Boosting Machine
2025-06-22 12:02:24,149:INFO:Total runtime is 0.2682098388671875 minutes
2025-06-22 12:02:24,149:INFO:SubProcess create_model() called ==================================
2025-06-22 12:02:24,149:INFO:Initializing create_model()
2025-06-22 12:02:24,149:INFO:create_model(self=<pycaret.classification.oop.ClassificationExperiment object at 0x0000025BFB87F7C0>, estimator=lightgbm, fold=StratifiedKFold(n_splits=10, random_state=None, shuffle=False), round=4, cross_validation=True, predict=True, fit_kwargs={}, groups=None, refit=False, probability_threshold=None, experiment_custom_tags=None, verbose=False, system=False, add_to_model_list=True, metrics=None, display=<pycaret.internal.display.display.CommonDisplay object at 0x0000025BFBACFF10>, model_only=True, return_train_score=False, error_score=0.0, kwargs={})
2025-06-22 12:02:24,149:INFO:Checking exceptions
2025-06-22 12:02:24,149:INFO:Importing libraries
2025-06-22 12:02:24,149:INFO:Copying training dataset
2025-06-22 12:02:24,149:INFO:Defining folds
2025-06-22 12:02:24,149:INFO:Declaring metric variables
2025-06-22 12:02:24,149:INFO:Importing untrained model
2025-06-22 12:02:24,149:INFO:Light Gradient Boosting Machine Imported successfully
2025-06-22 12:02:24,149:INFO:Starting cross validation
2025-06-22 12:02:24,149:INFO:Cross validating with StratifiedKFold(n_splits=10, random_state=None, shuffle=False), n_jobs=-1
2025-06-22 12:02:25,314:INFO:Calculating mean and std
2025-06-22 12:02:25,315:INFO:Creating metrics dataframe
2025-06-22 12:02:25,317:INFO:Uploading results into container
2025-06-22 12:02:25,317:INFO:Uploading model into container now
2025-06-22 12:02:25,319:INFO:_master_model_container: 13
2025-06-22 12:02:25,319:INFO:_display_container: 2
2025-06-22 12:02:25,319:INFO:LGBMClassifier(boosting_type='gbdt', class_weight=None, colsample_bytree=1.0,
               importance_type='split', learning_rate=0.1, max_depth=-1,
               min_child_samples=20, min_child_weight=0.001, min_split_gain=0.0,
               n_estimators=100, n_jobs=-1, num_leaves=31, objective=None,
               random_state=123, reg_alpha=0.0, reg_lambda=0.0, subsample=1.0,
               subsample_for_bin=200000, subsample_freq=0)
2025-06-22 12:02:25,319:INFO:create_model() successfully completed......................................
2025-06-22 12:02:25,391:INFO:SubProcess create_model() end ==================================
2025-06-22 12:02:25,391:INFO:Creating metrics dataframe
2025-06-22 12:02:25,393:INFO:Initializing Dummy Classifier
2025-06-22 12:02:25,393:INFO:Total runtime is 0.288947327931722 minutes
2025-06-22 12:02:25,393:INFO:SubProcess create_model() called ==================================
2025-06-22 12:02:25,393:INFO:Initializing create_model()
2025-06-22 12:02:25,393:INFO:create_model(self=<pycaret.classification.oop.ClassificationExperiment object at 0x0000025BFB87F7C0>, estimator=dummy, fold=StratifiedKFold(n_splits=10, random_state=None, shuffle=False), round=4, cross_validation=True, predict=True, fit_kwargs={}, groups=None, refit=False, probability_threshold=None, experiment_custom_tags=None, verbose=False, system=False, add_to_model_list=True, metrics=None, display=<pycaret.internal.display.display.CommonDisplay object at 0x0000025BFBACFF10>, model_only=True, return_train_score=False, error_score=0.0, kwargs={})
2025-06-22 12:02:25,393:INFO:Checking exceptions
2025-06-22 12:02:25,393:INFO:Importing libraries
2025-06-22 12:02:25,393:INFO:Copying training dataset
2025-06-22 12:02:25,395:INFO:Defining folds
2025-06-22 12:02:25,395:INFO:Declaring metric variables
2025-06-22 12:02:25,395:INFO:Importing untrained model
2025-06-22 12:02:25,395:INFO:Dummy Classifier Imported successfully
2025-06-22 12:02:25,395:INFO:Starting cross validation
2025-06-22 12:02:25,395:INFO:Cross validating with StratifiedKFold(n_splits=10, random_state=None, shuffle=False), n_jobs=-1
2025-06-22 12:02:25,428:WARNING:C:\Users\Lenovo\OneDrive - IRESSEF\Documents\DSWB\Project\Training\Workshop_2025\Github\od\test\no-code-test\py\mlenv\lib\site-packages\sklearn\metrics\_classification.py:1509: UndefinedMetricWarning: Precision is ill-defined and being set to 0.0 due to no predicted samples. Use `zero_division` parameter to control this behavior.
  _warn_prf(average, modifier, f"{metric.capitalize()} is", len(result))

2025-06-22 12:02:25,429:WARNING:C:\Users\Lenovo\OneDrive - IRESSEF\Documents\DSWB\Project\Training\Workshop_2025\Github\od\test\no-code-test\py\mlenv\lib\site-packages\sklearn\metrics\_classification.py:1509: UndefinedMetricWarning: Precision is ill-defined and being set to 0.0 due to no predicted samples. Use `zero_division` parameter to control this behavior.
  _warn_prf(average, modifier, f"{metric.capitalize()} is", len(result))

2025-06-22 12:02:25,430:WARNING:C:\Users\Lenovo\OneDrive - IRESSEF\Documents\DSWB\Project\Training\Workshop_2025\Github\od\test\no-code-test\py\mlenv\lib\site-packages\sklearn\metrics\_classification.py:1509: UndefinedMetricWarning: Precision is ill-defined and being set to 0.0 due to no predicted samples. Use `zero_division` parameter to control this behavior.
  _warn_prf(average, modifier, f"{metric.capitalize()} is", len(result))

2025-06-22 12:02:25,432:WARNING:C:\Users\Lenovo\OneDrive - IRESSEF\Documents\DSWB\Project\Training\Workshop_2025\Github\od\test\no-code-test\py\mlenv\lib\site-packages\sklearn\metrics\_classification.py:1509: UndefinedMetricWarning: Precision is ill-defined and being set to 0.0 due to no predicted samples. Use `zero_division` parameter to control this behavior.
  _warn_prf(average, modifier, f"{metric.capitalize()} is", len(result))

2025-06-22 12:02:25,435:WARNING:C:\Users\Lenovo\OneDrive - IRESSEF\Documents\DSWB\Project\Training\Workshop_2025\Github\od\test\no-code-test\py\mlenv\lib\site-packages\sklearn\metrics\_classification.py:1509: UndefinedMetricWarning: Precision is ill-defined and being set to 0.0 due to no predicted samples. Use `zero_division` parameter to control this behavior.
  _warn_prf(average, modifier, f"{metric.capitalize()} is", len(result))

2025-06-22 12:02:25,435:WARNING:C:\Users\Lenovo\OneDrive - IRESSEF\Documents\DSWB\Project\Training\Workshop_2025\Github\od\test\no-code-test\py\mlenv\lib\site-packages\sklearn\metrics\_classification.py:1509: UndefinedMetricWarning: Precision is ill-defined and being set to 0.0 due to no predicted samples. Use `zero_division` parameter to control this behavior.
  _warn_prf(average, modifier, f"{metric.capitalize()} is", len(result))

2025-06-22 12:02:25,437:WARNING:C:\Users\Lenovo\OneDrive - IRESSEF\Documents\DSWB\Project\Training\Workshop_2025\Github\od\test\no-code-test\py\mlenv\lib\site-packages\sklearn\metrics\_classification.py:1509: UndefinedMetricWarning: Precision is ill-defined and being set to 0.0 due to no predicted samples. Use `zero_division` parameter to control this behavior.
  _warn_prf(average, modifier, f"{metric.capitalize()} is", len(result))

2025-06-22 12:02:25,439:WARNING:C:\Users\Lenovo\OneDrive - IRESSEF\Documents\DSWB\Project\Training\Workshop_2025\Github\od\test\no-code-test\py\mlenv\lib\site-packages\sklearn\metrics\_classification.py:1509: UndefinedMetricWarning: Precision is ill-defined and being set to 0.0 due to no predicted samples. Use `zero_division` parameter to control this behavior.
  _warn_prf(average, modifier, f"{metric.capitalize()} is", len(result))

2025-06-22 12:02:25,450:WARNING:C:\Users\Lenovo\OneDrive - IRESSEF\Documents\DSWB\Project\Training\Workshop_2025\Github\od\test\no-code-test\py\mlenv\lib\site-packages\sklearn\metrics\_classification.py:1509: UndefinedMetricWarning: Precision is ill-defined and being set to 0.0 due to no predicted samples. Use `zero_division` parameter to control this behavior.
  _warn_prf(average, modifier, f"{metric.capitalize()} is", len(result))

2025-06-22 12:02:25,464:INFO:Calculating mean and std
2025-06-22 12:02:25,465:INFO:Creating metrics dataframe
2025-06-22 12:02:25,466:INFO:Uploading results into container
2025-06-22 12:02:25,466:INFO:Uploading model into container now
2025-06-22 12:02:25,466:INFO:_master_model_container: 14
2025-06-22 12:02:25,466:INFO:_display_container: 2
2025-06-22 12:02:25,466:INFO:DummyClassifier(constant=None, random_state=123, strategy='prior')
2025-06-22 12:02:25,466:INFO:create_model() successfully completed......................................
2025-06-22 12:02:25,515:INFO:SubProcess create_model() end ==================================
2025-06-22 12:02:25,515:INFO:Creating metrics dataframe
2025-06-22 12:02:25,515:WARNING:C:\Users\Lenovo\OneDrive - IRESSEF\Documents\DSWB\Project\Training\Workshop_2025\Github\od\test\no-code-test\py\mlenv\lib\site-packages\pycaret\internal\pycaret_experiment\supervised_experiment.py:323: FutureWarning: Styler.applymap has been deprecated. Use Styler.map instead.
  master_display_.apply(

2025-06-22 12:02:25,515:INFO:Initializing create_model()
2025-06-22 12:02:25,515:INFO:create_model(self=<pycaret.classification.oop.ClassificationExperiment object at 0x0000025BFB87F7C0>, estimator=LogisticRegression(C=1.0, class_weight=None, dual=False, fit_intercept=True,
                   intercept_scaling=1, l1_ratio=None, max_iter=1000,
                   multi_class='auto', n_jobs=None, penalty='l2',
                   random_state=123, solver='lbfgs', tol=0.0001, verbose=0,
                   warm_start=False), fold=StratifiedKFold(n_splits=10, random_state=None, shuffle=False), round=4, cross_validation=False, predict=False, fit_kwargs={}, groups=None, refit=True, probability_threshold=None, experiment_custom_tags=None, verbose=False, system=False, add_to_model_list=True, metrics=None, display=None, model_only=True, return_train_score=False, error_score=0.0, kwargs={})
2025-06-22 12:02:25,515:INFO:Checking exceptions
2025-06-22 12:02:25,515:INFO:Importing libraries
2025-06-22 12:02:25,515:INFO:Copying training dataset
2025-06-22 12:02:25,515:INFO:Defining folds
2025-06-22 12:02:25,515:INFO:Declaring metric variables
2025-06-22 12:02:25,515:INFO:Importing untrained model
2025-06-22 12:02:25,515:INFO:Declaring custom model
2025-06-22 12:02:25,531:INFO:Logistic Regression Imported successfully
2025-06-22 12:02:25,531:INFO:Cross validation set to False
2025-06-22 12:02:25,531:INFO:Fitting Model
2025-06-22 12:02:25,546:INFO:LogisticRegression(C=1.0, class_weight=None, dual=False, fit_intercept=True,
                   intercept_scaling=1, l1_ratio=None, max_iter=1000,
                   multi_class='auto', n_jobs=None, penalty='l2',
                   random_state=123, solver='lbfgs', tol=0.0001, verbose=0,
                   warm_start=False)
2025-06-22 12:02:25,546:INFO:create_model() successfully completed......................................
2025-06-22 12:02:25,603:INFO:Initializing create_model()
2025-06-22 12:02:25,603:INFO:create_model(self=<pycaret.classification.oop.ClassificationExperiment object at 0x0000025BFB87F7C0>, estimator=RidgeClassifier(alpha=1.0, class_weight=None, copy_X=True, fit_intercept=True,
                max_iter=None, positive=False, random_state=123, solver='auto',
                tol=0.0001), fold=StratifiedKFold(n_splits=10, random_state=None, shuffle=False), round=4, cross_validation=False, predict=False, fit_kwargs={}, groups=None, refit=True, probability_threshold=None, experiment_custom_tags=None, verbose=False, system=False, add_to_model_list=True, metrics=None, display=None, model_only=True, return_train_score=False, error_score=0.0, kwargs={})
2025-06-22 12:02:25,603:INFO:Checking exceptions
2025-06-22 12:02:25,603:INFO:Importing libraries
2025-06-22 12:02:25,603:INFO:Copying training dataset
2025-06-22 12:02:25,603:INFO:Defining folds
2025-06-22 12:02:25,603:INFO:Declaring metric variables
2025-06-22 12:02:25,603:INFO:Importing untrained model
2025-06-22 12:02:25,603:INFO:Declaring custom model
2025-06-22 12:02:25,603:INFO:Ridge Classifier Imported successfully
2025-06-22 12:02:25,603:INFO:Cross validation set to False
2025-06-22 12:02:25,603:INFO:Fitting Model
2025-06-22 12:02:25,618:INFO:RidgeClassifier(alpha=1.0, class_weight=None, copy_X=True, fit_intercept=True,
                max_iter=None, positive=False, random_state=123, solver='auto',
                tol=0.0001)
2025-06-22 12:02:25,618:INFO:create_model() successfully completed......................................
2025-06-22 12:02:25,681:INFO:Initializing create_model()
2025-06-22 12:02:25,681:INFO:create_model(self=<pycaret.classification.oop.ClassificationExperiment object at 0x0000025BFB87F7C0>, estimator=LinearDiscriminantAnalysis(covariance_estimator=None, n_components=None,
                           priors=None, shrinkage=None, solver='svd',
                           store_covariance=False, tol=0.0001), fold=StratifiedKFold(n_splits=10, random_state=None, shuffle=False), round=4, cross_validation=False, predict=False, fit_kwargs={}, groups=None, refit=True, probability_threshold=None, experiment_custom_tags=None, verbose=False, system=False, add_to_model_list=True, metrics=None, display=None, model_only=True, return_train_score=False, error_score=0.0, kwargs={})
2025-06-22 12:02:25,681:INFO:Checking exceptions
2025-06-22 12:02:25,681:INFO:Importing libraries
2025-06-22 12:02:25,681:INFO:Copying training dataset
2025-06-22 12:02:25,682:INFO:Defining folds
2025-06-22 12:02:25,682:INFO:Declaring metric variables
2025-06-22 12:02:25,682:INFO:Importing untrained model
2025-06-22 12:02:25,682:INFO:Declaring custom model
2025-06-22 12:02:25,682:INFO:Linear Discriminant Analysis Imported successfully
2025-06-22 12:02:25,682:INFO:Cross validation set to False
2025-06-22 12:02:25,682:INFO:Fitting Model
2025-06-22 12:02:25,682:INFO:LinearDiscriminantAnalysis(covariance_estimator=None, n_components=None,
                           priors=None, shrinkage=None, solver='svd',
                           store_covariance=False, tol=0.0001)
2025-06-22 12:02:25,682:INFO:create_model() successfully completed......................................
2025-06-22 12:02:25,743:INFO:Initializing create_model()
2025-06-22 12:02:25,743:INFO:create_model(self=<pycaret.classification.oop.ClassificationExperiment object at 0x0000025BFB87F7C0>, estimator=RandomForestClassifier(bootstrap=True, ccp_alpha=0.0, class_weight=None,
                       criterion='gini', max_depth=None, max_features='sqrt',
                       max_leaf_nodes=None, max_samples=None,
                       min_impurity_decrease=0.0, min_samples_leaf=1,
                       min_samples_split=2, min_weight_fraction_leaf=0.0,
                       monotonic_cst=None, n_estimators=100, n_jobs=-1,
                       oob_score=False, random_state=123, verbose=0,
                       warm_start=False), fold=StratifiedKFold(n_splits=10, random_state=None, shuffle=False), round=4, cross_validation=False, predict=False, fit_kwargs={}, groups=None, refit=True, probability_threshold=None, experiment_custom_tags=None, verbose=False, system=False, add_to_model_list=True, metrics=None, display=None, model_only=True, return_train_score=False, error_score=0.0, kwargs={})
2025-06-22 12:02:25,743:INFO:Checking exceptions
2025-06-22 12:02:25,743:INFO:Importing libraries
2025-06-22 12:02:25,743:INFO:Copying training dataset
2025-06-22 12:02:25,748:INFO:Defining folds
2025-06-22 12:02:25,748:INFO:Declaring metric variables
2025-06-22 12:02:25,748:INFO:Importing untrained model
2025-06-22 12:02:25,748:INFO:Declaring custom model
2025-06-22 12:02:25,748:INFO:Random Forest Classifier Imported successfully
2025-06-22 12:02:25,748:INFO:Cross validation set to False
2025-06-22 12:02:25,748:INFO:Fitting Model
2025-06-22 12:02:25,898:INFO:RandomForestClassifier(bootstrap=True, ccp_alpha=0.0, class_weight=None,
                       criterion='gini', max_depth=None, max_features='sqrt',
                       max_leaf_nodes=None, max_samples=None,
                       min_impurity_decrease=0.0, min_samples_leaf=1,
                       min_samples_split=2, min_weight_fraction_leaf=0.0,
                       monotonic_cst=None, n_estimators=100, n_jobs=-1,
                       oob_score=False, random_state=123, verbose=0,
                       warm_start=False)
2025-06-22 12:02:25,898:INFO:create_model() successfully completed......................................
2025-06-22 12:02:25,945:INFO:Initializing create_model()
2025-06-22 12:02:25,945:INFO:create_model(self=<pycaret.classification.oop.ClassificationExperiment object at 0x0000025BFB87F7C0>, estimator=GaussianNB(priors=None, var_smoothing=1e-09), fold=StratifiedKFold(n_splits=10, random_state=None, shuffle=False), round=4, cross_validation=False, predict=False, fit_kwargs={}, groups=None, refit=True, probability_threshold=None, experiment_custom_tags=None, verbose=False, system=False, add_to_model_list=True, metrics=None, display=None, model_only=True, return_train_score=False, error_score=0.0, kwargs={})
2025-06-22 12:02:25,945:INFO:Checking exceptions
2025-06-22 12:02:25,961:INFO:Importing libraries
2025-06-22 12:02:25,961:INFO:Copying training dataset
2025-06-22 12:02:25,961:INFO:Defining folds
2025-06-22 12:02:25,961:INFO:Declaring metric variables
2025-06-22 12:02:25,961:INFO:Importing untrained model
2025-06-22 12:02:25,961:INFO:Declaring custom model
2025-06-22 12:02:25,961:INFO:Naive Bayes Imported successfully
2025-06-22 12:02:25,961:INFO:Cross validation set to False
2025-06-22 12:02:25,961:INFO:Fitting Model
2025-06-22 12:02:25,961:INFO:GaussianNB(priors=None, var_smoothing=1e-09)
2025-06-22 12:02:25,961:INFO:create_model() successfully completed......................................
2025-06-22 12:02:26,051:INFO:_master_model_container: 14
2025-06-22 12:02:26,051:INFO:_display_container: 2
2025-06-22 12:02:26,051:INFO:[LogisticRegression(C=1.0, class_weight=None, dual=False, fit_intercept=True,
                   intercept_scaling=1, l1_ratio=None, max_iter=1000,
                   multi_class='auto', n_jobs=None, penalty='l2',
                   random_state=123, solver='lbfgs', tol=0.0001, verbose=0,
                   warm_start=False), RidgeClassifier(alpha=1.0, class_weight=None, copy_X=True, fit_intercept=True,
                max_iter=None, positive=False, random_state=123, solver='auto',
                tol=0.0001), LinearDiscriminantAnalysis(covariance_estimator=None, n_components=None,
                           priors=None, shrinkage=None, solver='svd',
                           store_covariance=False, tol=0.0001), RandomForestClassifier(bootstrap=True, ccp_alpha=0.0, class_weight=None,
                       criterion='gini', max_depth=None, max_features='sqrt',
                       max_leaf_nodes=None, max_samples=None,
                       min_impurity_decrease=0.0, min_samples_leaf=1,
                       min_samples_split=2, min_weight_fraction_leaf=0.0,
                       monotonic_cst=None, n_estimators=100, n_jobs=-1,
                       oob_score=False, random_state=123, verbose=0,
                       warm_start=False), GaussianNB(priors=None, var_smoothing=1e-09)]
2025-06-22 12:02:26,051:INFO:compare_models() successfully completed......................................
2025-06-22 12:08:31,851:INFO:PyCaret ClassificationExperiment
2025-06-22 12:08:31,852:INFO:Logging name: clf-default-name
2025-06-22 12:08:31,853:INFO:ML Usecase: MLUsecase.CLASSIFICATION
2025-06-22 12:08:31,853:INFO:version 3.3.2
2025-06-22 12:08:31,853:INFO:Initializing setup()
2025-06-22 12:08:31,853:INFO:self.USI: 690c
2025-06-22 12:08:31,854:INFO:self._variable_keys: {'X_test', 'n_jobs_param', 'target_param', 'pipeline', 'X', 'X_train', 'logging_param', 'exp_id', 'memory', 'idx', 'log_plots_param', 'exp_name_log', '_ml_usecase', 'USI', 'fold_groups_param', 'gpu_n_jobs_param', 'fold_shuffle_param', 'is_multiclass', 'data', 'fold_generator', 'y_train', 'y', 'y_test', 'fix_imbalance', 'html_param', 'seed', '_available_plots', 'gpu_param'}
2025-06-22 12:08:31,854:INFO:Checking environment
2025-06-22 12:08:31,855:INFO:python_version: 3.10.4
2025-06-22 12:08:31,855:INFO:python_build: ('tags/v3.10.4:9d38120', 'Mar 23 2022 23:13:41')
2025-06-22 12:08:31,856:INFO:machine: AMD64
2025-06-22 12:08:31,856:INFO:platform: Windows-10-10.0.26100-SP0
2025-06-22 12:08:31,891:INFO:Memory: svmem(total=16871448576, available=734400512, percent=95.6, used=16137048064, free=734400512)
2025-06-22 12:08:31,891:INFO:Physical Core: 10
2025-06-22 12:08:31,891:INFO:Logical Core: 12
2025-06-22 12:08:31,891:INFO:Checking libraries
2025-06-22 12:08:31,892:INFO:System:
2025-06-22 12:08:31,892:INFO:    python: 3.10.4 (tags/v3.10.4:9d38120, Mar 23 2022, 23:13:41) [MSC v.1929 64 bit (AMD64)]
2025-06-22 12:08:31,892:INFO:executable: C:\Users\Lenovo\OneDrive - IRESSEF\Documents\DSWB\Project\Training\Workshop_2025\Github\od\test\no-code-test\py\mlenv\Scripts\python.exe
2025-06-22 12:08:31,892:INFO:   machine: Windows-10-10.0.26100-SP0
2025-06-22 12:08:31,892:INFO:PyCaret required dependencies:
2025-06-22 12:08:31,895:INFO:                 pip: 22.0.4
2025-06-22 12:08:31,895:INFO:          setuptools: 58.1.0
2025-06-22 12:08:31,895:INFO:             pycaret: 3.3.2
2025-06-22 12:08:31,895:INFO:             IPython: 8.37.0
2025-06-22 12:08:31,895:INFO:          ipywidgets: 8.1.7
2025-06-22 12:08:31,895:INFO:                tqdm: 4.67.1
2025-06-22 12:08:31,895:INFO:               numpy: 1.26.4
2025-06-22 12:08:31,895:INFO:              pandas: 2.1.4
2025-06-22 12:08:31,895:INFO:              jinja2: 3.1.6
2025-06-22 12:08:31,895:INFO:               scipy: 1.11.4
2025-06-22 12:08:31,895:INFO:              joblib: 1.3.2
2025-06-22 12:08:31,895:INFO:             sklearn: 1.4.2
2025-06-22 12:08:31,895:INFO:                pyod: 2.0.5
2025-06-22 12:08:31,895:INFO:            imblearn: 0.13.0
2025-06-22 12:08:31,895:INFO:   category_encoders: 2.7.0
2025-06-22 12:08:31,895:INFO:            lightgbm: 4.6.0
2025-06-22 12:08:31,895:INFO:               numba: 0.61.2
2025-06-22 12:08:31,895:INFO:            requests: 2.32.4
2025-06-22 12:08:31,895:INFO:          matplotlib: 3.7.5
2025-06-22 12:08:31,895:INFO:          scikitplot: 0.3.7
2025-06-22 12:08:31,895:INFO:         yellowbrick: 1.5
2025-06-22 12:08:31,896:INFO:              plotly: 5.24.1
2025-06-22 12:08:31,896:INFO:    plotly-resampler: Not installed
2025-06-22 12:08:31,896:INFO:             kaleido: 1.0.0
2025-06-22 12:08:31,896:INFO:           schemdraw: 0.15
2025-06-22 12:08:31,896:INFO:         statsmodels: 0.14.4
2025-06-22 12:08:31,896:INFO:              sktime: 0.26.0
2025-06-22 12:08:31,896:INFO:               tbats: 1.1.3
2025-06-22 12:08:31,896:INFO:            pmdarima: 2.0.4
2025-06-22 12:08:31,896:INFO:              psutil: 7.0.0
2025-06-22 12:08:31,896:INFO:          markupsafe: 3.0.2
2025-06-22 12:08:31,896:INFO:             pickle5: Not installed
2025-06-22 12:08:31,896:INFO:         cloudpickle: 3.1.1
2025-06-22 12:08:31,896:INFO:         deprecation: 2.1.0
2025-06-22 12:08:31,896:INFO:              xxhash: 3.5.0
2025-06-22 12:08:31,896:INFO:           wurlitzer: Not installed
2025-06-22 12:08:31,896:INFO:PyCaret optional dependencies:
2025-06-22 12:08:31,896:INFO:                shap: Not installed
2025-06-22 12:08:31,896:INFO:           interpret: Not installed
2025-06-22 12:08:31,896:INFO:                umap: Not installed
2025-06-22 12:08:31,896:INFO:     ydata_profiling: Not installed
2025-06-22 12:08:31,896:INFO:  explainerdashboard: Not installed
2025-06-22 12:08:31,896:INFO:             autoviz: Not installed
2025-06-22 12:08:31,896:INFO:           fairlearn: Not installed
2025-06-22 12:08:31,897:INFO:          deepchecks: Not installed
2025-06-22 12:08:31,897:INFO:             xgboost: Not installed
2025-06-22 12:08:31,897:INFO:            catboost: Not installed
2025-06-22 12:08:31,897:INFO:              kmodes: Not installed
2025-06-22 12:08:31,897:INFO:             mlxtend: Not installed
2025-06-22 12:08:31,897:INFO:       statsforecast: Not installed
2025-06-22 12:08:31,897:INFO:        tune_sklearn: Not installed
2025-06-22 12:08:31,897:INFO:                 ray: Not installed
2025-06-22 12:08:31,897:INFO:            hyperopt: Not installed
2025-06-22 12:08:31,897:INFO:              optuna: Not installed
2025-06-22 12:08:31,897:INFO:               skopt: Not installed
2025-06-22 12:08:31,897:INFO:              mlflow: Not installed
2025-06-22 12:08:31,897:INFO:              gradio: Not installed
2025-06-22 12:08:31,897:INFO:             fastapi: 0.115.13
2025-06-22 12:08:31,897:INFO:             uvicorn: 0.34.3
2025-06-22 12:08:31,897:INFO:              m2cgen: Not installed
2025-06-22 12:08:31,897:INFO:           evidently: Not installed
2025-06-22 12:08:31,897:INFO:               fugue: Not installed
2025-06-22 12:08:31,897:INFO:           streamlit: Not installed
2025-06-22 12:08:31,897:INFO:             prophet: Not installed
2025-06-22 12:08:31,897:INFO:None
2025-06-22 12:08:31,898:INFO:Set up data.
2025-06-22 12:08:31,926:INFO:Set up folding strategy.
2025-06-22 12:08:31,928:INFO:Set up train/test split.
2025-06-22 12:08:31,958:INFO:Set up index.
2025-06-22 12:08:31,960:INFO:Assigning column types.
2025-06-22 12:08:31,965:INFO:Engine successfully changes for model 'lr' to 'sklearn'.
2025-06-22 12:08:32,005:INFO:Engine for model 'knn' has not been set explicitly, hence returning None.
2025-06-22 12:08:32,011:INFO:Engine for model 'rbfsvm' has not been set explicitly, hence returning None.
2025-06-22 12:08:32,022:WARNING:
'xgboost' is a soft dependency and not included in the pycaret installation. Please run: `pip install xgboost` to install.
Alternately, you can install this by running `pip install pycaret[models]`
2025-06-22 12:08:32,022:WARNING:
'catboost' is a soft dependency and not included in the pycaret installation. Please run: `pip install catboost` to install.
Alternately, you can install this by running `pip install pycaret[models]`
2025-06-22 12:08:32,053:INFO:Engine for model 'knn' has not been set explicitly, hence returning None.
2025-06-22 12:08:32,053:INFO:Engine for model 'rbfsvm' has not been set explicitly, hence returning None.
2025-06-22 12:08:32,069:WARNING:
'xgboost' is a soft dependency and not included in the pycaret installation. Please run: `pip install xgboost` to install.
Alternately, you can install this by running `pip install pycaret[models]`
2025-06-22 12:08:32,069:WARNING:
'catboost' is a soft dependency and not included in the pycaret installation. Please run: `pip install catboost` to install.
Alternately, you can install this by running `pip install pycaret[models]`
2025-06-22 12:08:32,069:INFO:Engine successfully changes for model 'knn' to 'sklearn'.
2025-06-22 12:08:32,100:INFO:Engine for model 'rbfsvm' has not been set explicitly, hence returning None.
2025-06-22 12:08:32,116:WARNING:
'xgboost' is a soft dependency and not included in the pycaret installation. Please run: `pip install xgboost` to install.
Alternately, you can install this by running `pip install pycaret[models]`
2025-06-22 12:08:32,116:WARNING:
'catboost' is a soft dependency and not included in the pycaret installation. Please run: `pip install catboost` to install.
Alternately, you can install this by running `pip install pycaret[models]`
2025-06-22 12:08:32,142:INFO:Engine for model 'rbfsvm' has not been set explicitly, hence returning None.
2025-06-22 12:08:32,155:WARNING:
'xgboost' is a soft dependency and not included in the pycaret installation. Please run: `pip install xgboost` to install.
Alternately, you can install this by running `pip install pycaret[models]`
2025-06-22 12:08:32,155:WARNING:
'catboost' is a soft dependency and not included in the pycaret installation. Please run: `pip install catboost` to install.
Alternately, you can install this by running `pip install pycaret[models]`
2025-06-22 12:08:32,155:INFO:Engine successfully changes for model 'rbfsvm' to 'sklearn'.
2025-06-22 12:08:32,203:WARNING:
'xgboost' is a soft dependency and not included in the pycaret installation. Please run: `pip install xgboost` to install.
Alternately, you can install this by running `pip install pycaret[models]`
2025-06-22 12:08:32,204:WARNING:
'catboost' is a soft dependency and not included in the pycaret installation. Please run: `pip install catboost` to install.
Alternately, you can install this by running `pip install pycaret[models]`
2025-06-22 12:08:32,239:WARNING:
'xgboost' is a soft dependency and not included in the pycaret installation. Please run: `pip install xgboost` to install.
Alternately, you can install this by running `pip install pycaret[models]`
2025-06-22 12:08:32,239:WARNING:
'catboost' is a soft dependency and not included in the pycaret installation. Please run: `pip install catboost` to install.
Alternately, you can install this by running `pip install pycaret[models]`
2025-06-22 12:08:32,249:INFO:Preparing preprocessing pipeline...
2025-06-22 12:08:32,249:INFO:Set up simple imputation.
2025-06-22 12:08:32,280:INFO:Finished creating preprocessing pipeline.
2025-06-22 12:08:32,280:INFO:Pipeline: Pipeline(memory=FastMemory(location=C:\Users\Lenovo\AppData\Local\Temp\joblib),
         steps=[('numerical_imputer',
                 TransformerWrapper(exclude=None,
                                    include=['Pregnancies', 'Glucose',
                                             'BloodPressure', 'SkinThickness',
                                             'Insulin', 'BMI',
                                             'DiabetesPedigreeFunction',
                                             'Age'],
                                    transformer=SimpleImputer(add_indicator=False,
                                                              copy=True,
                                                              fill_value=None,
                                                              keep_empty_features=False,
                                                              missing_values=nan,
                                                              strategy='mean'))),
                ('categorical_imputer',
                 TransformerWrapper(exclude=None, include=[],
                                    transformer=SimpleImputer(add_indicator=False,
                                                              copy=True,
                                                              fill_value=None,
                                                              keep_empty_features=False,
                                                              missing_values=nan,
                                                              strategy='most_frequent')))],
         verbose=False)
2025-06-22 12:08:32,280:INFO:Creating final display dataframe.
2025-06-22 12:08:32,329:INFO:Setup _display_container:                     Description             Value
0                    Session id               123
1                        Target           Outcome
2                   Target type            Binary
3           Original data shape          (768, 9)
4        Transformed data shape          (768, 9)
5   Transformed train set shape          (537, 9)
6    Transformed test set shape          (231, 9)
7              Numeric features                 8
8                    Preprocess              True
9               Imputation type            simple
10           Numeric imputation              mean
11       Categorical imputation              mode
12               Fold Generator   StratifiedKFold
13                  Fold Number                10
14                     CPU Jobs                -1
15                      Use GPU             False
16               Log Experiment             False
17              Experiment Name  clf-default-name
18                          USI              690c
2025-06-22 12:08:32,376:WARNING:
'xgboost' is a soft dependency and not included in the pycaret installation. Please run: `pip install xgboost` to install.
Alternately, you can install this by running `pip install pycaret[models]`
2025-06-22 12:08:32,376:WARNING:
'catboost' is a soft dependency and not included in the pycaret installation. Please run: `pip install catboost` to install.
Alternately, you can install this by running `pip install pycaret[models]`
2025-06-22 12:08:32,433:WARNING:
'xgboost' is a soft dependency and not included in the pycaret installation. Please run: `pip install xgboost` to install.
Alternately, you can install this by running `pip install pycaret[models]`
2025-06-22 12:08:32,433:WARNING:
'catboost' is a soft dependency and not included in the pycaret installation. Please run: `pip install catboost` to install.
Alternately, you can install this by running `pip install pycaret[models]`
2025-06-22 12:08:32,438:INFO:setup() successfully completed in 0.61s...............
2025-06-22 12:08:32,439:INFO:Initializing compare_models()
2025-06-22 12:08:32,439:INFO:compare_models(self=<pycaret.classification.oop.ClassificationExperiment object at 0x0000025BFBEF8FD0>, include=None, fold=None, round=4, cross_validation=True, sort=Accuracy, n_select=5, budget_time=None, turbo=True, errors=ignore, fit_kwargs=None, groups=None, experiment_custom_tags=None, probability_threshold=None, verbose=True, parallel=None, caller_params={'self': <pycaret.classification.oop.ClassificationExperiment object at 0x0000025BFBEF8FD0>, 'include': None, 'exclude': None, 'fold': None, 'round': 4, 'cross_validation': True, 'sort': 'Accuracy', 'n_select': 5, 'budget_time': None, 'turbo': True, 'errors': 'ignore', 'fit_kwargs': None, 'groups': None, 'experiment_custom_tags': None, 'probability_threshold': None, 'engine': None, 'verbose': True, 'parallel': None, '__class__': <class 'pycaret.classification.oop.ClassificationExperiment'>}, exclude=None)
2025-06-22 12:08:32,439:INFO:Checking exceptions
2025-06-22 12:08:32,443:INFO:Preparing display monitor
2025-06-22 12:08:32,453:INFO:Initializing Logistic Regression
2025-06-22 12:08:32,454:INFO:Total runtime is 1.6645590464274088e-05 minutes
2025-06-22 12:08:32,455:INFO:SubProcess create_model() called ==================================
2025-06-22 12:08:32,456:INFO:Initializing create_model()
2025-06-22 12:08:32,456:INFO:create_model(self=<pycaret.classification.oop.ClassificationExperiment object at 0x0000025BFBEF8FD0>, estimator=lr, fold=StratifiedKFold(n_splits=10, random_state=None, shuffle=False), round=4, cross_validation=True, predict=True, fit_kwargs={}, groups=None, refit=False, probability_threshold=None, experiment_custom_tags=None, verbose=False, system=False, add_to_model_list=True, metrics=None, display=<pycaret.internal.display.display.CommonDisplay object at 0x0000025BFB933910>, model_only=True, return_train_score=False, error_score=0.0, kwargs={})
2025-06-22 12:08:32,456:INFO:Checking exceptions
2025-06-22 12:08:32,457:INFO:Importing libraries
2025-06-22 12:08:32,457:INFO:Copying training dataset
2025-06-22 12:08:32,459:INFO:Defining folds
2025-06-22 12:08:32,459:INFO:Declaring metric variables
2025-06-22 12:08:32,459:INFO:Importing untrained model
2025-06-22 12:08:32,459:INFO:Logistic Regression Imported successfully
2025-06-22 12:08:32,460:INFO:Starting cross validation
2025-06-22 12:08:32,461:INFO:Cross validating with StratifiedKFold(n_splits=10, random_state=None, shuffle=False), n_jobs=-1
2025-06-22 12:08:42,702:INFO:Calculating mean and std
2025-06-22 12:08:42,710:INFO:Creating metrics dataframe
2025-06-22 12:08:42,724:INFO:Uploading results into container
2025-06-22 12:08:42,726:INFO:Uploading model into container now
2025-06-22 12:08:42,732:INFO:_master_model_container: 1
2025-06-22 12:08:42,734:INFO:_display_container: 2
2025-06-22 12:08:42,734:INFO:LogisticRegression(C=1.0, class_weight=None, dual=False, fit_intercept=True,
                   intercept_scaling=1, l1_ratio=None, max_iter=1000,
                   multi_class='auto', n_jobs=None, penalty='l2',
                   random_state=123, solver='lbfgs', tol=0.0001, verbose=0,
                   warm_start=False)
2025-06-22 12:08:42,736:INFO:create_model() successfully completed......................................
2025-06-22 12:08:43,347:INFO:SubProcess create_model() end ==================================
2025-06-22 12:08:43,347:INFO:Creating metrics dataframe
2025-06-22 12:08:43,359:INFO:Initializing K Neighbors Classifier
2025-06-22 12:08:43,359:INFO:Total runtime is 0.18175800244013468 minutes
2025-06-22 12:08:43,359:INFO:SubProcess create_model() called ==================================
2025-06-22 12:08:43,359:INFO:Initializing create_model()
2025-06-22 12:08:43,359:INFO:create_model(self=<pycaret.classification.oop.ClassificationExperiment object at 0x0000025BFBEF8FD0>, estimator=knn, fold=StratifiedKFold(n_splits=10, random_state=None, shuffle=False), round=4, cross_validation=True, predict=True, fit_kwargs={}, groups=None, refit=False, probability_threshold=None, experiment_custom_tags=None, verbose=False, system=False, add_to_model_list=True, metrics=None, display=<pycaret.internal.display.display.CommonDisplay object at 0x0000025BFB933910>, model_only=True, return_train_score=False, error_score=0.0, kwargs={})
2025-06-22 12:08:43,359:INFO:Checking exceptions
2025-06-22 12:08:43,359:INFO:Importing libraries
2025-06-22 12:08:43,359:INFO:Copying training dataset
2025-06-22 12:08:43,362:INFO:Defining folds
2025-06-22 12:08:43,362:INFO:Declaring metric variables
2025-06-22 12:08:43,362:INFO:Importing untrained model
2025-06-22 12:08:43,363:INFO:K Neighbors Classifier Imported successfully
2025-06-22 12:08:43,363:INFO:Starting cross validation
2025-06-22 12:08:43,363:INFO:Cross validating with StratifiedKFold(n_splits=10, random_state=None, shuffle=False), n_jobs=-1
2025-06-22 12:08:45,527:INFO:Calculating mean and std
2025-06-22 12:08:45,527:INFO:Creating metrics dataframe
2025-06-22 12:08:45,527:INFO:Uploading results into container
2025-06-22 12:08:45,527:INFO:Uploading model into container now
2025-06-22 12:08:45,527:INFO:_master_model_container: 2
2025-06-22 12:08:45,527:INFO:_display_container: 2
2025-06-22 12:08:45,527:INFO:KNeighborsClassifier(algorithm='auto', leaf_size=30, metric='minkowski',
                     metric_params=None, n_jobs=-1, n_neighbors=5, p=2,
                     weights='uniform')
2025-06-22 12:08:45,527:INFO:create_model() successfully completed......................................
2025-06-22 12:08:45,597:INFO:SubProcess create_model() end ==================================
2025-06-22 12:08:45,597:INFO:Creating metrics dataframe
2025-06-22 12:08:45,600:INFO:Initializing Naive Bayes
2025-06-22 12:08:45,600:INFO:Total runtime is 0.2191087007522583 minutes
2025-06-22 12:08:45,600:INFO:SubProcess create_model() called ==================================
2025-06-22 12:08:45,600:INFO:Initializing create_model()
2025-06-22 12:08:45,600:INFO:create_model(self=<pycaret.classification.oop.ClassificationExperiment object at 0x0000025BFBEF8FD0>, estimator=nb, fold=StratifiedKFold(n_splits=10, random_state=None, shuffle=False), round=4, cross_validation=True, predict=True, fit_kwargs={}, groups=None, refit=False, probability_threshold=None, experiment_custom_tags=None, verbose=False, system=False, add_to_model_list=True, metrics=None, display=<pycaret.internal.display.display.CommonDisplay object at 0x0000025BFB933910>, model_only=True, return_train_score=False, error_score=0.0, kwargs={})
2025-06-22 12:08:45,600:INFO:Checking exceptions
2025-06-22 12:08:45,600:INFO:Importing libraries
2025-06-22 12:08:45,600:INFO:Copying training dataset
2025-06-22 12:08:45,603:INFO:Defining folds
2025-06-22 12:08:45,603:INFO:Declaring metric variables
2025-06-22 12:08:45,603:INFO:Importing untrained model
2025-06-22 12:08:45,603:INFO:Naive Bayes Imported successfully
2025-06-22 12:08:45,603:INFO:Starting cross validation
2025-06-22 12:08:45,603:INFO:Cross validating with StratifiedKFold(n_splits=10, random_state=None, shuffle=False), n_jobs=-1
2025-06-22 12:08:45,666:INFO:Calculating mean and std
2025-06-22 12:08:45,666:INFO:Creating metrics dataframe
2025-06-22 12:08:45,666:INFO:Uploading results into container
2025-06-22 12:08:45,666:INFO:Uploading model into container now
2025-06-22 12:08:45,666:INFO:_master_model_container: 3
2025-06-22 12:08:45,666:INFO:_display_container: 2
2025-06-22 12:08:45,666:INFO:GaussianNB(priors=None, var_smoothing=1e-09)
2025-06-22 12:08:45,666:INFO:create_model() successfully completed......................................
2025-06-22 12:08:45,726:INFO:SubProcess create_model() end ==================================
2025-06-22 12:08:45,727:INFO:Creating metrics dataframe
2025-06-22 12:08:45,728:INFO:Initializing Decision Tree Classifier
2025-06-22 12:08:45,728:INFO:Total runtime is 0.2212451179822286 minutes
2025-06-22 12:08:45,728:INFO:SubProcess create_model() called ==================================
2025-06-22 12:08:45,729:INFO:Initializing create_model()
2025-06-22 12:08:45,729:INFO:create_model(self=<pycaret.classification.oop.ClassificationExperiment object at 0x0000025BFBEF8FD0>, estimator=dt, fold=StratifiedKFold(n_splits=10, random_state=None, shuffle=False), round=4, cross_validation=True, predict=True, fit_kwargs={}, groups=None, refit=False, probability_threshold=None, experiment_custom_tags=None, verbose=False, system=False, add_to_model_list=True, metrics=None, display=<pycaret.internal.display.display.CommonDisplay object at 0x0000025BFB933910>, model_only=True, return_train_score=False, error_score=0.0, kwargs={})
2025-06-22 12:08:45,729:INFO:Checking exceptions
2025-06-22 12:08:45,729:INFO:Importing libraries
2025-06-22 12:08:45,729:INFO:Copying training dataset
2025-06-22 12:08:45,730:INFO:Defining folds
2025-06-22 12:08:45,730:INFO:Declaring metric variables
2025-06-22 12:08:45,731:INFO:Importing untrained model
2025-06-22 12:08:45,731:INFO:Decision Tree Classifier Imported successfully
2025-06-22 12:08:45,731:INFO:Starting cross validation
2025-06-22 12:08:45,731:INFO:Cross validating with StratifiedKFold(n_splits=10, random_state=None, shuffle=False), n_jobs=-1
2025-06-22 12:08:45,781:INFO:Calculating mean and std
2025-06-22 12:08:45,781:INFO:Creating metrics dataframe
2025-06-22 12:08:45,781:INFO:Uploading results into container
2025-06-22 12:08:45,781:INFO:Uploading model into container now
2025-06-22 12:08:45,781:INFO:_master_model_container: 4
2025-06-22 12:08:45,781:INFO:_display_container: 2
2025-06-22 12:08:45,781:INFO:DecisionTreeClassifier(ccp_alpha=0.0, class_weight=None, criterion='gini',
                       max_depth=None, max_features=None, max_leaf_nodes=None,
                       min_impurity_decrease=0.0, min_samples_leaf=1,
                       min_samples_split=2, min_weight_fraction_leaf=0.0,
                       monotonic_cst=None, random_state=123, splitter='best')
2025-06-22 12:08:45,781:INFO:create_model() successfully completed......................................
2025-06-22 12:08:45,833:INFO:SubProcess create_model() end ==================================
2025-06-22 12:08:45,833:INFO:Creating metrics dataframe
2025-06-22 12:08:45,833:INFO:Initializing SVM - Linear Kernel
2025-06-22 12:08:45,833:INFO:Total runtime is 0.2229915420214335 minutes
2025-06-22 12:08:45,833:INFO:SubProcess create_model() called ==================================
2025-06-22 12:08:45,833:INFO:Initializing create_model()
2025-06-22 12:08:45,833:INFO:create_model(self=<pycaret.classification.oop.ClassificationExperiment object at 0x0000025BFBEF8FD0>, estimator=svm, fold=StratifiedKFold(n_splits=10, random_state=None, shuffle=False), round=4, cross_validation=True, predict=True, fit_kwargs={}, groups=None, refit=False, probability_threshold=None, experiment_custom_tags=None, verbose=False, system=False, add_to_model_list=True, metrics=None, display=<pycaret.internal.display.display.CommonDisplay object at 0x0000025BFB933910>, model_only=True, return_train_score=False, error_score=0.0, kwargs={})
2025-06-22 12:08:45,833:INFO:Checking exceptions
2025-06-22 12:08:45,833:INFO:Importing libraries
2025-06-22 12:08:45,833:INFO:Copying training dataset
2025-06-22 12:08:45,833:INFO:Defining folds
2025-06-22 12:08:45,833:INFO:Declaring metric variables
2025-06-22 12:08:45,833:INFO:Importing untrained model
2025-06-22 12:08:45,833:INFO:SVM - Linear Kernel Imported successfully
2025-06-22 12:08:45,833:INFO:Starting cross validation
2025-06-22 12:08:45,833:INFO:Cross validating with StratifiedKFold(n_splits=10, random_state=None, shuffle=False), n_jobs=-1
2025-06-22 12:08:45,892:WARNING:C:\Users\Lenovo\OneDrive - IRESSEF\Documents\DSWB\Project\Training\Workshop_2025\Github\od\test\no-code-test\py\mlenv\lib\site-packages\sklearn\metrics\_classification.py:1509: UndefinedMetricWarning: Precision is ill-defined and being set to 0.0 due to no predicted samples. Use `zero_division` parameter to control this behavior.
  _warn_prf(average, modifier, f"{metric.capitalize()} is", len(result))

2025-06-22 12:08:45,892:WARNING:C:\Users\Lenovo\OneDrive - IRESSEF\Documents\DSWB\Project\Training\Workshop_2025\Github\od\test\no-code-test\py\mlenv\lib\site-packages\sklearn\metrics\_classification.py:1509: UndefinedMetricWarning: Precision is ill-defined and being set to 0.0 due to no predicted samples. Use `zero_division` parameter to control this behavior.
  _warn_prf(average, modifier, f"{metric.capitalize()} is", len(result))

2025-06-22 12:08:45,917:INFO:Calculating mean and std
2025-06-22 12:08:45,917:INFO:Creating metrics dataframe
2025-06-22 12:08:45,917:INFO:Uploading results into container
2025-06-22 12:08:45,917:INFO:Uploading model into container now
2025-06-22 12:08:45,920:INFO:_master_model_container: 5
2025-06-22 12:08:45,920:INFO:_display_container: 2
2025-06-22 12:08:45,920:INFO:SGDClassifier(alpha=0.0001, average=False, class_weight=None,
              early_stopping=False, epsilon=0.1, eta0=0.001, fit_intercept=True,
              l1_ratio=0.15, learning_rate='optimal', loss='hinge',
              max_iter=1000, n_iter_no_change=5, n_jobs=-1, penalty='l2',
              power_t=0.5, random_state=123, shuffle=True, tol=0.001,
              validation_fraction=0.1, verbose=0, warm_start=False)
2025-06-22 12:08:45,920:INFO:create_model() successfully completed......................................
2025-06-22 12:08:45,981:INFO:SubProcess create_model() end ==================================
2025-06-22 12:08:45,981:INFO:Creating metrics dataframe
2025-06-22 12:08:45,983:INFO:Initializing Ridge Classifier
2025-06-22 12:08:45,983:INFO:Total runtime is 0.22548715273539224 minutes
2025-06-22 12:08:45,983:INFO:SubProcess create_model() called ==================================
2025-06-22 12:08:45,983:INFO:Initializing create_model()
2025-06-22 12:08:45,983:INFO:create_model(self=<pycaret.classification.oop.ClassificationExperiment object at 0x0000025BFBEF8FD0>, estimator=ridge, fold=StratifiedKFold(n_splits=10, random_state=None, shuffle=False), round=4, cross_validation=True, predict=True, fit_kwargs={}, groups=None, refit=False, probability_threshold=None, experiment_custom_tags=None, verbose=False, system=False, add_to_model_list=True, metrics=None, display=<pycaret.internal.display.display.CommonDisplay object at 0x0000025BFB933910>, model_only=True, return_train_score=False, error_score=0.0, kwargs={})
2025-06-22 12:08:45,984:INFO:Checking exceptions
2025-06-22 12:08:45,984:INFO:Importing libraries
2025-06-22 12:08:45,984:INFO:Copying training dataset
2025-06-22 12:08:45,985:INFO:Defining folds
2025-06-22 12:08:45,985:INFO:Declaring metric variables
2025-06-22 12:08:45,986:INFO:Importing untrained model
2025-06-22 12:08:45,986:INFO:Ridge Classifier Imported successfully
2025-06-22 12:08:45,986:INFO:Starting cross validation
2025-06-22 12:08:45,986:INFO:Cross validating with StratifiedKFold(n_splits=10, random_state=None, shuffle=False), n_jobs=-1
2025-06-22 12:08:46,047:INFO:Calculating mean and std
2025-06-22 12:08:46,048:INFO:Creating metrics dataframe
2025-06-22 12:08:46,050:INFO:Uploading results into container
2025-06-22 12:08:46,051:INFO:Uploading model into container now
2025-06-22 12:08:46,051:INFO:_master_model_container: 6
2025-06-22 12:08:46,051:INFO:_display_container: 2
2025-06-22 12:08:46,051:INFO:RidgeClassifier(alpha=1.0, class_weight=None, copy_X=True, fit_intercept=True,
                max_iter=None, positive=False, random_state=123, solver='auto',
                tol=0.0001)
2025-06-22 12:08:46,051:INFO:create_model() successfully completed......................................
2025-06-22 12:08:46,108:INFO:SubProcess create_model() end ==================================
2025-06-22 12:08:46,108:INFO:Creating metrics dataframe
2025-06-22 12:08:46,110:INFO:Initializing Random Forest Classifier
2025-06-22 12:08:46,110:INFO:Total runtime is 0.22761433919270832 minutes
2025-06-22 12:08:46,110:INFO:SubProcess create_model() called ==================================
2025-06-22 12:08:46,110:INFO:Initializing create_model()
2025-06-22 12:08:46,110:INFO:create_model(self=<pycaret.classification.oop.ClassificationExperiment object at 0x0000025BFBEF8FD0>, estimator=rf, fold=StratifiedKFold(n_splits=10, random_state=None, shuffle=False), round=4, cross_validation=True, predict=True, fit_kwargs={}, groups=None, refit=False, probability_threshold=None, experiment_custom_tags=None, verbose=False, system=False, add_to_model_list=True, metrics=None, display=<pycaret.internal.display.display.CommonDisplay object at 0x0000025BFB933910>, model_only=True, return_train_score=False, error_score=0.0, kwargs={})
2025-06-22 12:08:46,110:INFO:Checking exceptions
2025-06-22 12:08:46,110:INFO:Importing libraries
2025-06-22 12:08:46,110:INFO:Copying training dataset
2025-06-22 12:08:46,112:INFO:Defining folds
2025-06-22 12:08:46,112:INFO:Declaring metric variables
2025-06-22 12:08:46,112:INFO:Importing untrained model
2025-06-22 12:08:46,112:INFO:Random Forest Classifier Imported successfully
2025-06-22 12:08:46,112:INFO:Starting cross validation
2025-06-22 12:08:46,113:INFO:Cross validating with StratifiedKFold(n_splits=10, random_state=None, shuffle=False), n_jobs=-1
2025-06-22 12:08:46,562:INFO:Calculating mean and std
2025-06-22 12:08:46,563:INFO:Creating metrics dataframe
2025-06-22 12:08:46,565:INFO:Uploading results into container
2025-06-22 12:08:46,565:INFO:Uploading model into container now
2025-06-22 12:08:46,565:INFO:_master_model_container: 7
2025-06-22 12:08:46,565:INFO:_display_container: 2
2025-06-22 12:08:46,565:INFO:RandomForestClassifier(bootstrap=True, ccp_alpha=0.0, class_weight=None,
                       criterion='gini', max_depth=None, max_features='sqrt',
                       max_leaf_nodes=None, max_samples=None,
                       min_impurity_decrease=0.0, min_samples_leaf=1,
                       min_samples_split=2, min_weight_fraction_leaf=0.0,
                       monotonic_cst=None, n_estimators=100, n_jobs=-1,
                       oob_score=False, random_state=123, verbose=0,
                       warm_start=False)
2025-06-22 12:08:46,567:INFO:create_model() successfully completed......................................
2025-06-22 12:08:46,627:INFO:SubProcess create_model() end ==================================
2025-06-22 12:08:46,627:INFO:Creating metrics dataframe
2025-06-22 12:08:46,629:INFO:Initializing Quadratic Discriminant Analysis
2025-06-22 12:08:46,629:INFO:Total runtime is 0.23626242081324259 minutes
2025-06-22 12:08:46,629:INFO:SubProcess create_model() called ==================================
2025-06-22 12:08:46,629:INFO:Initializing create_model()
2025-06-22 12:08:46,629:INFO:create_model(self=<pycaret.classification.oop.ClassificationExperiment object at 0x0000025BFBEF8FD0>, estimator=qda, fold=StratifiedKFold(n_splits=10, random_state=None, shuffle=False), round=4, cross_validation=True, predict=True, fit_kwargs={}, groups=None, refit=False, probability_threshold=None, experiment_custom_tags=None, verbose=False, system=False, add_to_model_list=True, metrics=None, display=<pycaret.internal.display.display.CommonDisplay object at 0x0000025BFB933910>, model_only=True, return_train_score=False, error_score=0.0, kwargs={})
2025-06-22 12:08:46,629:INFO:Checking exceptions
2025-06-22 12:08:46,629:INFO:Importing libraries
2025-06-22 12:08:46,629:INFO:Copying training dataset
2025-06-22 12:08:46,631:INFO:Defining folds
2025-06-22 12:08:46,632:INFO:Declaring metric variables
2025-06-22 12:08:46,632:INFO:Importing untrained model
2025-06-22 12:08:46,632:INFO:Quadratic Discriminant Analysis Imported successfully
2025-06-22 12:08:46,632:INFO:Starting cross validation
2025-06-22 12:08:46,632:INFO:Cross validating with StratifiedKFold(n_splits=10, random_state=None, shuffle=False), n_jobs=-1
2025-06-22 12:08:46,697:INFO:Calculating mean and std
2025-06-22 12:08:46,697:INFO:Creating metrics dataframe
2025-06-22 12:08:46,697:INFO:Uploading results into container
2025-06-22 12:08:46,697:INFO:Uploading model into container now
2025-06-22 12:08:46,697:INFO:_master_model_container: 8
2025-06-22 12:08:46,697:INFO:_display_container: 2
2025-06-22 12:08:46,697:INFO:QuadraticDiscriminantAnalysis(priors=None, reg_param=0.0,
                              store_covariance=False, tol=0.0001)
2025-06-22 12:08:46,697:INFO:create_model() successfully completed......................................
2025-06-22 12:08:46,749:INFO:SubProcess create_model() end ==================================
2025-06-22 12:08:46,749:INFO:Creating metrics dataframe
2025-06-22 12:08:46,749:INFO:Initializing Ada Boost Classifier
2025-06-22 12:08:46,749:INFO:Total runtime is 0.2382635474205017 minutes
2025-06-22 12:08:46,749:INFO:SubProcess create_model() called ==================================
2025-06-22 12:08:46,749:INFO:Initializing create_model()
2025-06-22 12:08:46,749:INFO:create_model(self=<pycaret.classification.oop.ClassificationExperiment object at 0x0000025BFBEF8FD0>, estimator=ada, fold=StratifiedKFold(n_splits=10, random_state=None, shuffle=False), round=4, cross_validation=True, predict=True, fit_kwargs={}, groups=None, refit=False, probability_threshold=None, experiment_custom_tags=None, verbose=False, system=False, add_to_model_list=True, metrics=None, display=<pycaret.internal.display.display.CommonDisplay object at 0x0000025BFB933910>, model_only=True, return_train_score=False, error_score=0.0, kwargs={})
2025-06-22 12:08:46,749:INFO:Checking exceptions
2025-06-22 12:08:46,749:INFO:Importing libraries
2025-06-22 12:08:46,749:INFO:Copying training dataset
2025-06-22 12:08:46,764:INFO:Defining folds
2025-06-22 12:08:46,764:INFO:Declaring metric variables
2025-06-22 12:08:46,764:INFO:Importing untrained model
2025-06-22 12:08:46,765:INFO:Ada Boost Classifier Imported successfully
2025-06-22 12:08:46,765:INFO:Starting cross validation
2025-06-22 12:08:46,766:INFO:Cross validating with StratifiedKFold(n_splits=10, random_state=None, shuffle=False), n_jobs=-1
2025-06-22 12:08:46,780:WARNING:C:\Users\Lenovo\OneDrive - IRESSEF\Documents\DSWB\Project\Training\Workshop_2025\Github\od\test\no-code-test\py\mlenv\lib\site-packages\sklearn\ensemble\_weight_boosting.py:519: FutureWarning: The SAMME.R algorithm (the default) is deprecated and will be removed in 1.6. Use the SAMME algorithm to circumvent this warning.
  warnings.warn(

2025-06-22 12:08:46,781:WARNING:C:\Users\Lenovo\OneDrive - IRESSEF\Documents\DSWB\Project\Training\Workshop_2025\Github\od\test\no-code-test\py\mlenv\lib\site-packages\sklearn\ensemble\_weight_boosting.py:519: FutureWarning: The SAMME.R algorithm (the default) is deprecated and will be removed in 1.6. Use the SAMME algorithm to circumvent this warning.
  warnings.warn(

2025-06-22 12:08:46,788:WARNING:C:\Users\Lenovo\OneDrive - IRESSEF\Documents\DSWB\Project\Training\Workshop_2025\Github\od\test\no-code-test\py\mlenv\lib\site-packages\sklearn\ensemble\_weight_boosting.py:519: FutureWarning: The SAMME.R algorithm (the default) is deprecated and will be removed in 1.6. Use the SAMME algorithm to circumvent this warning.
  warnings.warn(

2025-06-22 12:08:46,789:WARNING:C:\Users\Lenovo\OneDrive - IRESSEF\Documents\DSWB\Project\Training\Workshop_2025\Github\od\test\no-code-test\py\mlenv\lib\site-packages\sklearn\ensemble\_weight_boosting.py:519: FutureWarning: The SAMME.R algorithm (the default) is deprecated and will be removed in 1.6. Use the SAMME algorithm to circumvent this warning.
  warnings.warn(

2025-06-22 12:08:46,790:WARNING:C:\Users\Lenovo\OneDrive - IRESSEF\Documents\DSWB\Project\Training\Workshop_2025\Github\od\test\no-code-test\py\mlenv\lib\site-packages\sklearn\ensemble\_weight_boosting.py:519: FutureWarning: The SAMME.R algorithm (the default) is deprecated and will be removed in 1.6. Use the SAMME algorithm to circumvent this warning.
  warnings.warn(

2025-06-22 12:08:46,792:WARNING:C:\Users\Lenovo\OneDrive - IRESSEF\Documents\DSWB\Project\Training\Workshop_2025\Github\od\test\no-code-test\py\mlenv\lib\site-packages\sklearn\ensemble\_weight_boosting.py:519: FutureWarning: The SAMME.R algorithm (the default) is deprecated and will be removed in 1.6. Use the SAMME algorithm to circumvent this warning.
  warnings.warn(

2025-06-22 12:08:46,793:WARNING:C:\Users\Lenovo\OneDrive - IRESSEF\Documents\DSWB\Project\Training\Workshop_2025\Github\od\test\no-code-test\py\mlenv\lib\site-packages\sklearn\ensemble\_weight_boosting.py:519: FutureWarning: The SAMME.R algorithm (the default) is deprecated and will be removed in 1.6. Use the SAMME algorithm to circumvent this warning.
  warnings.warn(

2025-06-22 12:08:46,796:WARNING:C:\Users\Lenovo\OneDrive - IRESSEF\Documents\DSWB\Project\Training\Workshop_2025\Github\od\test\no-code-test\py\mlenv\lib\site-packages\sklearn\ensemble\_weight_boosting.py:519: FutureWarning: The SAMME.R algorithm (the default) is deprecated and will be removed in 1.6. Use the SAMME algorithm to circumvent this warning.
  warnings.warn(

2025-06-22 12:08:46,798:WARNING:C:\Users\Lenovo\OneDrive - IRESSEF\Documents\DSWB\Project\Training\Workshop_2025\Github\od\test\no-code-test\py\mlenv\lib\site-packages\sklearn\ensemble\_weight_boosting.py:519: FutureWarning: The SAMME.R algorithm (the default) is deprecated and will be removed in 1.6. Use the SAMME algorithm to circumvent this warning.
  warnings.warn(

2025-06-22 12:08:46,799:WARNING:C:\Users\Lenovo\OneDrive - IRESSEF\Documents\DSWB\Project\Training\Workshop_2025\Github\od\test\no-code-test\py\mlenv\lib\site-packages\sklearn\ensemble\_weight_boosting.py:519: FutureWarning: The SAMME.R algorithm (the default) is deprecated and will be removed in 1.6. Use the SAMME algorithm to circumvent this warning.
  warnings.warn(

2025-06-22 12:08:46,974:INFO:Calculating mean and std
2025-06-22 12:08:46,974:INFO:Creating metrics dataframe
2025-06-22 12:08:46,974:INFO:Uploading results into container
2025-06-22 12:08:46,974:INFO:Uploading model into container now
2025-06-22 12:08:46,974:INFO:_master_model_container: 9
2025-06-22 12:08:46,974:INFO:_display_container: 2
2025-06-22 12:08:46,974:INFO:AdaBoostClassifier(algorithm='SAMME.R', estimator=None, learning_rate=1.0,
                   n_estimators=50, random_state=123)
2025-06-22 12:08:46,974:INFO:create_model() successfully completed......................................
2025-06-22 12:08:47,049:INFO:SubProcess create_model() end ==================================
2025-06-22 12:08:47,049:INFO:Creating metrics dataframe
2025-06-22 12:08:47,049:INFO:Initializing Gradient Boosting Classifier
2025-06-22 12:08:47,049:INFO:Total runtime is 0.24326167503992716 minutes
2025-06-22 12:08:47,049:INFO:SubProcess create_model() called ==================================
2025-06-22 12:08:47,049:INFO:Initializing create_model()
2025-06-22 12:08:47,049:INFO:create_model(self=<pycaret.classification.oop.ClassificationExperiment object at 0x0000025BFBEF8FD0>, estimator=gbc, fold=StratifiedKFold(n_splits=10, random_state=None, shuffle=False), round=4, cross_validation=True, predict=True, fit_kwargs={}, groups=None, refit=False, probability_threshold=None, experiment_custom_tags=None, verbose=False, system=False, add_to_model_list=True, metrics=None, display=<pycaret.internal.display.display.CommonDisplay object at 0x0000025BFB933910>, model_only=True, return_train_score=False, error_score=0.0, kwargs={})
2025-06-22 12:08:47,049:INFO:Checking exceptions
2025-06-22 12:08:47,049:INFO:Importing libraries
2025-06-22 12:08:47,049:INFO:Copying training dataset
2025-06-22 12:08:47,049:INFO:Defining folds
2025-06-22 12:08:47,049:INFO:Declaring metric variables
2025-06-22 12:08:47,049:INFO:Importing untrained model
2025-06-22 12:08:47,049:INFO:Gradient Boosting Classifier Imported successfully
2025-06-22 12:08:47,049:INFO:Starting cross validation
2025-06-22 12:08:47,049:INFO:Cross validating with StratifiedKFold(n_splits=10, random_state=None, shuffle=False), n_jobs=-1
2025-06-22 12:08:47,357:INFO:Calculating mean and std
2025-06-22 12:08:47,357:INFO:Creating metrics dataframe
2025-06-22 12:08:47,359:INFO:Uploading results into container
2025-06-22 12:08:47,359:INFO:Uploading model into container now
2025-06-22 12:08:47,359:INFO:_master_model_container: 10
2025-06-22 12:08:47,359:INFO:_display_container: 2
2025-06-22 12:08:47,359:INFO:GradientBoostingClassifier(ccp_alpha=0.0, criterion='friedman_mse', init=None,
                           learning_rate=0.1, loss='log_loss', max_depth=3,
                           max_features=None, max_leaf_nodes=None,
                           min_impurity_decrease=0.0, min_samples_leaf=1,
                           min_samples_split=2, min_weight_fraction_leaf=0.0,
                           n_estimators=100, n_iter_no_change=None,
                           random_state=123, subsample=1.0, tol=0.0001,
                           validation_fraction=0.1, verbose=0,
                           warm_start=False)
2025-06-22 12:08:47,359:INFO:create_model() successfully completed......................................
2025-06-22 12:08:47,423:INFO:SubProcess create_model() end ==================================
2025-06-22 12:08:47,423:INFO:Creating metrics dataframe
2025-06-22 12:08:47,425:INFO:Initializing Linear Discriminant Analysis
2025-06-22 12:08:47,425:INFO:Total runtime is 0.24952754179636635 minutes
2025-06-22 12:08:47,425:INFO:SubProcess create_model() called ==================================
2025-06-22 12:08:47,425:INFO:Initializing create_model()
2025-06-22 12:08:47,425:INFO:create_model(self=<pycaret.classification.oop.ClassificationExperiment object at 0x0000025BFBEF8FD0>, estimator=lda, fold=StratifiedKFold(n_splits=10, random_state=None, shuffle=False), round=4, cross_validation=True, predict=True, fit_kwargs={}, groups=None, refit=False, probability_threshold=None, experiment_custom_tags=None, verbose=False, system=False, add_to_model_list=True, metrics=None, display=<pycaret.internal.display.display.CommonDisplay object at 0x0000025BFB933910>, model_only=True, return_train_score=False, error_score=0.0, kwargs={})
2025-06-22 12:08:47,425:INFO:Checking exceptions
2025-06-22 12:08:47,426:INFO:Importing libraries
2025-06-22 12:08:47,426:INFO:Copying training dataset
2025-06-22 12:08:47,427:INFO:Defining folds
2025-06-22 12:08:47,427:INFO:Declaring metric variables
2025-06-22 12:08:47,428:INFO:Importing untrained model
2025-06-22 12:08:47,428:INFO:Linear Discriminant Analysis Imported successfully
2025-06-22 12:08:47,428:INFO:Starting cross validation
2025-06-22 12:08:47,428:INFO:Cross validating with StratifiedKFold(n_splits=10, random_state=None, shuffle=False), n_jobs=-1
2025-06-22 12:08:47,513:INFO:Calculating mean and std
2025-06-22 12:08:47,513:INFO:Creating metrics dataframe
2025-06-22 12:08:47,515:INFO:Uploading results into container
2025-06-22 12:08:47,515:INFO:Uploading model into container now
2025-06-22 12:08:47,515:INFO:_master_model_container: 11
2025-06-22 12:08:47,515:INFO:_display_container: 2
2025-06-22 12:08:47,515:INFO:LinearDiscriminantAnalysis(covariance_estimator=None, n_components=None,
                           priors=None, shrinkage=None, solver='svd',
                           store_covariance=False, tol=0.0001)
2025-06-22 12:08:47,515:INFO:create_model() successfully completed......................................
2025-06-22 12:08:47,592:INFO:SubProcess create_model() end ==================================
2025-06-22 12:08:47,592:INFO:Creating metrics dataframe
2025-06-22 12:08:47,594:INFO:Initializing Extra Trees Classifier
2025-06-22 12:08:47,594:INFO:Total runtime is 0.25233836174011226 minutes
2025-06-22 12:08:47,595:INFO:SubProcess create_model() called ==================================
2025-06-22 12:08:47,595:INFO:Initializing create_model()
2025-06-22 12:08:47,595:INFO:create_model(self=<pycaret.classification.oop.ClassificationExperiment object at 0x0000025BFBEF8FD0>, estimator=et, fold=StratifiedKFold(n_splits=10, random_state=None, shuffle=False), round=4, cross_validation=True, predict=True, fit_kwargs={}, groups=None, refit=False, probability_threshold=None, experiment_custom_tags=None, verbose=False, system=False, add_to_model_list=True, metrics=None, display=<pycaret.internal.display.display.CommonDisplay object at 0x0000025BFB933910>, model_only=True, return_train_score=False, error_score=0.0, kwargs={})
2025-06-22 12:08:47,595:INFO:Checking exceptions
2025-06-22 12:08:47,595:INFO:Importing libraries
2025-06-22 12:08:47,595:INFO:Copying training dataset
2025-06-22 12:08:47,597:INFO:Defining folds
2025-06-22 12:08:47,597:INFO:Declaring metric variables
2025-06-22 12:08:47,598:INFO:Importing untrained model
2025-06-22 12:08:47,598:INFO:Extra Trees Classifier Imported successfully
2025-06-22 12:08:47,598:INFO:Starting cross validation
2025-06-22 12:08:47,598:INFO:Cross validating with StratifiedKFold(n_splits=10, random_state=None, shuffle=False), n_jobs=-1
2025-06-22 12:08:48,110:INFO:Calculating mean and std
2025-06-22 12:08:48,110:INFO:Creating metrics dataframe
2025-06-22 12:08:48,112:INFO:Uploading results into container
2025-06-22 12:08:48,112:INFO:Uploading model into container now
2025-06-22 12:08:48,112:INFO:_master_model_container: 12
2025-06-22 12:08:48,112:INFO:_display_container: 2
2025-06-22 12:08:48,112:INFO:ExtraTreesClassifier(bootstrap=False, ccp_alpha=0.0, class_weight=None,
                     criterion='gini', max_depth=None, max_features='sqrt',
                     max_leaf_nodes=None, max_samples=None,
                     min_impurity_decrease=0.0, min_samples_leaf=1,
                     min_samples_split=2, min_weight_fraction_leaf=0.0,
                     monotonic_cst=None, n_estimators=100, n_jobs=-1,
                     oob_score=False, random_state=123, verbose=0,
                     warm_start=False)
2025-06-22 12:08:48,112:INFO:create_model() successfully completed......................................
2025-06-22 12:08:48,189:INFO:SubProcess create_model() end ==================================
2025-06-22 12:08:48,189:INFO:Creating metrics dataframe
2025-06-22 12:08:48,191:INFO:Initializing Light Gradient Boosting Machine
2025-06-22 12:08:48,191:INFO:Total runtime is 0.2622872153917948 minutes
2025-06-22 12:08:48,191:INFO:SubProcess create_model() called ==================================
2025-06-22 12:08:48,191:INFO:Initializing create_model()
2025-06-22 12:08:48,191:INFO:create_model(self=<pycaret.classification.oop.ClassificationExperiment object at 0x0000025BFBEF8FD0>, estimator=lightgbm, fold=StratifiedKFold(n_splits=10, random_state=None, shuffle=False), round=4, cross_validation=True, predict=True, fit_kwargs={}, groups=None, refit=False, probability_threshold=None, experiment_custom_tags=None, verbose=False, system=False, add_to_model_list=True, metrics=None, display=<pycaret.internal.display.display.CommonDisplay object at 0x0000025BFB933910>, model_only=True, return_train_score=False, error_score=0.0, kwargs={})
2025-06-22 12:08:48,191:INFO:Checking exceptions
2025-06-22 12:08:48,191:INFO:Importing libraries
2025-06-22 12:08:48,191:INFO:Copying training dataset
2025-06-22 12:08:48,193:INFO:Defining folds
2025-06-22 12:08:48,193:INFO:Declaring metric variables
2025-06-22 12:08:48,193:INFO:Importing untrained model
2025-06-22 12:08:48,193:INFO:Light Gradient Boosting Machine Imported successfully
2025-06-22 12:08:48,193:INFO:Starting cross validation
2025-06-22 12:08:48,195:INFO:Cross validating with StratifiedKFold(n_splits=10, random_state=None, shuffle=False), n_jobs=-1
2025-06-22 12:08:49,565:INFO:Calculating mean and std
2025-06-22 12:08:49,567:INFO:Creating metrics dataframe
2025-06-22 12:08:49,569:INFO:Uploading results into container
2025-06-22 12:08:49,571:INFO:Uploading model into container now
2025-06-22 12:08:49,571:INFO:_master_model_container: 13
2025-06-22 12:08:49,571:INFO:_display_container: 2
2025-06-22 12:08:49,571:INFO:LGBMClassifier(boosting_type='gbdt', class_weight=None, colsample_bytree=1.0,
               importance_type='split', learning_rate=0.1, max_depth=-1,
               min_child_samples=20, min_child_weight=0.001, min_split_gain=0.0,
               n_estimators=100, n_jobs=-1, num_leaves=31, objective=None,
               random_state=123, reg_alpha=0.0, reg_lambda=0.0, subsample=1.0,
               subsample_for_bin=200000, subsample_freq=0)
2025-06-22 12:08:49,571:INFO:create_model() successfully completed......................................
2025-06-22 12:08:49,669:INFO:SubProcess create_model() end ==================================
2025-06-22 12:08:49,669:INFO:Creating metrics dataframe
2025-06-22 12:08:49,671:INFO:Initializing Dummy Classifier
2025-06-22 12:08:49,671:INFO:Total runtime is 0.2869611899058023 minutes
2025-06-22 12:08:49,671:INFO:SubProcess create_model() called ==================================
2025-06-22 12:08:49,671:INFO:Initializing create_model()
2025-06-22 12:08:49,671:INFO:create_model(self=<pycaret.classification.oop.ClassificationExperiment object at 0x0000025BFBEF8FD0>, estimator=dummy, fold=StratifiedKFold(n_splits=10, random_state=None, shuffle=False), round=4, cross_validation=True, predict=True, fit_kwargs={}, groups=None, refit=False, probability_threshold=None, experiment_custom_tags=None, verbose=False, system=False, add_to_model_list=True, metrics=None, display=<pycaret.internal.display.display.CommonDisplay object at 0x0000025BFB933910>, model_only=True, return_train_score=False, error_score=0.0, kwargs={})
2025-06-22 12:08:49,671:INFO:Checking exceptions
2025-06-22 12:08:49,671:INFO:Importing libraries
2025-06-22 12:08:49,671:INFO:Copying training dataset
2025-06-22 12:08:49,675:INFO:Defining folds
2025-06-22 12:08:49,675:INFO:Declaring metric variables
2025-06-22 12:08:49,675:INFO:Importing untrained model
2025-06-22 12:08:49,677:INFO:Dummy Classifier Imported successfully
2025-06-22 12:08:49,677:INFO:Starting cross validation
2025-06-22 12:08:49,677:INFO:Cross validating with StratifiedKFold(n_splits=10, random_state=None, shuffle=False), n_jobs=-1
2025-06-22 12:08:49,717:WARNING:C:\Users\Lenovo\OneDrive - IRESSEF\Documents\DSWB\Project\Training\Workshop_2025\Github\od\test\no-code-test\py\mlenv\lib\site-packages\sklearn\metrics\_classification.py:1509: UndefinedMetricWarning: Precision is ill-defined and being set to 0.0 due to no predicted samples. Use `zero_division` parameter to control this behavior.
  _warn_prf(average, modifier, f"{metric.capitalize()} is", len(result))

2025-06-22 12:08:49,717:WARNING:C:\Users\Lenovo\OneDrive - IRESSEF\Documents\DSWB\Project\Training\Workshop_2025\Github\od\test\no-code-test\py\mlenv\lib\site-packages\sklearn\metrics\_classification.py:1509: UndefinedMetricWarning: Precision is ill-defined and being set to 0.0 due to no predicted samples. Use `zero_division` parameter to control this behavior.
  _warn_prf(average, modifier, f"{metric.capitalize()} is", len(result))

2025-06-22 12:08:49,717:WARNING:C:\Users\Lenovo\OneDrive - IRESSEF\Documents\DSWB\Project\Training\Workshop_2025\Github\od\test\no-code-test\py\mlenv\lib\site-packages\sklearn\metrics\_classification.py:1509: UndefinedMetricWarning: Precision is ill-defined and being set to 0.0 due to no predicted samples. Use `zero_division` parameter to control this behavior.
  _warn_prf(average, modifier, f"{metric.capitalize()} is", len(result))

2025-06-22 12:08:49,759:WARNING:C:\Users\Lenovo\OneDrive - IRESSEF\Documents\DSWB\Project\Training\Workshop_2025\Github\od\test\no-code-test\py\mlenv\lib\site-packages\sklearn\metrics\_classification.py:1509: UndefinedMetricWarning: Precision is ill-defined and being set to 0.0 due to no predicted samples. Use `zero_division` parameter to control this behavior.
  _warn_prf(average, modifier, f"{metric.capitalize()} is", len(result))

2025-06-22 12:08:49,771:WARNING:C:\Users\Lenovo\OneDrive - IRESSEF\Documents\DSWB\Project\Training\Workshop_2025\Github\od\test\no-code-test\py\mlenv\lib\site-packages\sklearn\metrics\_classification.py:1509: UndefinedMetricWarning: Precision is ill-defined and being set to 0.0 due to no predicted samples. Use `zero_division` parameter to control this behavior.
  _warn_prf(average, modifier, f"{metric.capitalize()} is", len(result))

2025-06-22 12:08:49,780:WARNING:C:\Users\Lenovo\OneDrive - IRESSEF\Documents\DSWB\Project\Training\Workshop_2025\Github\od\test\no-code-test\py\mlenv\lib\site-packages\sklearn\metrics\_classification.py:1509: UndefinedMetricWarning: Precision is ill-defined and being set to 0.0 due to no predicted samples. Use `zero_division` parameter to control this behavior.
  _warn_prf(average, modifier, f"{metric.capitalize()} is", len(result))

2025-06-22 12:08:49,780:WARNING:C:\Users\Lenovo\OneDrive - IRESSEF\Documents\DSWB\Project\Training\Workshop_2025\Github\od\test\no-code-test\py\mlenv\lib\site-packages\sklearn\metrics\_classification.py:1509: UndefinedMetricWarning: Precision is ill-defined and being set to 0.0 due to no predicted samples. Use `zero_division` parameter to control this behavior.
  _warn_prf(average, modifier, f"{metric.capitalize()} is", len(result))

2025-06-22 12:08:49,788:WARNING:C:\Users\Lenovo\OneDrive - IRESSEF\Documents\DSWB\Project\Training\Workshop_2025\Github\od\test\no-code-test\py\mlenv\lib\site-packages\sklearn\metrics\_classification.py:1509: UndefinedMetricWarning: Precision is ill-defined and being set to 0.0 due to no predicted samples. Use `zero_division` parameter to control this behavior.
  _warn_prf(average, modifier, f"{metric.capitalize()} is", len(result))

2025-06-22 12:08:49,788:WARNING:C:\Users\Lenovo\OneDrive - IRESSEF\Documents\DSWB\Project\Training\Workshop_2025\Github\od\test\no-code-test\py\mlenv\lib\site-packages\sklearn\metrics\_classification.py:1509: UndefinedMetricWarning: Precision is ill-defined and being set to 0.0 due to no predicted samples. Use `zero_division` parameter to control this behavior.
  _warn_prf(average, modifier, f"{metric.capitalize()} is", len(result))

2025-06-22 12:08:49,796:WARNING:C:\Users\Lenovo\OneDrive - IRESSEF\Documents\DSWB\Project\Training\Workshop_2025\Github\od\test\no-code-test\py\mlenv\lib\site-packages\sklearn\metrics\_classification.py:1509: UndefinedMetricWarning: Precision is ill-defined and being set to 0.0 due to no predicted samples. Use `zero_division` parameter to control this behavior.
  _warn_prf(average, modifier, f"{metric.capitalize()} is", len(result))

2025-06-22 12:08:49,813:INFO:Calculating mean and std
2025-06-22 12:08:49,813:INFO:Creating metrics dataframe
2025-06-22 12:08:49,815:INFO:Uploading results into container
2025-06-22 12:08:49,815:INFO:Uploading model into container now
2025-06-22 12:08:49,815:INFO:_master_model_container: 14
2025-06-22 12:08:49,815:INFO:_display_container: 2
2025-06-22 12:08:49,815:INFO:DummyClassifier(constant=None, random_state=123, strategy='prior')
2025-06-22 12:08:49,815:INFO:create_model() successfully completed......................................
2025-06-22 12:08:49,894:INFO:SubProcess create_model() end ==================================
2025-06-22 12:08:49,894:INFO:Creating metrics dataframe
2025-06-22 12:08:49,898:WARNING:C:\Users\Lenovo\OneDrive - IRESSEF\Documents\DSWB\Project\Training\Workshop_2025\Github\od\test\no-code-test\py\mlenv\lib\site-packages\pycaret\internal\pycaret_experiment\supervised_experiment.py:323: FutureWarning: Styler.applymap has been deprecated. Use Styler.map instead.
  master_display_.apply(

2025-06-22 12:08:49,898:INFO:Initializing create_model()
2025-06-22 12:08:49,898:INFO:create_model(self=<pycaret.classification.oop.ClassificationExperiment object at 0x0000025BFBEF8FD0>, estimator=LogisticRegression(C=1.0, class_weight=None, dual=False, fit_intercept=True,
                   intercept_scaling=1, l1_ratio=None, max_iter=1000,
                   multi_class='auto', n_jobs=None, penalty='l2',
                   random_state=123, solver='lbfgs', tol=0.0001, verbose=0,
                   warm_start=False), fold=StratifiedKFold(n_splits=10, random_state=None, shuffle=False), round=4, cross_validation=False, predict=False, fit_kwargs={}, groups=None, refit=True, probability_threshold=None, experiment_custom_tags=None, verbose=False, system=False, add_to_model_list=True, metrics=None, display=None, model_only=True, return_train_score=False, error_score=0.0, kwargs={})
2025-06-22 12:08:49,898:INFO:Checking exceptions
2025-06-22 12:08:49,898:INFO:Importing libraries
2025-06-22 12:08:49,898:INFO:Copying training dataset
2025-06-22 12:08:49,898:INFO:Defining folds
2025-06-22 12:08:49,898:INFO:Declaring metric variables
2025-06-22 12:08:49,898:INFO:Importing untrained model
2025-06-22 12:08:49,898:INFO:Declaring custom model
2025-06-22 12:08:49,898:INFO:Logistic Regression Imported successfully
2025-06-22 12:08:49,898:INFO:Cross validation set to False
2025-06-22 12:08:49,898:INFO:Fitting Model
2025-06-22 12:08:49,916:INFO:LogisticRegression(C=1.0, class_weight=None, dual=False, fit_intercept=True,
                   intercept_scaling=1, l1_ratio=None, max_iter=1000,
                   multi_class='auto', n_jobs=None, penalty='l2',
                   random_state=123, solver='lbfgs', tol=0.0001, verbose=0,
                   warm_start=False)
2025-06-22 12:08:49,916:INFO:create_model() successfully completed......................................
2025-06-22 12:08:49,977:INFO:Initializing create_model()
2025-06-22 12:08:49,977:INFO:create_model(self=<pycaret.classification.oop.ClassificationExperiment object at 0x0000025BFBEF8FD0>, estimator=RidgeClassifier(alpha=1.0, class_weight=None, copy_X=True, fit_intercept=True,
                max_iter=None, positive=False, random_state=123, solver='auto',
                tol=0.0001), fold=StratifiedKFold(n_splits=10, random_state=None, shuffle=False), round=4, cross_validation=False, predict=False, fit_kwargs={}, groups=None, refit=True, probability_threshold=None, experiment_custom_tags=None, verbose=False, system=False, add_to_model_list=True, metrics=None, display=None, model_only=True, return_train_score=False, error_score=0.0, kwargs={})
2025-06-22 12:08:49,977:INFO:Checking exceptions
2025-06-22 12:08:49,985:INFO:Importing libraries
2025-06-22 12:08:49,985:INFO:Copying training dataset
2025-06-22 12:08:49,989:INFO:Defining folds
2025-06-22 12:08:49,989:INFO:Declaring metric variables
2025-06-22 12:08:49,989:INFO:Importing untrained model
2025-06-22 12:08:49,989:INFO:Declaring custom model
2025-06-22 12:08:49,989:INFO:Ridge Classifier Imported successfully
2025-06-22 12:08:49,991:INFO:Cross validation set to False
2025-06-22 12:08:49,991:INFO:Fitting Model
2025-06-22 12:08:50,002:INFO:RidgeClassifier(alpha=1.0, class_weight=None, copy_X=True, fit_intercept=True,
                max_iter=None, positive=False, random_state=123, solver='auto',
                tol=0.0001)
2025-06-22 12:08:50,002:INFO:create_model() successfully completed......................................
2025-06-22 12:08:50,098:INFO:Initializing create_model()
2025-06-22 12:08:50,098:INFO:create_model(self=<pycaret.classification.oop.ClassificationExperiment object at 0x0000025BFBEF8FD0>, estimator=LinearDiscriminantAnalysis(covariance_estimator=None, n_components=None,
                           priors=None, shrinkage=None, solver='svd',
                           store_covariance=False, tol=0.0001), fold=StratifiedKFold(n_splits=10, random_state=None, shuffle=False), round=4, cross_validation=False, predict=False, fit_kwargs={}, groups=None, refit=True, probability_threshold=None, experiment_custom_tags=None, verbose=False, system=False, add_to_model_list=True, metrics=None, display=None, model_only=True, return_train_score=False, error_score=0.0, kwargs={})
2025-06-22 12:08:50,098:INFO:Checking exceptions
2025-06-22 12:08:50,098:INFO:Importing libraries
2025-06-22 12:08:50,098:INFO:Copying training dataset
2025-06-22 12:08:50,098:INFO:Defining folds
2025-06-22 12:08:50,098:INFO:Declaring metric variables
2025-06-22 12:08:50,098:INFO:Importing untrained model
2025-06-22 12:08:50,098:INFO:Declaring custom model
2025-06-22 12:08:50,098:INFO:Linear Discriminant Analysis Imported successfully
2025-06-22 12:08:50,098:INFO:Cross validation set to False
2025-06-22 12:08:50,098:INFO:Fitting Model
2025-06-22 12:08:50,115:INFO:LinearDiscriminantAnalysis(covariance_estimator=None, n_components=None,
                           priors=None, shrinkage=None, solver='svd',
                           store_covariance=False, tol=0.0001)
2025-06-22 12:08:50,115:INFO:create_model() successfully completed......................................
2025-06-22 12:08:50,181:INFO:Initializing create_model()
2025-06-22 12:08:50,181:INFO:create_model(self=<pycaret.classification.oop.ClassificationExperiment object at 0x0000025BFBEF8FD0>, estimator=RandomForestClassifier(bootstrap=True, ccp_alpha=0.0, class_weight=None,
                       criterion='gini', max_depth=None, max_features='sqrt',
                       max_leaf_nodes=None, max_samples=None,
                       min_impurity_decrease=0.0, min_samples_leaf=1,
                       min_samples_split=2, min_weight_fraction_leaf=0.0,
                       monotonic_cst=None, n_estimators=100, n_jobs=-1,
                       oob_score=False, random_state=123, verbose=0,
                       warm_start=False), fold=StratifiedKFold(n_splits=10, random_state=None, shuffle=False), round=4, cross_validation=False, predict=False, fit_kwargs={}, groups=None, refit=True, probability_threshold=None, experiment_custom_tags=None, verbose=False, system=False, add_to_model_list=True, metrics=None, display=None, model_only=True, return_train_score=False, error_score=0.0, kwargs={})
2025-06-22 12:08:50,181:INFO:Checking exceptions
2025-06-22 12:08:50,181:INFO:Importing libraries
2025-06-22 12:08:50,181:INFO:Copying training dataset
2025-06-22 12:08:50,198:INFO:Defining folds
2025-06-22 12:08:50,198:INFO:Declaring metric variables
2025-06-22 12:08:50,198:INFO:Importing untrained model
2025-06-22 12:08:50,198:INFO:Declaring custom model
2025-06-22 12:08:50,198:INFO:Random Forest Classifier Imported successfully
2025-06-22 12:08:50,198:INFO:Cross validation set to False
2025-06-22 12:08:50,198:INFO:Fitting Model
2025-06-22 12:08:50,448:INFO:RandomForestClassifier(bootstrap=True, ccp_alpha=0.0, class_weight=None,
                       criterion='gini', max_depth=None, max_features='sqrt',
                       max_leaf_nodes=None, max_samples=None,
                       min_impurity_decrease=0.0, min_samples_leaf=1,
                       min_samples_split=2, min_weight_fraction_leaf=0.0,
                       monotonic_cst=None, n_estimators=100, n_jobs=-1,
                       oob_score=False, random_state=123, verbose=0,
                       warm_start=False)
2025-06-22 12:08:50,448:INFO:create_model() successfully completed......................................
2025-06-22 12:08:50,572:INFO:Initializing create_model()
2025-06-22 12:08:50,572:INFO:create_model(self=<pycaret.classification.oop.ClassificationExperiment object at 0x0000025BFBEF8FD0>, estimator=GaussianNB(priors=None, var_smoothing=1e-09), fold=StratifiedKFold(n_splits=10, random_state=None, shuffle=False), round=4, cross_validation=False, predict=False, fit_kwargs={}, groups=None, refit=True, probability_threshold=None, experiment_custom_tags=None, verbose=False, system=False, add_to_model_list=True, metrics=None, display=None, model_only=True, return_train_score=False, error_score=0.0, kwargs={})
2025-06-22 12:08:50,572:INFO:Checking exceptions
2025-06-22 12:08:50,572:INFO:Importing libraries
2025-06-22 12:08:50,572:INFO:Copying training dataset
2025-06-22 12:08:50,576:INFO:Defining folds
2025-06-22 12:08:50,576:INFO:Declaring metric variables
2025-06-22 12:08:50,576:INFO:Importing untrained model
2025-06-22 12:08:50,576:INFO:Declaring custom model
2025-06-22 12:08:50,576:INFO:Naive Bayes Imported successfully
2025-06-22 12:08:50,576:INFO:Cross validation set to False
2025-06-22 12:08:50,576:INFO:Fitting Model
2025-06-22 12:08:50,581:INFO:GaussianNB(priors=None, var_smoothing=1e-09)
2025-06-22 12:08:50,581:INFO:create_model() successfully completed......................................
2025-06-22 12:08:50,703:INFO:_master_model_container: 14
2025-06-22 12:08:50,703:INFO:_display_container: 2
2025-06-22 12:08:50,705:INFO:[LogisticRegression(C=1.0, class_weight=None, dual=False, fit_intercept=True,
                   intercept_scaling=1, l1_ratio=None, max_iter=1000,
                   multi_class='auto', n_jobs=None, penalty='l2',
                   random_state=123, solver='lbfgs', tol=0.0001, verbose=0,
                   warm_start=False), RidgeClassifier(alpha=1.0, class_weight=None, copy_X=True, fit_intercept=True,
                max_iter=None, positive=False, random_state=123, solver='auto',
                tol=0.0001), LinearDiscriminantAnalysis(covariance_estimator=None, n_components=None,
                           priors=None, shrinkage=None, solver='svd',
                           store_covariance=False, tol=0.0001), RandomForestClassifier(bootstrap=True, ccp_alpha=0.0, class_weight=None,
                       criterion='gini', max_depth=None, max_features='sqrt',
                       max_leaf_nodes=None, max_samples=None,
                       min_impurity_decrease=0.0, min_samples_leaf=1,
                       min_samples_split=2, min_weight_fraction_leaf=0.0,
                       monotonic_cst=None, n_estimators=100, n_jobs=-1,
                       oob_score=False, random_state=123, verbose=0,
                       warm_start=False), GaussianNB(priors=None, var_smoothing=1e-09)]
2025-06-22 12:08:50,705:INFO:compare_models() successfully completed......................................
2025-06-22 12:10:58,956:INFO:PyCaret ClassificationExperiment
2025-06-22 12:10:58,956:INFO:Logging name: clf-default-name
2025-06-22 12:10:58,956:INFO:ML Usecase: MLUsecase.CLASSIFICATION
2025-06-22 12:10:58,956:INFO:version 3.3.2
2025-06-22 12:10:58,956:INFO:Initializing setup()
2025-06-22 12:10:58,956:INFO:self.USI: e1b0
2025-06-22 12:10:58,956:INFO:self._variable_keys: {'X_test', 'n_jobs_param', 'target_param', 'pipeline', 'X', 'X_train', 'logging_param', 'exp_id', 'memory', 'idx', 'log_plots_param', 'exp_name_log', '_ml_usecase', 'USI', 'fold_groups_param', 'gpu_n_jobs_param', 'fold_shuffle_param', 'is_multiclass', 'data', 'fold_generator', 'y_train', 'y', 'y_test', 'fix_imbalance', 'html_param', 'seed', '_available_plots', 'gpu_param'}
2025-06-22 12:10:58,956:INFO:Checking environment
2025-06-22 12:10:58,956:INFO:python_version: 3.10.4
2025-06-22 12:10:58,956:INFO:python_build: ('tags/v3.10.4:9d38120', 'Mar 23 2022 23:13:41')
2025-06-22 12:10:58,956:INFO:machine: AMD64
2025-06-22 12:10:58,956:INFO:platform: Windows-10-10.0.26100-SP0
2025-06-22 12:10:58,972:INFO:Memory: svmem(total=16871448576, available=1344913408, percent=92.0, used=15526535168, free=1344913408)
2025-06-22 12:10:58,972:INFO:Physical Core: 10
2025-06-22 12:10:58,972:INFO:Logical Core: 12
2025-06-22 12:10:58,972:INFO:Checking libraries
2025-06-22 12:10:58,972:INFO:System:
2025-06-22 12:10:58,972:INFO:    python: 3.10.4 (tags/v3.10.4:9d38120, Mar 23 2022, 23:13:41) [MSC v.1929 64 bit (AMD64)]
2025-06-22 12:10:58,972:INFO:executable: C:\Users\Lenovo\OneDrive - IRESSEF\Documents\DSWB\Project\Training\Workshop_2025\Github\od\test\no-code-test\py\mlenv\Scripts\python.exe
2025-06-22 12:10:58,972:INFO:   machine: Windows-10-10.0.26100-SP0
2025-06-22 12:10:58,972:INFO:PyCaret required dependencies:
2025-06-22 12:10:58,972:INFO:                 pip: 22.0.4
2025-06-22 12:10:58,972:INFO:          setuptools: 58.1.0
2025-06-22 12:10:58,972:INFO:             pycaret: 3.3.2
2025-06-22 12:10:58,972:INFO:             IPython: 8.37.0
2025-06-22 12:10:58,972:INFO:          ipywidgets: 8.1.7
2025-06-22 12:10:58,972:INFO:                tqdm: 4.67.1
2025-06-22 12:10:58,972:INFO:               numpy: 1.26.4
2025-06-22 12:10:58,972:INFO:              pandas: 2.1.4
2025-06-22 12:10:58,972:INFO:              jinja2: 3.1.6
2025-06-22 12:10:58,972:INFO:               scipy: 1.11.4
2025-06-22 12:10:58,972:INFO:              joblib: 1.3.2
2025-06-22 12:10:58,972:INFO:             sklearn: 1.4.2
2025-06-22 12:10:58,972:INFO:                pyod: 2.0.5
2025-06-22 12:10:58,972:INFO:            imblearn: 0.13.0
2025-06-22 12:10:58,972:INFO:   category_encoders: 2.7.0
2025-06-22 12:10:58,972:INFO:            lightgbm: 4.6.0
2025-06-22 12:10:58,972:INFO:               numba: 0.61.2
2025-06-22 12:10:58,972:INFO:            requests: 2.32.4
2025-06-22 12:10:58,972:INFO:          matplotlib: 3.7.5
2025-06-22 12:10:58,972:INFO:          scikitplot: 0.3.7
2025-06-22 12:10:58,972:INFO:         yellowbrick: 1.5
2025-06-22 12:10:58,972:INFO:              plotly: 5.24.1
2025-06-22 12:10:58,972:INFO:    plotly-resampler: Not installed
2025-06-22 12:10:58,972:INFO:             kaleido: 1.0.0
2025-06-22 12:10:58,972:INFO:           schemdraw: 0.15
2025-06-22 12:10:58,972:INFO:         statsmodels: 0.14.4
2025-06-22 12:10:58,972:INFO:              sktime: 0.26.0
2025-06-22 12:10:58,972:INFO:               tbats: 1.1.3
2025-06-22 12:10:58,972:INFO:            pmdarima: 2.0.4
2025-06-22 12:10:58,972:INFO:              psutil: 7.0.0
2025-06-22 12:10:58,972:INFO:          markupsafe: 3.0.2
2025-06-22 12:10:58,972:INFO:             pickle5: Not installed
2025-06-22 12:10:58,972:INFO:         cloudpickle: 3.1.1
2025-06-22 12:10:58,972:INFO:         deprecation: 2.1.0
2025-06-22 12:10:58,972:INFO:              xxhash: 3.5.0
2025-06-22 12:10:58,972:INFO:           wurlitzer: Not installed
2025-06-22 12:10:58,972:INFO:PyCaret optional dependencies:
2025-06-22 12:10:58,972:INFO:                shap: Not installed
2025-06-22 12:10:58,972:INFO:           interpret: Not installed
2025-06-22 12:10:58,972:INFO:                umap: Not installed
2025-06-22 12:10:58,972:INFO:     ydata_profiling: Not installed
2025-06-22 12:10:58,972:INFO:  explainerdashboard: Not installed
2025-06-22 12:10:58,972:INFO:             autoviz: Not installed
2025-06-22 12:10:58,972:INFO:           fairlearn: Not installed
2025-06-22 12:10:58,972:INFO:          deepchecks: Not installed
2025-06-22 12:10:58,972:INFO:             xgboost: Not installed
2025-06-22 12:10:58,972:INFO:            catboost: Not installed
2025-06-22 12:10:58,972:INFO:              kmodes: Not installed
2025-06-22 12:10:58,972:INFO:             mlxtend: Not installed
2025-06-22 12:10:58,972:INFO:       statsforecast: Not installed
2025-06-22 12:10:58,972:INFO:        tune_sklearn: Not installed
2025-06-22 12:10:58,972:INFO:                 ray: Not installed
2025-06-22 12:10:58,972:INFO:            hyperopt: Not installed
2025-06-22 12:10:58,972:INFO:              optuna: Not installed
2025-06-22 12:10:58,972:INFO:               skopt: Not installed
2025-06-22 12:10:58,972:INFO:              mlflow: Not installed
2025-06-22 12:10:58,972:INFO:              gradio: Not installed
2025-06-22 12:10:58,972:INFO:             fastapi: 0.115.13
2025-06-22 12:10:58,972:INFO:             uvicorn: 0.34.3
2025-06-22 12:10:58,972:INFO:              m2cgen: Not installed
2025-06-22 12:10:58,972:INFO:           evidently: Not installed
2025-06-22 12:10:58,972:INFO:               fugue: Not installed
2025-06-22 12:10:58,972:INFO:           streamlit: Not installed
2025-06-22 12:10:58,972:INFO:             prophet: Not installed
2025-06-22 12:10:58,972:INFO:None
2025-06-22 12:10:58,972:INFO:Set up data.
2025-06-22 12:10:58,988:INFO:Set up folding strategy.
2025-06-22 12:10:58,988:INFO:Set up train/test split.
2025-06-22 12:10:58,988:INFO:Set up index.
2025-06-22 12:10:58,988:INFO:Assigning column types.
2025-06-22 12:10:58,988:INFO:Engine successfully changes for model 'lr' to 'sklearn'.
2025-06-22 12:10:59,019:INFO:Engine for model 'knn' has not been set explicitly, hence returning None.
2025-06-22 12:10:59,019:INFO:Engine for model 'rbfsvm' has not been set explicitly, hence returning None.
2025-06-22 12:10:59,041:WARNING:
'xgboost' is a soft dependency and not included in the pycaret installation. Please run: `pip install xgboost` to install.
Alternately, you can install this by running `pip install pycaret[models]`
2025-06-22 12:10:59,043:WARNING:
'catboost' is a soft dependency and not included in the pycaret installation. Please run: `pip install catboost` to install.
Alternately, you can install this by running `pip install pycaret[models]`
2025-06-22 12:10:59,067:INFO:Engine for model 'knn' has not been set explicitly, hence returning None.
2025-06-22 12:10:59,068:INFO:Engine for model 'rbfsvm' has not been set explicitly, hence returning None.
2025-06-22 12:10:59,074:WARNING:
'xgboost' is a soft dependency and not included in the pycaret installation. Please run: `pip install xgboost` to install.
Alternately, you can install this by running `pip install pycaret[models]`
2025-06-22 12:10:59,074:WARNING:
'catboost' is a soft dependency and not included in the pycaret installation. Please run: `pip install catboost` to install.
Alternately, you can install this by running `pip install pycaret[models]`
2025-06-22 12:10:59,074:INFO:Engine successfully changes for model 'knn' to 'sklearn'.
2025-06-22 12:10:59,106:INFO:Engine for model 'rbfsvm' has not been set explicitly, hence returning None.
2025-06-22 12:10:59,106:WARNING:
'xgboost' is a soft dependency and not included in the pycaret installation. Please run: `pip install xgboost` to install.
Alternately, you can install this by running `pip install pycaret[models]`
2025-06-22 12:10:59,106:WARNING:
'catboost' is a soft dependency and not included in the pycaret installation. Please run: `pip install catboost` to install.
Alternately, you can install this by running `pip install pycaret[models]`
2025-06-22 12:10:59,146:INFO:Engine for model 'rbfsvm' has not been set explicitly, hence returning None.
2025-06-22 12:10:59,162:WARNING:
'xgboost' is a soft dependency and not included in the pycaret installation. Please run: `pip install xgboost` to install.
Alternately, you can install this by running `pip install pycaret[models]`
2025-06-22 12:10:59,162:WARNING:
'catboost' is a soft dependency and not included in the pycaret installation. Please run: `pip install catboost` to install.
Alternately, you can install this by running `pip install pycaret[models]`
2025-06-22 12:10:59,162:INFO:Engine successfully changes for model 'rbfsvm' to 'sklearn'.
2025-06-22 12:10:59,218:WARNING:
'xgboost' is a soft dependency and not included in the pycaret installation. Please run: `pip install xgboost` to install.
Alternately, you can install this by running `pip install pycaret[models]`
2025-06-22 12:10:59,219:WARNING:
'catboost' is a soft dependency and not included in the pycaret installation. Please run: `pip install catboost` to install.
Alternately, you can install this by running `pip install pycaret[models]`
2025-06-22 12:10:59,259:WARNING:
'xgboost' is a soft dependency and not included in the pycaret installation. Please run: `pip install xgboost` to install.
Alternately, you can install this by running `pip install pycaret[models]`
2025-06-22 12:10:59,259:WARNING:
'catboost' is a soft dependency and not included in the pycaret installation. Please run: `pip install catboost` to install.
Alternately, you can install this by running `pip install pycaret[models]`
2025-06-22 12:10:59,261:INFO:Preparing preprocessing pipeline...
2025-06-22 12:10:59,262:INFO:Set up simple imputation.
2025-06-22 12:10:59,272:INFO:Finished creating preprocessing pipeline.
2025-06-22 12:10:59,274:INFO:Pipeline: Pipeline(memory=FastMemory(location=C:\Users\Lenovo\AppData\Local\Temp\joblib),
         steps=[('numerical_imputer',
                 TransformerWrapper(exclude=None,
                                    include=['Pregnancies', 'Glucose',
                                             'BloodPressure', 'SkinThickness',
                                             'Insulin', 'BMI',
                                             'DiabetesPedigreeFunction',
                                             'Age'],
                                    transformer=SimpleImputer(add_indicator=False,
                                                              copy=True,
                                                              fill_value=None,
                                                              keep_empty_features=False,
                                                              missing_values=nan,
                                                              strategy='mean'))),
                ('categorical_imputer',
                 TransformerWrapper(exclude=None, include=[],
                                    transformer=SimpleImputer(add_indicator=False,
                                                              copy=True,
                                                              fill_value=None,
                                                              keep_empty_features=False,
                                                              missing_values=nan,
                                                              strategy='most_frequent')))],
         verbose=False)
2025-06-22 12:10:59,274:INFO:Creating final display dataframe.
2025-06-22 12:10:59,308:INFO:Setup _display_container:                     Description             Value
0                    Session id               123
1                        Target           Outcome
2                   Target type            Binary
3           Original data shape          (768, 9)
4        Transformed data shape          (768, 9)
5   Transformed train set shape          (537, 9)
6    Transformed test set shape          (231, 9)
7              Numeric features                 8
8                    Preprocess              True
9               Imputation type            simple
10           Numeric imputation              mean
11       Categorical imputation              mode
12               Fold Generator   StratifiedKFold
13                  Fold Number                10
14                     CPU Jobs                -1
15                      Use GPU             False
16               Log Experiment             False
17              Experiment Name  clf-default-name
18                          USI              e1b0
2025-06-22 12:10:59,349:WARNING:
'xgboost' is a soft dependency and not included in the pycaret installation. Please run: `pip install xgboost` to install.
Alternately, you can install this by running `pip install pycaret[models]`
2025-06-22 12:10:59,349:WARNING:
'catboost' is a soft dependency and not included in the pycaret installation. Please run: `pip install catboost` to install.
Alternately, you can install this by running `pip install pycaret[models]`
2025-06-22 12:10:59,392:WARNING:
'xgboost' is a soft dependency and not included in the pycaret installation. Please run: `pip install xgboost` to install.
Alternately, you can install this by running `pip install pycaret[models]`
2025-06-22 12:10:59,392:WARNING:
'catboost' is a soft dependency and not included in the pycaret installation. Please run: `pip install catboost` to install.
Alternately, you can install this by running `pip install pycaret[models]`
2025-06-22 12:10:59,392:INFO:setup() successfully completed in 0.44s...............
2025-06-22 12:10:59,392:INFO:Initializing compare_models()
2025-06-22 12:10:59,392:INFO:compare_models(self=<pycaret.classification.oop.ClassificationExperiment object at 0x0000025BFBDABDC0>, include=None, fold=None, round=4, cross_validation=True, sort=Accuracy, n_select=5, budget_time=None, turbo=True, errors=ignore, fit_kwargs=None, groups=None, experiment_custom_tags=None, probability_threshold=None, verbose=True, parallel=None, caller_params={'self': <pycaret.classification.oop.ClassificationExperiment object at 0x0000025BFBDABDC0>, 'include': None, 'exclude': None, 'fold': None, 'round': 4, 'cross_validation': True, 'sort': 'Accuracy', 'n_select': 5, 'budget_time': None, 'turbo': True, 'errors': 'ignore', 'fit_kwargs': None, 'groups': None, 'experiment_custom_tags': None, 'probability_threshold': None, 'engine': None, 'verbose': True, 'parallel': None, '__class__': <class 'pycaret.classification.oop.ClassificationExperiment'>}, exclude=None)
2025-06-22 12:10:59,392:INFO:Checking exceptions
2025-06-22 12:10:59,392:INFO:Preparing display monitor
2025-06-22 12:10:59,392:INFO:Initializing Logistic Regression
2025-06-22 12:10:59,392:INFO:Total runtime is 0.0 minutes
2025-06-22 12:10:59,392:INFO:SubProcess create_model() called ==================================
2025-06-22 12:10:59,392:INFO:Initializing create_model()
2025-06-22 12:10:59,392:INFO:create_model(self=<pycaret.classification.oop.ClassificationExperiment object at 0x0000025BFBDABDC0>, estimator=lr, fold=StratifiedKFold(n_splits=10, random_state=None, shuffle=False), round=4, cross_validation=True, predict=True, fit_kwargs={}, groups=None, refit=False, probability_threshold=None, experiment_custom_tags=None, verbose=False, system=False, add_to_model_list=True, metrics=None, display=<pycaret.internal.display.display.CommonDisplay object at 0x0000025BFBAD5420>, model_only=True, return_train_score=False, error_score=0.0, kwargs={})
2025-06-22 12:10:59,392:INFO:Checking exceptions
2025-06-22 12:10:59,392:INFO:Importing libraries
2025-06-22 12:10:59,392:INFO:Copying training dataset
2025-06-22 12:10:59,392:INFO:Defining folds
2025-06-22 12:10:59,392:INFO:Declaring metric variables
2025-06-22 12:10:59,392:INFO:Importing untrained model
2025-06-22 12:10:59,392:INFO:Logistic Regression Imported successfully
2025-06-22 12:10:59,392:INFO:Starting cross validation
2025-06-22 12:10:59,392:INFO:Cross validating with StratifiedKFold(n_splits=10, random_state=None, shuffle=False), n_jobs=-1
2025-06-22 12:10:59,506:INFO:Calculating mean and std
2025-06-22 12:10:59,507:INFO:Creating metrics dataframe
2025-06-22 12:10:59,508:INFO:Uploading results into container
2025-06-22 12:10:59,508:INFO:Uploading model into container now
2025-06-22 12:10:59,509:INFO:_master_model_container: 1
2025-06-22 12:10:59,509:INFO:_display_container: 2
2025-06-22 12:10:59,509:INFO:LogisticRegression(C=1.0, class_weight=None, dual=False, fit_intercept=True,
                   intercept_scaling=1, l1_ratio=None, max_iter=1000,
                   multi_class='auto', n_jobs=None, penalty='l2',
                   random_state=123, solver='lbfgs', tol=0.0001, verbose=0,
                   warm_start=False)
2025-06-22 12:10:59,509:INFO:create_model() successfully completed......................................
2025-06-22 12:10:59,574:INFO:SubProcess create_model() end ==================================
2025-06-22 12:10:59,574:INFO:Creating metrics dataframe
2025-06-22 12:10:59,576:INFO:Initializing K Neighbors Classifier
2025-06-22 12:10:59,576:INFO:Total runtime is 0.003072500228881836 minutes
2025-06-22 12:10:59,576:INFO:SubProcess create_model() called ==================================
2025-06-22 12:10:59,576:INFO:Initializing create_model()
2025-06-22 12:10:59,576:INFO:create_model(self=<pycaret.classification.oop.ClassificationExperiment object at 0x0000025BFBDABDC0>, estimator=knn, fold=StratifiedKFold(n_splits=10, random_state=None, shuffle=False), round=4, cross_validation=True, predict=True, fit_kwargs={}, groups=None, refit=False, probability_threshold=None, experiment_custom_tags=None, verbose=False, system=False, add_to_model_list=True, metrics=None, display=<pycaret.internal.display.display.CommonDisplay object at 0x0000025BFBAD5420>, model_only=True, return_train_score=False, error_score=0.0, kwargs={})
2025-06-22 12:10:59,576:INFO:Checking exceptions
2025-06-22 12:10:59,577:INFO:Importing libraries
2025-06-22 12:10:59,577:INFO:Copying training dataset
2025-06-22 12:10:59,579:INFO:Defining folds
2025-06-22 12:10:59,579:INFO:Declaring metric variables
2025-06-22 12:10:59,579:INFO:Importing untrained model
2025-06-22 12:10:59,579:INFO:K Neighbors Classifier Imported successfully
2025-06-22 12:10:59,579:INFO:Starting cross validation
2025-06-22 12:10:59,580:INFO:Cross validating with StratifiedKFold(n_splits=10, random_state=None, shuffle=False), n_jobs=-1
2025-06-22 12:10:59,703:INFO:Calculating mean and std
2025-06-22 12:10:59,703:INFO:Creating metrics dataframe
2025-06-22 12:10:59,705:INFO:Uploading results into container
2025-06-22 12:10:59,705:INFO:Uploading model into container now
2025-06-22 12:10:59,705:INFO:_master_model_container: 2
2025-06-22 12:10:59,705:INFO:_display_container: 2
2025-06-22 12:10:59,705:INFO:KNeighborsClassifier(algorithm='auto', leaf_size=30, metric='minkowski',
                     metric_params=None, n_jobs=-1, n_neighbors=5, p=2,
                     weights='uniform')
2025-06-22 12:10:59,705:INFO:create_model() successfully completed......................................
2025-06-22 12:10:59,766:INFO:SubProcess create_model() end ==================================
2025-06-22 12:10:59,766:INFO:Creating metrics dataframe
2025-06-22 12:10:59,768:INFO:Initializing Naive Bayes
2025-06-22 12:10:59,768:INFO:Total runtime is 0.00627074639002482 minutes
2025-06-22 12:10:59,768:INFO:SubProcess create_model() called ==================================
2025-06-22 12:10:59,768:INFO:Initializing create_model()
2025-06-22 12:10:59,768:INFO:create_model(self=<pycaret.classification.oop.ClassificationExperiment object at 0x0000025BFBDABDC0>, estimator=nb, fold=StratifiedKFold(n_splits=10, random_state=None, shuffle=False), round=4, cross_validation=True, predict=True, fit_kwargs={}, groups=None, refit=False, probability_threshold=None, experiment_custom_tags=None, verbose=False, system=False, add_to_model_list=True, metrics=None, display=<pycaret.internal.display.display.CommonDisplay object at 0x0000025BFBAD5420>, model_only=True, return_train_score=False, error_score=0.0, kwargs={})
2025-06-22 12:10:59,768:INFO:Checking exceptions
2025-06-22 12:10:59,768:INFO:Importing libraries
2025-06-22 12:10:59,768:INFO:Copying training dataset
2025-06-22 12:10:59,770:INFO:Defining folds
2025-06-22 12:10:59,770:INFO:Declaring metric variables
2025-06-22 12:10:59,770:INFO:Importing untrained model
2025-06-22 12:10:59,770:INFO:Naive Bayes Imported successfully
2025-06-22 12:10:59,770:INFO:Starting cross validation
2025-06-22 12:10:59,771:INFO:Cross validating with StratifiedKFold(n_splits=10, random_state=None, shuffle=False), n_jobs=-1
2025-06-22 12:10:59,837:INFO:Calculating mean and std
2025-06-22 12:10:59,837:INFO:Creating metrics dataframe
2025-06-22 12:10:59,839:INFO:Uploading results into container
2025-06-22 12:10:59,839:INFO:Uploading model into container now
2025-06-22 12:10:59,839:INFO:_master_model_container: 3
2025-06-22 12:10:59,839:INFO:_display_container: 2
2025-06-22 12:10:59,839:INFO:GaussianNB(priors=None, var_smoothing=1e-09)
2025-06-22 12:10:59,839:INFO:create_model() successfully completed......................................
2025-06-22 12:10:59,908:INFO:SubProcess create_model() end ==================================
2025-06-22 12:10:59,908:INFO:Creating metrics dataframe
2025-06-22 12:10:59,908:INFO:Initializing Decision Tree Classifier
2025-06-22 12:10:59,908:INFO:Total runtime is 0.008606592814127604 minutes
2025-06-22 12:10:59,908:INFO:SubProcess create_model() called ==================================
2025-06-22 12:10:59,923:INFO:Initializing create_model()
2025-06-22 12:10:59,923:INFO:create_model(self=<pycaret.classification.oop.ClassificationExperiment object at 0x0000025BFBDABDC0>, estimator=dt, fold=StratifiedKFold(n_splits=10, random_state=None, shuffle=False), round=4, cross_validation=True, predict=True, fit_kwargs={}, groups=None, refit=False, probability_threshold=None, experiment_custom_tags=None, verbose=False, system=False, add_to_model_list=True, metrics=None, display=<pycaret.internal.display.display.CommonDisplay object at 0x0000025BFBAD5420>, model_only=True, return_train_score=False, error_score=0.0, kwargs={})
2025-06-22 12:10:59,925:INFO:Checking exceptions
2025-06-22 12:10:59,925:INFO:Importing libraries
2025-06-22 12:10:59,926:INFO:Copying training dataset
2025-06-22 12:10:59,931:INFO:Defining folds
2025-06-22 12:10:59,931:INFO:Declaring metric variables
2025-06-22 12:10:59,931:INFO:Importing untrained model
2025-06-22 12:10:59,931:INFO:Decision Tree Classifier Imported successfully
2025-06-22 12:10:59,931:INFO:Starting cross validation
2025-06-22 12:10:59,932:INFO:Cross validating with StratifiedKFold(n_splits=10, random_state=None, shuffle=False), n_jobs=-1
2025-06-22 12:11:00,058:INFO:Calculating mean and std
2025-06-22 12:11:00,058:INFO:Creating metrics dataframe
2025-06-22 12:11:00,060:INFO:Uploading results into container
2025-06-22 12:11:00,060:INFO:Uploading model into container now
2025-06-22 12:11:00,060:INFO:_master_model_container: 4
2025-06-22 12:11:00,060:INFO:_display_container: 2
2025-06-22 12:11:00,060:INFO:DecisionTreeClassifier(ccp_alpha=0.0, class_weight=None, criterion='gini',
                       max_depth=None, max_features=None, max_leaf_nodes=None,
                       min_impurity_decrease=0.0, min_samples_leaf=1,
                       min_samples_split=2, min_weight_fraction_leaf=0.0,
                       monotonic_cst=None, random_state=123, splitter='best')
2025-06-22 12:11:00,060:INFO:create_model() successfully completed......................................
2025-06-22 12:11:00,188:INFO:SubProcess create_model() end ==================================
2025-06-22 12:11:00,188:INFO:Creating metrics dataframe
2025-06-22 12:11:00,191:INFO:Initializing SVM - Linear Kernel
2025-06-22 12:11:00,191:INFO:Total runtime is 0.013314549128214517 minutes
2025-06-22 12:11:00,191:INFO:SubProcess create_model() called ==================================
2025-06-22 12:11:00,191:INFO:Initializing create_model()
2025-06-22 12:11:00,191:INFO:create_model(self=<pycaret.classification.oop.ClassificationExperiment object at 0x0000025BFBDABDC0>, estimator=svm, fold=StratifiedKFold(n_splits=10, random_state=None, shuffle=False), round=4, cross_validation=True, predict=True, fit_kwargs={}, groups=None, refit=False, probability_threshold=None, experiment_custom_tags=None, verbose=False, system=False, add_to_model_list=True, metrics=None, display=<pycaret.internal.display.display.CommonDisplay object at 0x0000025BFBAD5420>, model_only=True, return_train_score=False, error_score=0.0, kwargs={})
2025-06-22 12:11:00,191:INFO:Checking exceptions
2025-06-22 12:11:00,191:INFO:Importing libraries
2025-06-22 12:11:00,191:INFO:Copying training dataset
2025-06-22 12:11:00,191:INFO:Defining folds
2025-06-22 12:11:00,191:INFO:Declaring metric variables
2025-06-22 12:11:00,191:INFO:Importing untrained model
2025-06-22 12:11:00,191:INFO:SVM - Linear Kernel Imported successfully
2025-06-22 12:11:00,191:INFO:Starting cross validation
2025-06-22 12:11:00,191:INFO:Cross validating with StratifiedKFold(n_splits=10, random_state=None, shuffle=False), n_jobs=-1
2025-06-22 12:11:00,269:WARNING:C:\Users\Lenovo\OneDrive - IRESSEF\Documents\DSWB\Project\Training\Workshop_2025\Github\od\test\no-code-test\py\mlenv\lib\site-packages\sklearn\metrics\_classification.py:1509: UndefinedMetricWarning: Precision is ill-defined and being set to 0.0 due to no predicted samples. Use `zero_division` parameter to control this behavior.
  _warn_prf(average, modifier, f"{metric.capitalize()} is", len(result))

2025-06-22 12:11:00,288:WARNING:C:\Users\Lenovo\OneDrive - IRESSEF\Documents\DSWB\Project\Training\Workshop_2025\Github\od\test\no-code-test\py\mlenv\lib\site-packages\sklearn\metrics\_classification.py:1509: UndefinedMetricWarning: Precision is ill-defined and being set to 0.0 due to no predicted samples. Use `zero_division` parameter to control this behavior.
  _warn_prf(average, modifier, f"{metric.capitalize()} is", len(result))

2025-06-22 12:11:00,306:INFO:Calculating mean and std
2025-06-22 12:11:00,308:INFO:Creating metrics dataframe
2025-06-22 12:11:00,310:INFO:Uploading results into container
2025-06-22 12:11:00,310:INFO:Uploading model into container now
2025-06-22 12:11:00,310:INFO:_master_model_container: 5
2025-06-22 12:11:00,310:INFO:_display_container: 2
2025-06-22 12:11:00,310:INFO:SGDClassifier(alpha=0.0001, average=False, class_weight=None,
              early_stopping=False, epsilon=0.1, eta0=0.001, fit_intercept=True,
              l1_ratio=0.15, learning_rate='optimal', loss='hinge',
              max_iter=1000, n_iter_no_change=5, n_jobs=-1, penalty='l2',
              power_t=0.5, random_state=123, shuffle=True, tol=0.001,
              validation_fraction=0.1, verbose=0, warm_start=False)
2025-06-22 12:11:00,310:INFO:create_model() successfully completed......................................
2025-06-22 12:11:00,392:INFO:SubProcess create_model() end ==================================
2025-06-22 12:11:00,392:INFO:Creating metrics dataframe
2025-06-22 12:11:00,392:INFO:Initializing Ridge Classifier
2025-06-22 12:11:00,392:INFO:Total runtime is 0.016666726271311442 minutes
2025-06-22 12:11:00,392:INFO:SubProcess create_model() called ==================================
2025-06-22 12:11:00,392:INFO:Initializing create_model()
2025-06-22 12:11:00,392:INFO:create_model(self=<pycaret.classification.oop.ClassificationExperiment object at 0x0000025BFBDABDC0>, estimator=ridge, fold=StratifiedKFold(n_splits=10, random_state=None, shuffle=False), round=4, cross_validation=True, predict=True, fit_kwargs={}, groups=None, refit=False, probability_threshold=None, experiment_custom_tags=None, verbose=False, system=False, add_to_model_list=True, metrics=None, display=<pycaret.internal.display.display.CommonDisplay object at 0x0000025BFBAD5420>, model_only=True, return_train_score=False, error_score=0.0, kwargs={})
2025-06-22 12:11:00,392:INFO:Checking exceptions
2025-06-22 12:11:00,392:INFO:Importing libraries
2025-06-22 12:11:00,392:INFO:Copying training dataset
2025-06-22 12:11:00,392:INFO:Defining folds
2025-06-22 12:11:00,392:INFO:Declaring metric variables
2025-06-22 12:11:00,392:INFO:Importing untrained model
2025-06-22 12:11:00,392:INFO:Ridge Classifier Imported successfully
2025-06-22 12:11:00,392:INFO:Starting cross validation
2025-06-22 12:11:00,392:INFO:Cross validating with StratifiedKFold(n_splits=10, random_state=None, shuffle=False), n_jobs=-1
2025-06-22 12:11:00,455:INFO:Calculating mean and std
2025-06-22 12:11:00,455:INFO:Creating metrics dataframe
2025-06-22 12:11:00,455:INFO:Uploading results into container
2025-06-22 12:11:00,459:INFO:Uploading model into container now
2025-06-22 12:11:00,459:INFO:_master_model_container: 6
2025-06-22 12:11:00,459:INFO:_display_container: 2
2025-06-22 12:11:00,459:INFO:RidgeClassifier(alpha=1.0, class_weight=None, copy_X=True, fit_intercept=True,
                max_iter=None, positive=False, random_state=123, solver='auto',
                tol=0.0001)
2025-06-22 12:11:00,459:INFO:create_model() successfully completed......................................
2025-06-22 12:11:00,509:INFO:SubProcess create_model() end ==================================
2025-06-22 12:11:00,509:INFO:Creating metrics dataframe
2025-06-22 12:11:00,525:INFO:Initializing Random Forest Classifier
2025-06-22 12:11:00,525:INFO:Total runtime is 0.018883951505025226 minutes
2025-06-22 12:11:00,525:INFO:SubProcess create_model() called ==================================
2025-06-22 12:11:00,525:INFO:Initializing create_model()
2025-06-22 12:11:00,525:INFO:create_model(self=<pycaret.classification.oop.ClassificationExperiment object at 0x0000025BFBDABDC0>, estimator=rf, fold=StratifiedKFold(n_splits=10, random_state=None, shuffle=False), round=4, cross_validation=True, predict=True, fit_kwargs={}, groups=None, refit=False, probability_threshold=None, experiment_custom_tags=None, verbose=False, system=False, add_to_model_list=True, metrics=None, display=<pycaret.internal.display.display.CommonDisplay object at 0x0000025BFBAD5420>, model_only=True, return_train_score=False, error_score=0.0, kwargs={})
2025-06-22 12:11:00,525:INFO:Checking exceptions
2025-06-22 12:11:00,525:INFO:Importing libraries
2025-06-22 12:11:00,525:INFO:Copying training dataset
2025-06-22 12:11:00,525:INFO:Defining folds
2025-06-22 12:11:00,525:INFO:Declaring metric variables
2025-06-22 12:11:00,525:INFO:Importing untrained model
2025-06-22 12:11:00,525:INFO:Random Forest Classifier Imported successfully
2025-06-22 12:11:00,525:INFO:Starting cross validation
2025-06-22 12:11:00,525:INFO:Cross validating with StratifiedKFold(n_splits=10, random_state=None, shuffle=False), n_jobs=-1
2025-06-22 12:11:00,870:INFO:Calculating mean and std
2025-06-22 12:11:00,870:INFO:Creating metrics dataframe
2025-06-22 12:11:00,870:INFO:Uploading results into container
2025-06-22 12:11:00,870:INFO:Uploading model into container now
2025-06-22 12:11:00,870:INFO:_master_model_container: 7
2025-06-22 12:11:00,870:INFO:_display_container: 2
2025-06-22 12:11:00,870:INFO:RandomForestClassifier(bootstrap=True, ccp_alpha=0.0, class_weight=None,
                       criterion='gini', max_depth=None, max_features='sqrt',
                       max_leaf_nodes=None, max_samples=None,
                       min_impurity_decrease=0.0, min_samples_leaf=1,
                       min_samples_split=2, min_weight_fraction_leaf=0.0,
                       monotonic_cst=None, n_estimators=100, n_jobs=-1,
                       oob_score=False, random_state=123, verbose=0,
                       warm_start=False)
2025-06-22 12:11:00,870:INFO:create_model() successfully completed......................................
2025-06-22 12:11:00,959:INFO:SubProcess create_model() end ==================================
2025-06-22 12:11:00,959:INFO:Creating metrics dataframe
2025-06-22 12:11:00,959:INFO:Initializing Quadratic Discriminant Analysis
2025-06-22 12:11:00,959:INFO:Total runtime is 0.02612485885620117 minutes
2025-06-22 12:11:00,970:INFO:SubProcess create_model() called ==================================
2025-06-22 12:11:00,970:INFO:Initializing create_model()
2025-06-22 12:11:00,970:INFO:create_model(self=<pycaret.classification.oop.ClassificationExperiment object at 0x0000025BFBDABDC0>, estimator=qda, fold=StratifiedKFold(n_splits=10, random_state=None, shuffle=False), round=4, cross_validation=True, predict=True, fit_kwargs={}, groups=None, refit=False, probability_threshold=None, experiment_custom_tags=None, verbose=False, system=False, add_to_model_list=True, metrics=None, display=<pycaret.internal.display.display.CommonDisplay object at 0x0000025BFBAD5420>, model_only=True, return_train_score=False, error_score=0.0, kwargs={})
2025-06-22 12:11:00,970:INFO:Checking exceptions
2025-06-22 12:11:00,970:INFO:Importing libraries
2025-06-22 12:11:00,970:INFO:Copying training dataset
2025-06-22 12:11:00,974:INFO:Defining folds
2025-06-22 12:11:00,974:INFO:Declaring metric variables
2025-06-22 12:11:00,974:INFO:Importing untrained model
2025-06-22 12:11:00,974:INFO:Quadratic Discriminant Analysis Imported successfully
2025-06-22 12:11:00,974:INFO:Starting cross validation
2025-06-22 12:11:00,974:INFO:Cross validating with StratifiedKFold(n_splits=10, random_state=None, shuffle=False), n_jobs=-1
2025-06-22 12:11:01,133:INFO:Calculating mean and std
2025-06-22 12:11:01,135:INFO:Creating metrics dataframe
2025-06-22 12:11:01,138:INFO:Uploading results into container
2025-06-22 12:11:01,139:INFO:Uploading model into container now
2025-06-22 12:11:01,139:INFO:_master_model_container: 8
2025-06-22 12:11:01,139:INFO:_display_container: 2
2025-06-22 12:11:01,140:INFO:QuadraticDiscriminantAnalysis(priors=None, reg_param=0.0,
                              store_covariance=False, tol=0.0001)
2025-06-22 12:11:01,140:INFO:create_model() successfully completed......................................
2025-06-22 12:11:01,227:INFO:SubProcess create_model() end ==================================
2025-06-22 12:11:01,227:INFO:Creating metrics dataframe
2025-06-22 12:11:01,230:INFO:Initializing Ada Boost Classifier
2025-06-22 12:11:01,230:INFO:Total runtime is 0.030631566047668455 minutes
2025-06-22 12:11:01,230:INFO:SubProcess create_model() called ==================================
2025-06-22 12:11:01,231:INFO:Initializing create_model()
2025-06-22 12:11:01,231:INFO:create_model(self=<pycaret.classification.oop.ClassificationExperiment object at 0x0000025BFBDABDC0>, estimator=ada, fold=StratifiedKFold(n_splits=10, random_state=None, shuffle=False), round=4, cross_validation=True, predict=True, fit_kwargs={}, groups=None, refit=False, probability_threshold=None, experiment_custom_tags=None, verbose=False, system=False, add_to_model_list=True, metrics=None, display=<pycaret.internal.display.display.CommonDisplay object at 0x0000025BFBAD5420>, model_only=True, return_train_score=False, error_score=0.0, kwargs={})
2025-06-22 12:11:01,231:INFO:Checking exceptions
2025-06-22 12:11:01,231:INFO:Importing libraries
2025-06-22 12:11:01,231:INFO:Copying training dataset
2025-06-22 12:11:01,233:INFO:Defining folds
2025-06-22 12:11:01,233:INFO:Declaring metric variables
2025-06-22 12:11:01,233:INFO:Importing untrained model
2025-06-22 12:11:01,234:INFO:Ada Boost Classifier Imported successfully
2025-06-22 12:11:01,234:INFO:Starting cross validation
2025-06-22 12:11:01,234:INFO:Cross validating with StratifiedKFold(n_splits=10, random_state=None, shuffle=False), n_jobs=-1
2025-06-22 12:11:01,252:WARNING:C:\Users\Lenovo\OneDrive - IRESSEF\Documents\DSWB\Project\Training\Workshop_2025\Github\od\test\no-code-test\py\mlenv\lib\site-packages\sklearn\ensemble\_weight_boosting.py:519: FutureWarning: The SAMME.R algorithm (the default) is deprecated and will be removed in 1.6. Use the SAMME algorithm to circumvent this warning.
  warnings.warn(

2025-06-22 12:11:01,254:WARNING:C:\Users\Lenovo\OneDrive - IRESSEF\Documents\DSWB\Project\Training\Workshop_2025\Github\od\test\no-code-test\py\mlenv\lib\site-packages\sklearn\ensemble\_weight_boosting.py:519: FutureWarning: The SAMME.R algorithm (the default) is deprecated and will be removed in 1.6. Use the SAMME algorithm to circumvent this warning.
  warnings.warn(

2025-06-22 12:11:01,256:WARNING:C:\Users\Lenovo\OneDrive - IRESSEF\Documents\DSWB\Project\Training\Workshop_2025\Github\od\test\no-code-test\py\mlenv\lib\site-packages\sklearn\ensemble\_weight_boosting.py:519: FutureWarning: The SAMME.R algorithm (the default) is deprecated and will be removed in 1.6. Use the SAMME algorithm to circumvent this warning.
  warnings.warn(

2025-06-22 12:11:01,258:WARNING:C:\Users\Lenovo\OneDrive - IRESSEF\Documents\DSWB\Project\Training\Workshop_2025\Github\od\test\no-code-test\py\mlenv\lib\site-packages\sklearn\ensemble\_weight_boosting.py:519: FutureWarning: The SAMME.R algorithm (the default) is deprecated and will be removed in 1.6. Use the SAMME algorithm to circumvent this warning.
  warnings.warn(

2025-06-22 12:11:01,260:WARNING:C:\Users\Lenovo\OneDrive - IRESSEF\Documents\DSWB\Project\Training\Workshop_2025\Github\od\test\no-code-test\py\mlenv\lib\site-packages\sklearn\ensemble\_weight_boosting.py:519: FutureWarning: The SAMME.R algorithm (the default) is deprecated and will be removed in 1.6. Use the SAMME algorithm to circumvent this warning.
  warnings.warn(

2025-06-22 12:11:01,264:WARNING:C:\Users\Lenovo\OneDrive - IRESSEF\Documents\DSWB\Project\Training\Workshop_2025\Github\od\test\no-code-test\py\mlenv\lib\site-packages\sklearn\ensemble\_weight_boosting.py:519: FutureWarning: The SAMME.R algorithm (the default) is deprecated and will be removed in 1.6. Use the SAMME algorithm to circumvent this warning.
  warnings.warn(

2025-06-22 12:11:01,266:WARNING:C:\Users\Lenovo\OneDrive - IRESSEF\Documents\DSWB\Project\Training\Workshop_2025\Github\od\test\no-code-test\py\mlenv\lib\site-packages\sklearn\ensemble\_weight_boosting.py:519: FutureWarning: The SAMME.R algorithm (the default) is deprecated and will be removed in 1.6. Use the SAMME algorithm to circumvent this warning.
  warnings.warn(

2025-06-22 12:11:01,266:WARNING:C:\Users\Lenovo\OneDrive - IRESSEF\Documents\DSWB\Project\Training\Workshop_2025\Github\od\test\no-code-test\py\mlenv\lib\site-packages\sklearn\ensemble\_weight_boosting.py:519: FutureWarning: The SAMME.R algorithm (the default) is deprecated and will be removed in 1.6. Use the SAMME algorithm to circumvent this warning.
  warnings.warn(

2025-06-22 12:11:01,268:WARNING:C:\Users\Lenovo\OneDrive - IRESSEF\Documents\DSWB\Project\Training\Workshop_2025\Github\od\test\no-code-test\py\mlenv\lib\site-packages\sklearn\ensemble\_weight_boosting.py:519: FutureWarning: The SAMME.R algorithm (the default) is deprecated and will be removed in 1.6. Use the SAMME algorithm to circumvent this warning.
  warnings.warn(

2025-06-22 12:11:01,454:INFO:Calculating mean and std
2025-06-22 12:11:01,454:INFO:Creating metrics dataframe
2025-06-22 12:11:01,454:INFO:Uploading results into container
2025-06-22 12:11:01,454:INFO:Uploading model into container now
2025-06-22 12:11:01,454:INFO:_master_model_container: 9
2025-06-22 12:11:01,454:INFO:_display_container: 2
2025-06-22 12:11:01,454:INFO:AdaBoostClassifier(algorithm='SAMME.R', estimator=None, learning_rate=1.0,
                   n_estimators=50, random_state=123)
2025-06-22 12:11:01,454:INFO:create_model() successfully completed......................................
2025-06-22 12:11:01,522:INFO:SubProcess create_model() end ==================================
2025-06-22 12:11:01,522:INFO:Creating metrics dataframe
2025-06-22 12:11:01,524:INFO:Initializing Gradient Boosting Classifier
2025-06-22 12:11:01,524:INFO:Total runtime is 0.03553320566813151 minutes
2025-06-22 12:11:01,524:INFO:SubProcess create_model() called ==================================
2025-06-22 12:11:01,525:INFO:Initializing create_model()
2025-06-22 12:11:01,525:INFO:create_model(self=<pycaret.classification.oop.ClassificationExperiment object at 0x0000025BFBDABDC0>, estimator=gbc, fold=StratifiedKFold(n_splits=10, random_state=None, shuffle=False), round=4, cross_validation=True, predict=True, fit_kwargs={}, groups=None, refit=False, probability_threshold=None, experiment_custom_tags=None, verbose=False, system=False, add_to_model_list=True, metrics=None, display=<pycaret.internal.display.display.CommonDisplay object at 0x0000025BFBAD5420>, model_only=True, return_train_score=False, error_score=0.0, kwargs={})
2025-06-22 12:11:01,525:INFO:Checking exceptions
2025-06-22 12:11:01,525:INFO:Importing libraries
2025-06-22 12:11:01,525:INFO:Copying training dataset
2025-06-22 12:11:01,526:INFO:Defining folds
2025-06-22 12:11:01,527:INFO:Declaring metric variables
2025-06-22 12:11:01,527:INFO:Importing untrained model
2025-06-22 12:11:01,527:INFO:Gradient Boosting Classifier Imported successfully
2025-06-22 12:11:01,527:INFO:Starting cross validation
2025-06-22 12:11:01,527:INFO:Cross validating with StratifiedKFold(n_splits=10, random_state=None, shuffle=False), n_jobs=-1
2025-06-22 12:11:01,777:INFO:Calculating mean and std
2025-06-22 12:11:01,777:INFO:Creating metrics dataframe
2025-06-22 12:11:01,777:INFO:Uploading results into container
2025-06-22 12:11:01,777:INFO:Uploading model into container now
2025-06-22 12:11:01,777:INFO:_master_model_container: 10
2025-06-22 12:11:01,777:INFO:_display_container: 2
2025-06-22 12:11:01,777:INFO:GradientBoostingClassifier(ccp_alpha=0.0, criterion='friedman_mse', init=None,
                           learning_rate=0.1, loss='log_loss', max_depth=3,
                           max_features=None, max_leaf_nodes=None,
                           min_impurity_decrease=0.0, min_samples_leaf=1,
                           min_samples_split=2, min_weight_fraction_leaf=0.0,
                           n_estimators=100, n_iter_no_change=None,
                           random_state=123, subsample=1.0, tol=0.0001,
                           validation_fraction=0.1, verbose=0,
                           warm_start=False)
2025-06-22 12:11:01,777:INFO:create_model() successfully completed......................................
2025-06-22 12:11:01,843:INFO:SubProcess create_model() end ==================================
2025-06-22 12:11:01,843:INFO:Creating metrics dataframe
2025-06-22 12:11:01,844:INFO:Initializing Linear Discriminant Analysis
2025-06-22 12:11:01,844:INFO:Total runtime is 0.04087682167689005 minutes
2025-06-22 12:11:01,844:INFO:SubProcess create_model() called ==================================
2025-06-22 12:11:01,845:INFO:Initializing create_model()
2025-06-22 12:11:01,845:INFO:create_model(self=<pycaret.classification.oop.ClassificationExperiment object at 0x0000025BFBDABDC0>, estimator=lda, fold=StratifiedKFold(n_splits=10, random_state=None, shuffle=False), round=4, cross_validation=True, predict=True, fit_kwargs={}, groups=None, refit=False, probability_threshold=None, experiment_custom_tags=None, verbose=False, system=False, add_to_model_list=True, metrics=None, display=<pycaret.internal.display.display.CommonDisplay object at 0x0000025BFBAD5420>, model_only=True, return_train_score=False, error_score=0.0, kwargs={})
2025-06-22 12:11:01,845:INFO:Checking exceptions
2025-06-22 12:11:01,845:INFO:Importing libraries
2025-06-22 12:11:01,845:INFO:Copying training dataset
2025-06-22 12:11:01,847:INFO:Defining folds
2025-06-22 12:11:01,847:INFO:Declaring metric variables
2025-06-22 12:11:01,847:INFO:Importing untrained model
2025-06-22 12:11:01,847:INFO:Linear Discriminant Analysis Imported successfully
2025-06-22 12:11:01,847:INFO:Starting cross validation
2025-06-22 12:11:01,848:INFO:Cross validating with StratifiedKFold(n_splits=10, random_state=None, shuffle=False), n_jobs=-1
2025-06-22 12:11:01,904:INFO:Calculating mean and std
2025-06-22 12:11:01,904:INFO:Creating metrics dataframe
2025-06-22 12:11:01,907:INFO:Uploading results into container
2025-06-22 12:11:01,907:INFO:Uploading model into container now
2025-06-22 12:11:01,907:INFO:_master_model_container: 11
2025-06-22 12:11:01,907:INFO:_display_container: 2
2025-06-22 12:11:01,907:INFO:LinearDiscriminantAnalysis(covariance_estimator=None, n_components=None,
                           priors=None, shrinkage=None, solver='svd',
                           store_covariance=False, tol=0.0001)
2025-06-22 12:11:01,907:INFO:create_model() successfully completed......................................
2025-06-22 12:11:01,973:INFO:SubProcess create_model() end ==================================
2025-06-22 12:11:01,973:INFO:Creating metrics dataframe
2025-06-22 12:11:01,973:INFO:Initializing Extra Trees Classifier
2025-06-22 12:11:01,973:INFO:Total runtime is 0.043022795518239336 minutes
2025-06-22 12:11:01,973:INFO:SubProcess create_model() called ==================================
2025-06-22 12:11:01,973:INFO:Initializing create_model()
2025-06-22 12:11:01,973:INFO:create_model(self=<pycaret.classification.oop.ClassificationExperiment object at 0x0000025BFBDABDC0>, estimator=et, fold=StratifiedKFold(n_splits=10, random_state=None, shuffle=False), round=4, cross_validation=True, predict=True, fit_kwargs={}, groups=None, refit=False, probability_threshold=None, experiment_custom_tags=None, verbose=False, system=False, add_to_model_list=True, metrics=None, display=<pycaret.internal.display.display.CommonDisplay object at 0x0000025BFBAD5420>, model_only=True, return_train_score=False, error_score=0.0, kwargs={})
2025-06-22 12:11:01,973:INFO:Checking exceptions
2025-06-22 12:11:01,973:INFO:Importing libraries
2025-06-22 12:11:01,973:INFO:Copying training dataset
2025-06-22 12:11:01,973:INFO:Defining folds
2025-06-22 12:11:01,973:INFO:Declaring metric variables
2025-06-22 12:11:01,973:INFO:Importing untrained model
2025-06-22 12:11:01,973:INFO:Extra Trees Classifier Imported successfully
2025-06-22 12:11:01,973:INFO:Starting cross validation
2025-06-22 12:11:01,973:INFO:Cross validating with StratifiedKFold(n_splits=10, random_state=None, shuffle=False), n_jobs=-1
2025-06-22 12:11:02,326:INFO:Calculating mean and std
2025-06-22 12:11:02,326:INFO:Creating metrics dataframe
2025-06-22 12:11:02,326:INFO:Uploading results into container
2025-06-22 12:11:02,326:INFO:Uploading model into container now
2025-06-22 12:11:02,326:INFO:_master_model_container: 12
2025-06-22 12:11:02,326:INFO:_display_container: 2
2025-06-22 12:11:02,326:INFO:ExtraTreesClassifier(bootstrap=False, ccp_alpha=0.0, class_weight=None,
                     criterion='gini', max_depth=None, max_features='sqrt',
                     max_leaf_nodes=None, max_samples=None,
                     min_impurity_decrease=0.0, min_samples_leaf=1,
                     min_samples_split=2, min_weight_fraction_leaf=0.0,
                     monotonic_cst=None, n_estimators=100, n_jobs=-1,
                     oob_score=False, random_state=123, verbose=0,
                     warm_start=False)
2025-06-22 12:11:02,326:INFO:create_model() successfully completed......................................
2025-06-22 12:11:02,386:INFO:SubProcess create_model() end ==================================
2025-06-22 12:11:02,386:INFO:Creating metrics dataframe
2025-06-22 12:11:02,387:INFO:Initializing Light Gradient Boosting Machine
2025-06-22 12:11:02,388:INFO:Total runtime is 0.04994198083877563 minutes
2025-06-22 12:11:02,388:INFO:SubProcess create_model() called ==================================
2025-06-22 12:11:02,388:INFO:Initializing create_model()
2025-06-22 12:11:02,388:INFO:create_model(self=<pycaret.classification.oop.ClassificationExperiment object at 0x0000025BFBDABDC0>, estimator=lightgbm, fold=StratifiedKFold(n_splits=10, random_state=None, shuffle=False), round=4, cross_validation=True, predict=True, fit_kwargs={}, groups=None, refit=False, probability_threshold=None, experiment_custom_tags=None, verbose=False, system=False, add_to_model_list=True, metrics=None, display=<pycaret.internal.display.display.CommonDisplay object at 0x0000025BFBAD5420>, model_only=True, return_train_score=False, error_score=0.0, kwargs={})
2025-06-22 12:11:02,388:INFO:Checking exceptions
2025-06-22 12:11:02,388:INFO:Importing libraries
2025-06-22 12:11:02,388:INFO:Copying training dataset
2025-06-22 12:11:02,390:INFO:Defining folds
2025-06-22 12:11:02,390:INFO:Declaring metric variables
2025-06-22 12:11:02,390:INFO:Importing untrained model
2025-06-22 12:11:02,390:INFO:Light Gradient Boosting Machine Imported successfully
2025-06-22 12:11:02,390:INFO:Starting cross validation
2025-06-22 12:11:02,390:INFO:Cross validating with StratifiedKFold(n_splits=10, random_state=None, shuffle=False), n_jobs=-1
2025-06-22 12:11:03,290:INFO:Calculating mean and std
2025-06-22 12:11:03,290:INFO:Creating metrics dataframe
2025-06-22 12:11:03,293:INFO:Uploading results into container
2025-06-22 12:11:03,293:INFO:Uploading model into container now
2025-06-22 12:11:03,293:INFO:_master_model_container: 13
2025-06-22 12:11:03,293:INFO:_display_container: 2
2025-06-22 12:11:03,293:INFO:LGBMClassifier(boosting_type='gbdt', class_weight=None, colsample_bytree=1.0,
               importance_type='split', learning_rate=0.1, max_depth=-1,
               min_child_samples=20, min_child_weight=0.001, min_split_gain=0.0,
               n_estimators=100, n_jobs=-1, num_leaves=31, objective=None,
               random_state=123, reg_alpha=0.0, reg_lambda=0.0, subsample=1.0,
               subsample_for_bin=200000, subsample_freq=0)
2025-06-22 12:11:03,293:INFO:create_model() successfully completed......................................
2025-06-22 12:11:03,368:INFO:SubProcess create_model() end ==================================
2025-06-22 12:11:03,368:INFO:Creating metrics dataframe
2025-06-22 12:11:03,370:INFO:Initializing Dummy Classifier
2025-06-22 12:11:03,370:INFO:Total runtime is 0.06630810101826985 minutes
2025-06-22 12:11:03,370:INFO:SubProcess create_model() called ==================================
2025-06-22 12:11:03,370:INFO:Initializing create_model()
2025-06-22 12:11:03,370:INFO:create_model(self=<pycaret.classification.oop.ClassificationExperiment object at 0x0000025BFBDABDC0>, estimator=dummy, fold=StratifiedKFold(n_splits=10, random_state=None, shuffle=False), round=4, cross_validation=True, predict=True, fit_kwargs={}, groups=None, refit=False, probability_threshold=None, experiment_custom_tags=None, verbose=False, system=False, add_to_model_list=True, metrics=None, display=<pycaret.internal.display.display.CommonDisplay object at 0x0000025BFBAD5420>, model_only=True, return_train_score=False, error_score=0.0, kwargs={})
2025-06-22 12:11:03,370:INFO:Checking exceptions
2025-06-22 12:11:03,372:INFO:Importing libraries
2025-06-22 12:11:03,372:INFO:Copying training dataset
2025-06-22 12:11:03,375:INFO:Defining folds
2025-06-22 12:11:03,375:INFO:Declaring metric variables
2025-06-22 12:11:03,375:INFO:Importing untrained model
2025-06-22 12:11:03,375:INFO:Dummy Classifier Imported successfully
2025-06-22 12:11:03,376:INFO:Starting cross validation
2025-06-22 12:11:03,376:INFO:Cross validating with StratifiedKFold(n_splits=10, random_state=None, shuffle=False), n_jobs=-1
2025-06-22 12:11:03,410:WARNING:C:\Users\Lenovo\OneDrive - IRESSEF\Documents\DSWB\Project\Training\Workshop_2025\Github\od\test\no-code-test\py\mlenv\lib\site-packages\sklearn\metrics\_classification.py:1509: UndefinedMetricWarning: Precision is ill-defined and being set to 0.0 due to no predicted samples. Use `zero_division` parameter to control this behavior.
  _warn_prf(average, modifier, f"{metric.capitalize()} is", len(result))

2025-06-22 12:11:03,410:WARNING:C:\Users\Lenovo\OneDrive - IRESSEF\Documents\DSWB\Project\Training\Workshop_2025\Github\od\test\no-code-test\py\mlenv\lib\site-packages\sklearn\metrics\_classification.py:1509: UndefinedMetricWarning: Precision is ill-defined and being set to 0.0 due to no predicted samples. Use `zero_division` parameter to control this behavior.
  _warn_prf(average, modifier, f"{metric.capitalize()} is", len(result))

2025-06-22 12:11:03,410:WARNING:C:\Users\Lenovo\OneDrive - IRESSEF\Documents\DSWB\Project\Training\Workshop_2025\Github\od\test\no-code-test\py\mlenv\lib\site-packages\sklearn\metrics\_classification.py:1509: UndefinedMetricWarning: Precision is ill-defined and being set to 0.0 due to no predicted samples. Use `zero_division` parameter to control this behavior.
  _warn_prf(average, modifier, f"{metric.capitalize()} is", len(result))

2025-06-22 12:11:03,412:WARNING:C:\Users\Lenovo\OneDrive - IRESSEF\Documents\DSWB\Project\Training\Workshop_2025\Github\od\test\no-code-test\py\mlenv\lib\site-packages\sklearn\metrics\_classification.py:1509: UndefinedMetricWarning: Precision is ill-defined and being set to 0.0 due to no predicted samples. Use `zero_division` parameter to control this behavior.
  _warn_prf(average, modifier, f"{metric.capitalize()} is", len(result))

2025-06-22 12:11:03,414:WARNING:C:\Users\Lenovo\OneDrive - IRESSEF\Documents\DSWB\Project\Training\Workshop_2025\Github\od\test\no-code-test\py\mlenv\lib\site-packages\sklearn\metrics\_classification.py:1509: UndefinedMetricWarning: Precision is ill-defined and being set to 0.0 due to no predicted samples. Use `zero_division` parameter to control this behavior.
  _warn_prf(average, modifier, f"{metric.capitalize()} is", len(result))

2025-06-22 12:11:03,416:WARNING:C:\Users\Lenovo\OneDrive - IRESSEF\Documents\DSWB\Project\Training\Workshop_2025\Github\od\test\no-code-test\py\mlenv\lib\site-packages\sklearn\metrics\_classification.py:1509: UndefinedMetricWarning: Precision is ill-defined and being set to 0.0 due to no predicted samples. Use `zero_division` parameter to control this behavior.
  _warn_prf(average, modifier, f"{metric.capitalize()} is", len(result))

2025-06-22 12:11:03,416:WARNING:C:\Users\Lenovo\OneDrive - IRESSEF\Documents\DSWB\Project\Training\Workshop_2025\Github\od\test\no-code-test\py\mlenv\lib\site-packages\sklearn\metrics\_classification.py:1509: UndefinedMetricWarning: Precision is ill-defined and being set to 0.0 due to no predicted samples. Use `zero_division` parameter to control this behavior.
  _warn_prf(average, modifier, f"{metric.capitalize()} is", len(result))

2025-06-22 12:11:03,418:WARNING:C:\Users\Lenovo\OneDrive - IRESSEF\Documents\DSWB\Project\Training\Workshop_2025\Github\od\test\no-code-test\py\mlenv\lib\site-packages\sklearn\metrics\_classification.py:1509: UndefinedMetricWarning: Precision is ill-defined and being set to 0.0 due to no predicted samples. Use `zero_division` parameter to control this behavior.
  _warn_prf(average, modifier, f"{metric.capitalize()} is", len(result))

2025-06-22 12:11:03,423:WARNING:C:\Users\Lenovo\OneDrive - IRESSEF\Documents\DSWB\Project\Training\Workshop_2025\Github\od\test\no-code-test\py\mlenv\lib\site-packages\sklearn\metrics\_classification.py:1509: UndefinedMetricWarning: Precision is ill-defined and being set to 0.0 due to no predicted samples. Use `zero_division` parameter to control this behavior.
  _warn_prf(average, modifier, f"{metric.capitalize()} is", len(result))

2025-06-22 12:11:03,423:WARNING:C:\Users\Lenovo\OneDrive - IRESSEF\Documents\DSWB\Project\Training\Workshop_2025\Github\od\test\no-code-test\py\mlenv\lib\site-packages\sklearn\metrics\_classification.py:1509: UndefinedMetricWarning: Precision is ill-defined and being set to 0.0 due to no predicted samples. Use `zero_division` parameter to control this behavior.
  _warn_prf(average, modifier, f"{metric.capitalize()} is", len(result))

2025-06-22 12:11:03,438:INFO:Calculating mean and std
2025-06-22 12:11:03,438:INFO:Creating metrics dataframe
2025-06-22 12:11:03,440:INFO:Uploading results into container
2025-06-22 12:11:03,440:INFO:Uploading model into container now
2025-06-22 12:11:03,440:INFO:_master_model_container: 14
2025-06-22 12:11:03,440:INFO:_display_container: 2
2025-06-22 12:11:03,440:INFO:DummyClassifier(constant=None, random_state=123, strategy='prior')
2025-06-22 12:11:03,440:INFO:create_model() successfully completed......................................
2025-06-22 12:11:03,496:INFO:SubProcess create_model() end ==================================
2025-06-22 12:11:03,496:INFO:Creating metrics dataframe
2025-06-22 12:11:03,507:WARNING:C:\Users\Lenovo\OneDrive - IRESSEF\Documents\DSWB\Project\Training\Workshop_2025\Github\od\test\no-code-test\py\mlenv\lib\site-packages\pycaret\internal\pycaret_experiment\supervised_experiment.py:323: FutureWarning: Styler.applymap has been deprecated. Use Styler.map instead.
  master_display_.apply(

2025-06-22 12:11:03,508:INFO:Initializing create_model()
2025-06-22 12:11:03,508:INFO:create_model(self=<pycaret.classification.oop.ClassificationExperiment object at 0x0000025BFBDABDC0>, estimator=LogisticRegression(C=1.0, class_weight=None, dual=False, fit_intercept=True,
                   intercept_scaling=1, l1_ratio=None, max_iter=1000,
                   multi_class='auto', n_jobs=None, penalty='l2',
                   random_state=123, solver='lbfgs', tol=0.0001, verbose=0,
                   warm_start=False), fold=StratifiedKFold(n_splits=10, random_state=None, shuffle=False), round=4, cross_validation=False, predict=False, fit_kwargs={}, groups=None, refit=True, probability_threshold=None, experiment_custom_tags=None, verbose=False, system=False, add_to_model_list=True, metrics=None, display=None, model_only=True, return_train_score=False, error_score=0.0, kwargs={})
2025-06-22 12:11:03,508:INFO:Checking exceptions
2025-06-22 12:11:03,509:INFO:Importing libraries
2025-06-22 12:11:03,509:INFO:Copying training dataset
2025-06-22 12:11:03,511:INFO:Defining folds
2025-06-22 12:11:03,511:INFO:Declaring metric variables
2025-06-22 12:11:03,511:INFO:Importing untrained model
2025-06-22 12:11:03,511:INFO:Declaring custom model
2025-06-22 12:11:03,511:INFO:Logistic Regression Imported successfully
2025-06-22 12:11:03,512:INFO:Cross validation set to False
2025-06-22 12:11:03,512:INFO:Fitting Model
2025-06-22 12:11:03,523:INFO:LogisticRegression(C=1.0, class_weight=None, dual=False, fit_intercept=True,
                   intercept_scaling=1, l1_ratio=None, max_iter=1000,
                   multi_class='auto', n_jobs=None, penalty='l2',
                   random_state=123, solver='lbfgs', tol=0.0001, verbose=0,
                   warm_start=False)
2025-06-22 12:11:03,524:INFO:create_model() successfully completed......................................
2025-06-22 12:11:03,587:INFO:Initializing create_model()
2025-06-22 12:11:03,587:INFO:create_model(self=<pycaret.classification.oop.ClassificationExperiment object at 0x0000025BFBDABDC0>, estimator=RidgeClassifier(alpha=1.0, class_weight=None, copy_X=True, fit_intercept=True,
                max_iter=None, positive=False, random_state=123, solver='auto',
                tol=0.0001), fold=StratifiedKFold(n_splits=10, random_state=None, shuffle=False), round=4, cross_validation=False, predict=False, fit_kwargs={}, groups=None, refit=True, probability_threshold=None, experiment_custom_tags=None, verbose=False, system=False, add_to_model_list=True, metrics=None, display=None, model_only=True, return_train_score=False, error_score=0.0, kwargs={})
2025-06-22 12:11:03,588:INFO:Checking exceptions
2025-06-22 12:11:03,588:INFO:Importing libraries
2025-06-22 12:11:03,588:INFO:Copying training dataset
2025-06-22 12:11:03,590:INFO:Defining folds
2025-06-22 12:11:03,590:INFO:Declaring metric variables
2025-06-22 12:11:03,590:INFO:Importing untrained model
2025-06-22 12:11:03,590:INFO:Declaring custom model
2025-06-22 12:11:03,591:INFO:Ridge Classifier Imported successfully
2025-06-22 12:11:03,591:INFO:Cross validation set to False
2025-06-22 12:11:03,591:INFO:Fitting Model
2025-06-22 12:11:03,596:INFO:RidgeClassifier(alpha=1.0, class_weight=None, copy_X=True, fit_intercept=True,
                max_iter=None, positive=False, random_state=123, solver='auto',
                tol=0.0001)
2025-06-22 12:11:03,596:INFO:create_model() successfully completed......................................
2025-06-22 12:11:03,657:INFO:Initializing create_model()
2025-06-22 12:11:03,657:INFO:create_model(self=<pycaret.classification.oop.ClassificationExperiment object at 0x0000025BFBDABDC0>, estimator=LinearDiscriminantAnalysis(covariance_estimator=None, n_components=None,
                           priors=None, shrinkage=None, solver='svd',
                           store_covariance=False, tol=0.0001), fold=StratifiedKFold(n_splits=10, random_state=None, shuffle=False), round=4, cross_validation=False, predict=False, fit_kwargs={}, groups=None, refit=True, probability_threshold=None, experiment_custom_tags=None, verbose=False, system=False, add_to_model_list=True, metrics=None, display=None, model_only=True, return_train_score=False, error_score=0.0, kwargs={})
2025-06-22 12:11:03,657:INFO:Checking exceptions
2025-06-22 12:11:03,659:INFO:Importing libraries
2025-06-22 12:11:03,659:INFO:Copying training dataset
2025-06-22 12:11:03,660:INFO:Defining folds
2025-06-22 12:11:03,660:INFO:Declaring metric variables
2025-06-22 12:11:03,660:INFO:Importing untrained model
2025-06-22 12:11:03,661:INFO:Declaring custom model
2025-06-22 12:11:03,661:INFO:Linear Discriminant Analysis Imported successfully
2025-06-22 12:11:03,661:INFO:Cross validation set to False
2025-06-22 12:11:03,661:INFO:Fitting Model
2025-06-22 12:11:03,665:INFO:LinearDiscriminantAnalysis(covariance_estimator=None, n_components=None,
                           priors=None, shrinkage=None, solver='svd',
                           store_covariance=False, tol=0.0001)
2025-06-22 12:11:03,665:INFO:create_model() successfully completed......................................
2025-06-22 12:11:03,705:INFO:Initializing create_model()
2025-06-22 12:11:03,705:INFO:create_model(self=<pycaret.classification.oop.ClassificationExperiment object at 0x0000025BFBDABDC0>, estimator=RandomForestClassifier(bootstrap=True, ccp_alpha=0.0, class_weight=None,
                       criterion='gini', max_depth=None, max_features='sqrt',
                       max_leaf_nodes=None, max_samples=None,
                       min_impurity_decrease=0.0, min_samples_leaf=1,
                       min_samples_split=2, min_weight_fraction_leaf=0.0,
                       monotonic_cst=None, n_estimators=100, n_jobs=-1,
                       oob_score=False, random_state=123, verbose=0,
                       warm_start=False), fold=StratifiedKFold(n_splits=10, random_state=None, shuffle=False), round=4, cross_validation=False, predict=False, fit_kwargs={}, groups=None, refit=True, probability_threshold=None, experiment_custom_tags=None, verbose=False, system=False, add_to_model_list=True, metrics=None, display=None, model_only=True, return_train_score=False, error_score=0.0, kwargs={})
2025-06-22 12:11:03,705:INFO:Checking exceptions
2025-06-22 12:11:03,705:INFO:Importing libraries
2025-06-22 12:11:03,705:INFO:Copying training dataset
2025-06-22 12:11:03,705:INFO:Defining folds
2025-06-22 12:11:03,705:INFO:Declaring metric variables
2025-06-22 12:11:03,705:INFO:Importing untrained model
2025-06-22 12:11:03,705:INFO:Declaring custom model
2025-06-22 12:11:03,705:INFO:Random Forest Classifier Imported successfully
2025-06-22 12:11:03,705:INFO:Cross validation set to False
2025-06-22 12:11:03,705:INFO:Fitting Model
2025-06-22 12:11:03,840:INFO:RandomForestClassifier(bootstrap=True, ccp_alpha=0.0, class_weight=None,
                       criterion='gini', max_depth=None, max_features='sqrt',
                       max_leaf_nodes=None, max_samples=None,
                       min_impurity_decrease=0.0, min_samples_leaf=1,
                       min_samples_split=2, min_weight_fraction_leaf=0.0,
                       monotonic_cst=None, n_estimators=100, n_jobs=-1,
                       oob_score=False, random_state=123, verbose=0,
                       warm_start=False)
2025-06-22 12:11:03,840:INFO:create_model() successfully completed......................................
2025-06-22 12:11:03,892:INFO:Initializing create_model()
2025-06-22 12:11:03,892:INFO:create_model(self=<pycaret.classification.oop.ClassificationExperiment object at 0x0000025BFBDABDC0>, estimator=GaussianNB(priors=None, var_smoothing=1e-09), fold=StratifiedKFold(n_splits=10, random_state=None, shuffle=False), round=4, cross_validation=False, predict=False, fit_kwargs={}, groups=None, refit=True, probability_threshold=None, experiment_custom_tags=None, verbose=False, system=False, add_to_model_list=True, metrics=None, display=None, model_only=True, return_train_score=False, error_score=0.0, kwargs={})
2025-06-22 12:11:03,892:INFO:Checking exceptions
2025-06-22 12:11:03,892:INFO:Importing libraries
2025-06-22 12:11:03,892:INFO:Copying training dataset
2025-06-22 12:11:03,906:INFO:Defining folds
2025-06-22 12:11:03,906:INFO:Declaring metric variables
2025-06-22 12:11:03,906:INFO:Importing untrained model
2025-06-22 12:11:03,906:INFO:Declaring custom model
2025-06-22 12:11:03,906:INFO:Naive Bayes Imported successfully
2025-06-22 12:11:03,906:INFO:Cross validation set to False
2025-06-22 12:11:03,906:INFO:Fitting Model
2025-06-22 12:11:03,906:INFO:GaussianNB(priors=None, var_smoothing=1e-09)
2025-06-22 12:11:03,906:INFO:create_model() successfully completed......................................
2025-06-22 12:11:03,973:INFO:_master_model_container: 14
2025-06-22 12:11:03,973:INFO:_display_container: 2
2025-06-22 12:11:03,987:INFO:[LogisticRegression(C=1.0, class_weight=None, dual=False, fit_intercept=True,
                   intercept_scaling=1, l1_ratio=None, max_iter=1000,
                   multi_class='auto', n_jobs=None, penalty='l2',
                   random_state=123, solver='lbfgs', tol=0.0001, verbose=0,
                   warm_start=False), RidgeClassifier(alpha=1.0, class_weight=None, copy_X=True, fit_intercept=True,
                max_iter=None, positive=False, random_state=123, solver='auto',
                tol=0.0001), LinearDiscriminantAnalysis(covariance_estimator=None, n_components=None,
                           priors=None, shrinkage=None, solver='svd',
                           store_covariance=False, tol=0.0001), RandomForestClassifier(bootstrap=True, ccp_alpha=0.0, class_weight=None,
                       criterion='gini', max_depth=None, max_features='sqrt',
                       max_leaf_nodes=None, max_samples=None,
                       min_impurity_decrease=0.0, min_samples_leaf=1,
                       min_samples_split=2, min_weight_fraction_leaf=0.0,
                       monotonic_cst=None, n_estimators=100, n_jobs=-1,
                       oob_score=False, random_state=123, verbose=0,
                       warm_start=False), GaussianNB(priors=None, var_smoothing=1e-09)]
2025-06-22 12:11:03,987:INFO:compare_models() successfully completed......................................
2025-06-22 12:15:56,437:INFO:PyCaret ClassificationExperiment
2025-06-22 12:15:56,437:INFO:Logging name: clf-default-name
2025-06-22 12:15:56,437:INFO:ML Usecase: MLUsecase.CLASSIFICATION
2025-06-22 12:15:56,437:INFO:version 3.3.2
2025-06-22 12:15:56,437:INFO:Initializing setup()
2025-06-22 12:15:56,437:INFO:self.USI: 1453
2025-06-22 12:15:56,438:INFO:self._variable_keys: {'X_test', 'n_jobs_param', 'target_param', 'pipeline', 'X', 'X_train', 'logging_param', 'exp_id', 'memory', 'idx', 'log_plots_param', 'exp_name_log', '_ml_usecase', 'USI', 'fold_groups_param', 'gpu_n_jobs_param', 'fold_shuffle_param', 'is_multiclass', 'data', 'fold_generator', 'y_train', 'y', 'y_test', 'fix_imbalance', 'html_param', 'seed', '_available_plots', 'gpu_param'}
2025-06-22 12:15:56,438:INFO:Checking environment
2025-06-22 12:15:56,438:INFO:python_version: 3.10.4
2025-06-22 12:15:56,438:INFO:python_build: ('tags/v3.10.4:9d38120', 'Mar 23 2022 23:13:41')
2025-06-22 12:15:56,438:INFO:machine: AMD64
2025-06-22 12:15:56,438:INFO:platform: Windows-10-10.0.26100-SP0
2025-06-22 12:15:56,465:INFO:Memory: svmem(total=16871448576, available=1309900800, percent=92.2, used=15561547776, free=1309900800)
2025-06-22 12:15:56,465:INFO:Physical Core: 10
2025-06-22 12:15:56,465:INFO:Logical Core: 12
2025-06-22 12:15:56,465:INFO:Checking libraries
2025-06-22 12:15:56,466:INFO:System:
2025-06-22 12:15:56,466:INFO:    python: 3.10.4 (tags/v3.10.4:9d38120, Mar 23 2022, 23:13:41) [MSC v.1929 64 bit (AMD64)]
2025-06-22 12:15:56,466:INFO:executable: C:\Users\Lenovo\OneDrive - IRESSEF\Documents\DSWB\Project\Training\Workshop_2025\Github\od\test\no-code-test\py\mlenv\Scripts\python.exe
2025-06-22 12:15:56,466:INFO:   machine: Windows-10-10.0.26100-SP0
2025-06-22 12:15:56,466:INFO:PyCaret required dependencies:
2025-06-22 12:15:56,466:INFO:                 pip: 22.0.4
2025-06-22 12:15:56,466:INFO:          setuptools: 58.1.0
2025-06-22 12:15:56,466:INFO:             pycaret: 3.3.2
2025-06-22 12:15:56,466:INFO:             IPython: 8.37.0
2025-06-22 12:15:56,466:INFO:          ipywidgets: 8.1.7
2025-06-22 12:15:56,466:INFO:                tqdm: 4.67.1
2025-06-22 12:15:56,466:INFO:               numpy: 1.26.4
2025-06-22 12:15:56,466:INFO:              pandas: 2.1.4
2025-06-22 12:15:56,466:INFO:              jinja2: 3.1.6
2025-06-22 12:15:56,466:INFO:               scipy: 1.11.4
2025-06-22 12:15:56,466:INFO:              joblib: 1.3.2
2025-06-22 12:15:56,466:INFO:             sklearn: 1.4.2
2025-06-22 12:15:56,466:INFO:                pyod: 2.0.5
2025-06-22 12:15:56,466:INFO:            imblearn: 0.13.0
2025-06-22 12:15:56,466:INFO:   category_encoders: 2.7.0
2025-06-22 12:15:56,466:INFO:            lightgbm: 4.6.0
2025-06-22 12:15:56,466:INFO:               numba: 0.61.2
2025-06-22 12:15:56,466:INFO:            requests: 2.32.4
2025-06-22 12:15:56,466:INFO:          matplotlib: 3.7.5
2025-06-22 12:15:56,466:INFO:          scikitplot: 0.3.7
2025-06-22 12:15:56,466:INFO:         yellowbrick: 1.5
2025-06-22 12:15:56,466:INFO:              plotly: 5.24.1
2025-06-22 12:15:56,466:INFO:    plotly-resampler: Not installed
2025-06-22 12:15:56,466:INFO:             kaleido: 1.0.0
2025-06-22 12:15:56,466:INFO:           schemdraw: 0.15
2025-06-22 12:15:56,466:INFO:         statsmodels: 0.14.4
2025-06-22 12:15:56,466:INFO:              sktime: 0.26.0
2025-06-22 12:15:56,466:INFO:               tbats: 1.1.3
2025-06-22 12:15:56,466:INFO:            pmdarima: 2.0.4
2025-06-22 12:15:56,467:INFO:              psutil: 7.0.0
2025-06-22 12:15:56,467:INFO:          markupsafe: 3.0.2
2025-06-22 12:15:56,467:INFO:             pickle5: Not installed
2025-06-22 12:15:56,467:INFO:         cloudpickle: 3.1.1
2025-06-22 12:15:56,467:INFO:         deprecation: 2.1.0
2025-06-22 12:15:56,467:INFO:              xxhash: 3.5.0
2025-06-22 12:15:56,467:INFO:           wurlitzer: Not installed
2025-06-22 12:15:56,467:INFO:PyCaret optional dependencies:
2025-06-22 12:15:56,467:INFO:                shap: Not installed
2025-06-22 12:15:56,467:INFO:           interpret: Not installed
2025-06-22 12:15:56,467:INFO:                umap: Not installed
2025-06-22 12:15:56,467:INFO:     ydata_profiling: Not installed
2025-06-22 12:15:56,467:INFO:  explainerdashboard: Not installed
2025-06-22 12:15:56,467:INFO:             autoviz: Not installed
2025-06-22 12:15:56,467:INFO:           fairlearn: Not installed
2025-06-22 12:15:56,467:INFO:          deepchecks: Not installed
2025-06-22 12:15:56,467:INFO:             xgboost: Not installed
2025-06-22 12:15:56,467:INFO:            catboost: Not installed
2025-06-22 12:15:56,467:INFO:              kmodes: Not installed
2025-06-22 12:15:56,467:INFO:             mlxtend: Not installed
2025-06-22 12:15:56,467:INFO:       statsforecast: Not installed
2025-06-22 12:15:56,467:INFO:        tune_sklearn: Not installed
2025-06-22 12:15:56,467:INFO:                 ray: Not installed
2025-06-22 12:15:56,467:INFO:            hyperopt: Not installed
2025-06-22 12:15:56,467:INFO:              optuna: Not installed
2025-06-22 12:15:56,467:INFO:               skopt: Not installed
2025-06-22 12:15:56,467:INFO:              mlflow: Not installed
2025-06-22 12:15:56,467:INFO:              gradio: Not installed
2025-06-22 12:15:56,467:INFO:             fastapi: 0.115.13
2025-06-22 12:15:56,467:INFO:             uvicorn: 0.34.3
2025-06-22 12:15:56,467:INFO:              m2cgen: Not installed
2025-06-22 12:15:56,467:INFO:           evidently: Not installed
2025-06-22 12:15:56,467:INFO:               fugue: Not installed
2025-06-22 12:15:56,467:INFO:           streamlit: Not installed
2025-06-22 12:15:56,467:INFO:             prophet: Not installed
2025-06-22 12:15:56,467:INFO:None
2025-06-22 12:15:56,467:INFO:Set up data.
2025-06-22 12:15:56,476:INFO:Set up folding strategy.
2025-06-22 12:15:56,476:INFO:Set up train/test split.
2025-06-22 12:15:56,486:INFO:Set up index.
2025-06-22 12:15:56,486:INFO:Assigning column types.
2025-06-22 12:15:56,489:INFO:Engine successfully changes for model 'lr' to 'sklearn'.
2025-06-22 12:15:56,515:INFO:Engine for model 'knn' has not been set explicitly, hence returning None.
2025-06-22 12:15:56,518:INFO:Engine for model 'rbfsvm' has not been set explicitly, hence returning None.
2025-06-22 12:15:56,535:WARNING:
'xgboost' is a soft dependency and not included in the pycaret installation. Please run: `pip install xgboost` to install.
Alternately, you can install this by running `pip install pycaret[models]`
2025-06-22 12:15:56,535:WARNING:
'catboost' is a soft dependency and not included in the pycaret installation. Please run: `pip install catboost` to install.
Alternately, you can install this by running `pip install pycaret[models]`
2025-06-22 12:15:56,561:INFO:Engine for model 'knn' has not been set explicitly, hence returning None.
2025-06-22 12:15:56,562:INFO:Engine for model 'rbfsvm' has not been set explicitly, hence returning None.
2025-06-22 12:15:56,577:WARNING:
'xgboost' is a soft dependency and not included in the pycaret installation. Please run: `pip install xgboost` to install.
Alternately, you can install this by running `pip install pycaret[models]`
2025-06-22 12:15:56,577:WARNING:
'catboost' is a soft dependency and not included in the pycaret installation. Please run: `pip install catboost` to install.
Alternately, you can install this by running `pip install pycaret[models]`
2025-06-22 12:15:56,577:INFO:Engine successfully changes for model 'knn' to 'sklearn'.
2025-06-22 12:15:56,602:INFO:Engine for model 'rbfsvm' has not been set explicitly, hence returning None.
2025-06-22 12:15:56,618:WARNING:
'xgboost' is a soft dependency and not included in the pycaret installation. Please run: `pip install xgboost` to install.
Alternately, you can install this by running `pip install pycaret[models]`
2025-06-22 12:15:56,618:WARNING:
'catboost' is a soft dependency and not included in the pycaret installation. Please run: `pip install catboost` to install.
Alternately, you can install this by running `pip install pycaret[models]`
2025-06-22 12:15:56,643:INFO:Engine for model 'rbfsvm' has not been set explicitly, hence returning None.
2025-06-22 12:15:56,658:WARNING:
'xgboost' is a soft dependency and not included in the pycaret installation. Please run: `pip install xgboost` to install.
Alternately, you can install this by running `pip install pycaret[models]`
2025-06-22 12:15:56,658:WARNING:
'catboost' is a soft dependency and not included in the pycaret installation. Please run: `pip install catboost` to install.
Alternately, you can install this by running `pip install pycaret[models]`
2025-06-22 12:15:56,658:INFO:Engine successfully changes for model 'rbfsvm' to 'sklearn'.
2025-06-22 12:15:56,705:WARNING:
'xgboost' is a soft dependency and not included in the pycaret installation. Please run: `pip install xgboost` to install.
Alternately, you can install this by running `pip install pycaret[models]`
2025-06-22 12:15:56,706:WARNING:
'catboost' is a soft dependency and not included in the pycaret installation. Please run: `pip install catboost` to install.
Alternately, you can install this by running `pip install pycaret[models]`
2025-06-22 12:15:56,747:WARNING:
'xgboost' is a soft dependency and not included in the pycaret installation. Please run: `pip install xgboost` to install.
Alternately, you can install this by running `pip install pycaret[models]`
2025-06-22 12:15:56,747:WARNING:
'catboost' is a soft dependency and not included in the pycaret installation. Please run: `pip install catboost` to install.
Alternately, you can install this by running `pip install pycaret[models]`
2025-06-22 12:15:56,750:INFO:Preparing preprocessing pipeline...
2025-06-22 12:15:56,751:INFO:Set up simple imputation.
2025-06-22 12:15:56,765:INFO:Finished creating preprocessing pipeline.
2025-06-22 12:15:56,768:INFO:Pipeline: Pipeline(memory=FastMemory(location=C:\Users\Lenovo\AppData\Local\Temp\joblib),
         steps=[('numerical_imputer',
                 TransformerWrapper(exclude=None,
                                    include=['Pregnancies', 'Glucose',
                                             'BloodPressure', 'SkinThickness',
                                             'Insulin', 'BMI',
                                             'DiabetesPedigreeFunction',
                                             'Age'],
                                    transformer=SimpleImputer(add_indicator=False,
                                                              copy=True,
                                                              fill_value=None,
                                                              keep_empty_features=False,
                                                              missing_values=nan,
                                                              strategy='mean'))),
                ('categorical_imputer',
                 TransformerWrapper(exclude=None, include=[],
                                    transformer=SimpleImputer(add_indicator=False,
                                                              copy=True,
                                                              fill_value=None,
                                                              keep_empty_features=False,
                                                              missing_values=nan,
                                                              strategy='most_frequent')))],
         verbose=False)
2025-06-22 12:15:56,768:INFO:Creating final display dataframe.
2025-06-22 12:15:56,809:INFO:Setup _display_container:                     Description             Value
0                    Session id               123
1                        Target           Outcome
2                   Target type            Binary
3           Original data shape          (768, 9)
4        Transformed data shape          (768, 9)
5   Transformed train set shape          (537, 9)
6    Transformed test set shape          (231, 9)
7              Numeric features                 8
8                    Preprocess              True
9               Imputation type            simple
10           Numeric imputation              mean
11       Categorical imputation              mode
12               Fold Generator   StratifiedKFold
13                  Fold Number                10
14                     CPU Jobs                -1
15                      Use GPU             False
16               Log Experiment             False
17              Experiment Name  clf-default-name
18                          USI              1453
2025-06-22 12:15:56,858:WARNING:
'xgboost' is a soft dependency and not included in the pycaret installation. Please run: `pip install xgboost` to install.
Alternately, you can install this by running `pip install pycaret[models]`
2025-06-22 12:15:56,859:WARNING:
'catboost' is a soft dependency and not included in the pycaret installation. Please run: `pip install catboost` to install.
Alternately, you can install this by running `pip install pycaret[models]`
2025-06-22 12:15:56,910:WARNING:
'xgboost' is a soft dependency and not included in the pycaret installation. Please run: `pip install xgboost` to install.
Alternately, you can install this by running `pip install pycaret[models]`
2025-06-22 12:15:56,910:WARNING:
'catboost' is a soft dependency and not included in the pycaret installation. Please run: `pip install catboost` to install.
Alternately, you can install this by running `pip install pycaret[models]`
2025-06-22 12:15:56,913:INFO:setup() successfully completed in 0.48s...............
2025-06-22 12:15:56,914:INFO:Initializing compare_models()
2025-06-22 12:15:56,914:INFO:compare_models(self=<pycaret.classification.oop.ClassificationExperiment object at 0x0000025BFBA73880>, include=None, fold=None, round=4, cross_validation=True, sort=Accuracy, n_select=5, budget_time=None, turbo=True, errors=ignore, fit_kwargs=None, groups=None, experiment_custom_tags=None, probability_threshold=None, verbose=True, parallel=None, caller_params={'self': <pycaret.classification.oop.ClassificationExperiment object at 0x0000025BFBA73880>, 'include': None, 'exclude': None, 'fold': None, 'round': 4, 'cross_validation': True, 'sort': 'Accuracy', 'n_select': 5, 'budget_time': None, 'turbo': True, 'errors': 'ignore', 'fit_kwargs': None, 'groups': None, 'experiment_custom_tags': None, 'probability_threshold': None, 'engine': None, 'verbose': True, 'parallel': None, '__class__': <class 'pycaret.classification.oop.ClassificationExperiment'>}, exclude=None)
2025-06-22 12:15:56,914:INFO:Checking exceptions
2025-06-22 12:15:56,917:INFO:Preparing display monitor
2025-06-22 12:15:56,922:INFO:Initializing Logistic Regression
2025-06-22 12:15:56,922:INFO:Total runtime is 0.0 minutes
2025-06-22 12:15:56,922:INFO:SubProcess create_model() called ==================================
2025-06-22 12:15:56,923:INFO:Initializing create_model()
2025-06-22 12:15:56,923:INFO:create_model(self=<pycaret.classification.oop.ClassificationExperiment object at 0x0000025BFBA73880>, estimator=lr, fold=StratifiedKFold(n_splits=10, random_state=None, shuffle=False), round=4, cross_validation=True, predict=True, fit_kwargs={}, groups=None, refit=False, probability_threshold=None, experiment_custom_tags=None, verbose=False, system=False, add_to_model_list=True, metrics=None, display=<pycaret.internal.display.display.CommonDisplay object at 0x0000025BFE0F6260>, model_only=True, return_train_score=False, error_score=0.0, kwargs={})
2025-06-22 12:15:56,923:INFO:Checking exceptions
2025-06-22 12:15:56,923:INFO:Importing libraries
2025-06-22 12:15:56,923:INFO:Copying training dataset
2025-06-22 12:15:56,925:INFO:Defining folds
2025-06-22 12:15:56,926:INFO:Declaring metric variables
2025-06-22 12:15:56,926:INFO:Importing untrained model
2025-06-22 12:15:56,926:INFO:Logistic Regression Imported successfully
2025-06-22 12:15:56,926:INFO:Starting cross validation
2025-06-22 12:15:56,927:INFO:Cross validating with StratifiedKFold(n_splits=10, random_state=None, shuffle=False), n_jobs=-1
2025-06-22 12:15:57,255:INFO:Calculating mean and std
2025-06-22 12:15:57,257:INFO:Creating metrics dataframe
2025-06-22 12:15:57,259:INFO:Uploading results into container
2025-06-22 12:15:57,259:INFO:Uploading model into container now
2025-06-22 12:15:57,260:INFO:_master_model_container: 1
2025-06-22 12:15:57,260:INFO:_display_container: 2
2025-06-22 12:15:57,260:INFO:LogisticRegression(C=1.0, class_weight=None, dual=False, fit_intercept=True,
                   intercept_scaling=1, l1_ratio=None, max_iter=1000,
                   multi_class='auto', n_jobs=None, penalty='l2',
                   random_state=123, solver='lbfgs', tol=0.0001, verbose=0,
                   warm_start=False)
2025-06-22 12:15:57,260:INFO:create_model() successfully completed......................................
2025-06-22 12:15:57,573:INFO:SubProcess create_model() end ==================================
2025-06-22 12:15:57,575:INFO:Creating metrics dataframe
2025-06-22 12:15:57,576:INFO:Initializing K Neighbors Classifier
2025-06-22 12:15:57,576:INFO:Total runtime is 0.010898069540659586 minutes
2025-06-22 12:15:57,577:INFO:SubProcess create_model() called ==================================
2025-06-22 12:15:57,577:INFO:Initializing create_model()
2025-06-22 12:15:57,577:INFO:create_model(self=<pycaret.classification.oop.ClassificationExperiment object at 0x0000025BFBA73880>, estimator=knn, fold=StratifiedKFold(n_splits=10, random_state=None, shuffle=False), round=4, cross_validation=True, predict=True, fit_kwargs={}, groups=None, refit=False, probability_threshold=None, experiment_custom_tags=None, verbose=False, system=False, add_to_model_list=True, metrics=None, display=<pycaret.internal.display.display.CommonDisplay object at 0x0000025BFE0F6260>, model_only=True, return_train_score=False, error_score=0.0, kwargs={})
2025-06-22 12:15:57,577:INFO:Checking exceptions
2025-06-22 12:15:57,577:INFO:Importing libraries
2025-06-22 12:15:57,577:INFO:Copying training dataset
2025-06-22 12:15:57,582:INFO:Defining folds
2025-06-22 12:15:57,582:INFO:Declaring metric variables
2025-06-22 12:15:57,582:INFO:Importing untrained model
2025-06-22 12:15:57,582:INFO:K Neighbors Classifier Imported successfully
2025-06-22 12:15:57,583:INFO:Starting cross validation
2025-06-22 12:15:57,583:INFO:Cross validating with StratifiedKFold(n_splits=10, random_state=None, shuffle=False), n_jobs=-1
2025-06-22 12:15:57,803:INFO:Calculating mean and std
2025-06-22 12:15:57,804:INFO:Creating metrics dataframe
2025-06-22 12:15:57,805:INFO:Uploading results into container
2025-06-22 12:15:57,805:INFO:Uploading model into container now
2025-06-22 12:15:57,805:INFO:_master_model_container: 2
2025-06-22 12:15:57,807:INFO:_display_container: 2
2025-06-22 12:15:57,807:INFO:KNeighborsClassifier(algorithm='auto', leaf_size=30, metric='minkowski',
                     metric_params=None, n_jobs=-1, n_neighbors=5, p=2,
                     weights='uniform')
2025-06-22 12:15:57,807:INFO:create_model() successfully completed......................................
2025-06-22 12:15:57,871:INFO:SubProcess create_model() end ==================================
2025-06-22 12:15:57,872:INFO:Creating metrics dataframe
2025-06-22 12:15:57,873:INFO:Initializing Naive Bayes
2025-06-22 12:15:57,873:INFO:Total runtime is 0.01585034132003784 minutes
2025-06-22 12:15:57,873:INFO:SubProcess create_model() called ==================================
2025-06-22 12:15:57,873:INFO:Initializing create_model()
2025-06-22 12:15:57,873:INFO:create_model(self=<pycaret.classification.oop.ClassificationExperiment object at 0x0000025BFBA73880>, estimator=nb, fold=StratifiedKFold(n_splits=10, random_state=None, shuffle=False), round=4, cross_validation=True, predict=True, fit_kwargs={}, groups=None, refit=False, probability_threshold=None, experiment_custom_tags=None, verbose=False, system=False, add_to_model_list=True, metrics=None, display=<pycaret.internal.display.display.CommonDisplay object at 0x0000025BFE0F6260>, model_only=True, return_train_score=False, error_score=0.0, kwargs={})
2025-06-22 12:15:57,873:INFO:Checking exceptions
2025-06-22 12:15:57,873:INFO:Importing libraries
2025-06-22 12:15:57,874:INFO:Copying training dataset
2025-06-22 12:15:57,875:INFO:Defining folds
2025-06-22 12:15:57,875:INFO:Declaring metric variables
2025-06-22 12:15:57,876:INFO:Importing untrained model
2025-06-22 12:15:57,876:INFO:Naive Bayes Imported successfully
2025-06-22 12:15:57,876:INFO:Starting cross validation
2025-06-22 12:15:57,876:INFO:Cross validating with StratifiedKFold(n_splits=10, random_state=None, shuffle=False), n_jobs=-1
2025-06-22 12:15:57,964:INFO:Calculating mean and std
2025-06-22 12:15:57,964:INFO:Creating metrics dataframe
2025-06-22 12:15:57,967:INFO:Uploading results into container
2025-06-22 12:15:57,967:INFO:Uploading model into container now
2025-06-22 12:15:57,967:INFO:_master_model_container: 3
2025-06-22 12:15:57,967:INFO:_display_container: 2
2025-06-22 12:15:57,967:INFO:GaussianNB(priors=None, var_smoothing=1e-09)
2025-06-22 12:15:57,967:INFO:create_model() successfully completed......................................
2025-06-22 12:15:58,024:INFO:SubProcess create_model() end ==================================
2025-06-22 12:15:58,026:INFO:Creating metrics dataframe
2025-06-22 12:15:58,028:INFO:Initializing Decision Tree Classifier
2025-06-22 12:15:58,028:INFO:Total runtime is 0.01844062805175781 minutes
2025-06-22 12:15:58,028:INFO:SubProcess create_model() called ==================================
2025-06-22 12:15:58,028:INFO:Initializing create_model()
2025-06-22 12:15:58,028:INFO:create_model(self=<pycaret.classification.oop.ClassificationExperiment object at 0x0000025BFBA73880>, estimator=dt, fold=StratifiedKFold(n_splits=10, random_state=None, shuffle=False), round=4, cross_validation=True, predict=True, fit_kwargs={}, groups=None, refit=False, probability_threshold=None, experiment_custom_tags=None, verbose=False, system=False, add_to_model_list=True, metrics=None, display=<pycaret.internal.display.display.CommonDisplay object at 0x0000025BFE0F6260>, model_only=True, return_train_score=False, error_score=0.0, kwargs={})
2025-06-22 12:15:58,028:INFO:Checking exceptions
2025-06-22 12:15:58,028:INFO:Importing libraries
2025-06-22 12:15:58,028:INFO:Copying training dataset
2025-06-22 12:15:58,031:INFO:Defining folds
2025-06-22 12:15:58,031:INFO:Declaring metric variables
2025-06-22 12:15:58,031:INFO:Importing untrained model
2025-06-22 12:15:58,032:INFO:Decision Tree Classifier Imported successfully
2025-06-22 12:15:58,032:INFO:Starting cross validation
2025-06-22 12:15:58,032:INFO:Cross validating with StratifiedKFold(n_splits=10, random_state=None, shuffle=False), n_jobs=-1
2025-06-22 12:15:58,103:INFO:Calculating mean and std
2025-06-22 12:15:58,104:INFO:Creating metrics dataframe
2025-06-22 12:15:58,105:INFO:Uploading results into container
2025-06-22 12:15:58,105:INFO:Uploading model into container now
2025-06-22 12:15:58,105:INFO:_master_model_container: 4
2025-06-22 12:15:58,105:INFO:_display_container: 2
2025-06-22 12:15:58,105:INFO:DecisionTreeClassifier(ccp_alpha=0.0, class_weight=None, criterion='gini',
                       max_depth=None, max_features=None, max_leaf_nodes=None,
                       min_impurity_decrease=0.0, min_samples_leaf=1,
                       min_samples_split=2, min_weight_fraction_leaf=0.0,
                       monotonic_cst=None, random_state=123, splitter='best')
2025-06-22 12:15:58,105:INFO:create_model() successfully completed......................................
2025-06-22 12:15:58,164:INFO:SubProcess create_model() end ==================================
2025-06-22 12:15:58,164:INFO:Creating metrics dataframe
2025-06-22 12:15:58,166:INFO:Initializing SVM - Linear Kernel
2025-06-22 12:15:58,166:INFO:Total runtime is 0.020740922292073565 minutes
2025-06-22 12:15:58,166:INFO:SubProcess create_model() called ==================================
2025-06-22 12:15:58,166:INFO:Initializing create_model()
2025-06-22 12:15:58,167:INFO:create_model(self=<pycaret.classification.oop.ClassificationExperiment object at 0x0000025BFBA73880>, estimator=svm, fold=StratifiedKFold(n_splits=10, random_state=None, shuffle=False), round=4, cross_validation=True, predict=True, fit_kwargs={}, groups=None, refit=False, probability_threshold=None, experiment_custom_tags=None, verbose=False, system=False, add_to_model_list=True, metrics=None, display=<pycaret.internal.display.display.CommonDisplay object at 0x0000025BFE0F6260>, model_only=True, return_train_score=False, error_score=0.0, kwargs={})
2025-06-22 12:15:58,167:INFO:Checking exceptions
2025-06-22 12:15:58,167:INFO:Importing libraries
2025-06-22 12:15:58,167:INFO:Copying training dataset
2025-06-22 12:15:58,168:INFO:Defining folds
2025-06-22 12:15:58,168:INFO:Declaring metric variables
2025-06-22 12:15:58,168:INFO:Importing untrained model
2025-06-22 12:15:58,170:INFO:SVM - Linear Kernel Imported successfully
2025-06-22 12:15:58,170:INFO:Starting cross validation
2025-06-22 12:15:58,170:INFO:Cross validating with StratifiedKFold(n_splits=10, random_state=None, shuffle=False), n_jobs=-1
2025-06-22 12:15:58,223:WARNING:C:\Users\Lenovo\OneDrive - IRESSEF\Documents\DSWB\Project\Training\Workshop_2025\Github\od\test\no-code-test\py\mlenv\lib\site-packages\sklearn\metrics\_classification.py:1509: UndefinedMetricWarning: Precision is ill-defined and being set to 0.0 due to no predicted samples. Use `zero_division` parameter to control this behavior.
  _warn_prf(average, modifier, f"{metric.capitalize()} is", len(result))

2025-06-22 12:15:58,230:WARNING:C:\Users\Lenovo\OneDrive - IRESSEF\Documents\DSWB\Project\Training\Workshop_2025\Github\od\test\no-code-test\py\mlenv\lib\site-packages\sklearn\metrics\_classification.py:1509: UndefinedMetricWarning: Precision is ill-defined and being set to 0.0 due to no predicted samples. Use `zero_division` parameter to control this behavior.
  _warn_prf(average, modifier, f"{metric.capitalize()} is", len(result))

2025-06-22 12:15:58,241:INFO:Calculating mean and std
2025-06-22 12:15:58,242:INFO:Creating metrics dataframe
2025-06-22 12:15:58,243:INFO:Uploading results into container
2025-06-22 12:15:58,244:INFO:Uploading model into container now
2025-06-22 12:15:58,244:INFO:_master_model_container: 5
2025-06-22 12:15:58,244:INFO:_display_container: 2
2025-06-22 12:15:58,245:INFO:SGDClassifier(alpha=0.0001, average=False, class_weight=None,
              early_stopping=False, epsilon=0.1, eta0=0.001, fit_intercept=True,
              l1_ratio=0.15, learning_rate='optimal', loss='hinge',
              max_iter=1000, n_iter_no_change=5, n_jobs=-1, penalty='l2',
              power_t=0.5, random_state=123, shuffle=True, tol=0.001,
              validation_fraction=0.1, verbose=0, warm_start=False)
2025-06-22 12:15:58,245:INFO:create_model() successfully completed......................................
2025-06-22 12:15:58,307:INFO:SubProcess create_model() end ==================================
2025-06-22 12:15:58,307:INFO:Creating metrics dataframe
2025-06-22 12:15:58,310:INFO:Initializing Ridge Classifier
2025-06-22 12:15:58,310:INFO:Total runtime is 0.023134462038675942 minutes
2025-06-22 12:15:58,310:INFO:SubProcess create_model() called ==================================
2025-06-22 12:15:58,310:INFO:Initializing create_model()
2025-06-22 12:15:58,310:INFO:create_model(self=<pycaret.classification.oop.ClassificationExperiment object at 0x0000025BFBA73880>, estimator=ridge, fold=StratifiedKFold(n_splits=10, random_state=None, shuffle=False), round=4, cross_validation=True, predict=True, fit_kwargs={}, groups=None, refit=False, probability_threshold=None, experiment_custom_tags=None, verbose=False, system=False, add_to_model_list=True, metrics=None, display=<pycaret.internal.display.display.CommonDisplay object at 0x0000025BFE0F6260>, model_only=True, return_train_score=False, error_score=0.0, kwargs={})
2025-06-22 12:15:58,310:INFO:Checking exceptions
2025-06-22 12:15:58,310:INFO:Importing libraries
2025-06-22 12:15:58,310:INFO:Copying training dataset
2025-06-22 12:15:58,312:INFO:Defining folds
2025-06-22 12:15:58,312:INFO:Declaring metric variables
2025-06-22 12:15:58,312:INFO:Importing untrained model
2025-06-22 12:15:58,312:INFO:Ridge Classifier Imported successfully
2025-06-22 12:15:58,312:INFO:Starting cross validation
2025-06-22 12:15:58,313:INFO:Cross validating with StratifiedKFold(n_splits=10, random_state=None, shuffle=False), n_jobs=-1
2025-06-22 12:15:58,381:INFO:Calculating mean and std
2025-06-22 12:15:58,383:INFO:Creating metrics dataframe
2025-06-22 12:15:58,384:INFO:Uploading results into container
2025-06-22 12:15:58,384:INFO:Uploading model into container now
2025-06-22 12:15:58,384:INFO:_master_model_container: 6
2025-06-22 12:15:58,384:INFO:_display_container: 2
2025-06-22 12:15:58,385:INFO:RidgeClassifier(alpha=1.0, class_weight=None, copy_X=True, fit_intercept=True,
                max_iter=None, positive=False, random_state=123, solver='auto',
                tol=0.0001)
2025-06-22 12:15:58,385:INFO:create_model() successfully completed......................................
2025-06-22 12:15:58,444:INFO:SubProcess create_model() end ==================================
2025-06-22 12:15:58,444:INFO:Creating metrics dataframe
2025-06-22 12:15:58,446:INFO:Initializing Random Forest Classifier
2025-06-22 12:15:58,446:INFO:Total runtime is 0.02540343999862671 minutes
2025-06-22 12:15:58,446:INFO:SubProcess create_model() called ==================================
2025-06-22 12:15:58,446:INFO:Initializing create_model()
2025-06-22 12:15:58,446:INFO:create_model(self=<pycaret.classification.oop.ClassificationExperiment object at 0x0000025BFBA73880>, estimator=rf, fold=StratifiedKFold(n_splits=10, random_state=None, shuffle=False), round=4, cross_validation=True, predict=True, fit_kwargs={}, groups=None, refit=False, probability_threshold=None, experiment_custom_tags=None, verbose=False, system=False, add_to_model_list=True, metrics=None, display=<pycaret.internal.display.display.CommonDisplay object at 0x0000025BFE0F6260>, model_only=True, return_train_score=False, error_score=0.0, kwargs={})
2025-06-22 12:15:58,446:INFO:Checking exceptions
2025-06-22 12:15:58,446:INFO:Importing libraries
2025-06-22 12:15:58,446:INFO:Copying training dataset
2025-06-22 12:15:58,448:INFO:Defining folds
2025-06-22 12:15:58,448:INFO:Declaring metric variables
2025-06-22 12:15:58,448:INFO:Importing untrained model
2025-06-22 12:15:58,449:INFO:Random Forest Classifier Imported successfully
2025-06-22 12:15:58,449:INFO:Starting cross validation
2025-06-22 12:15:58,449:INFO:Cross validating with StratifiedKFold(n_splits=10, random_state=None, shuffle=False), n_jobs=-1
2025-06-22 12:15:58,925:INFO:Calculating mean and std
2025-06-22 12:15:58,926:INFO:Creating metrics dataframe
2025-06-22 12:15:58,927:INFO:Uploading results into container
2025-06-22 12:15:58,928:INFO:Uploading model into container now
2025-06-22 12:15:58,928:INFO:_master_model_container: 7
2025-06-22 12:15:58,928:INFO:_display_container: 2
2025-06-22 12:15:58,928:INFO:RandomForestClassifier(bootstrap=True, ccp_alpha=0.0, class_weight=None,
                       criterion='gini', max_depth=None, max_features='sqrt',
                       max_leaf_nodes=None, max_samples=None,
                       min_impurity_decrease=0.0, min_samples_leaf=1,
                       min_samples_split=2, min_weight_fraction_leaf=0.0,
                       monotonic_cst=None, n_estimators=100, n_jobs=-1,
                       oob_score=False, random_state=123, verbose=0,
                       warm_start=False)
2025-06-22 12:15:58,928:INFO:create_model() successfully completed......................................
2025-06-22 12:15:58,995:INFO:SubProcess create_model() end ==================================
2025-06-22 12:15:58,995:INFO:Creating metrics dataframe
2025-06-22 12:15:58,997:INFO:Initializing Quadratic Discriminant Analysis
2025-06-22 12:15:58,997:INFO:Total runtime is 0.03459247350692749 minutes
2025-06-22 12:15:58,997:INFO:SubProcess create_model() called ==================================
2025-06-22 12:15:58,997:INFO:Initializing create_model()
2025-06-22 12:15:58,997:INFO:create_model(self=<pycaret.classification.oop.ClassificationExperiment object at 0x0000025BFBA73880>, estimator=qda, fold=StratifiedKFold(n_splits=10, random_state=None, shuffle=False), round=4, cross_validation=True, predict=True, fit_kwargs={}, groups=None, refit=False, probability_threshold=None, experiment_custom_tags=None, verbose=False, system=False, add_to_model_list=True, metrics=None, display=<pycaret.internal.display.display.CommonDisplay object at 0x0000025BFE0F6260>, model_only=True, return_train_score=False, error_score=0.0, kwargs={})
2025-06-22 12:15:58,997:INFO:Checking exceptions
2025-06-22 12:15:58,997:INFO:Importing libraries
2025-06-22 12:15:58,999:INFO:Copying training dataset
2025-06-22 12:15:59,000:INFO:Defining folds
2025-06-22 12:15:59,000:INFO:Declaring metric variables
2025-06-22 12:15:59,001:INFO:Importing untrained model
2025-06-22 12:15:59,001:INFO:Quadratic Discriminant Analysis Imported successfully
2025-06-22 12:15:59,001:INFO:Starting cross validation
2025-06-22 12:15:59,001:INFO:Cross validating with StratifiedKFold(n_splits=10, random_state=None, shuffle=False), n_jobs=-1
2025-06-22 12:15:59,085:INFO:Calculating mean and std
2025-06-22 12:15:59,086:INFO:Creating metrics dataframe
2025-06-22 12:15:59,088:INFO:Uploading results into container
2025-06-22 12:15:59,089:INFO:Uploading model into container now
2025-06-22 12:15:59,089:INFO:_master_model_container: 8
2025-06-22 12:15:59,089:INFO:_display_container: 2
2025-06-22 12:15:59,089:INFO:QuadraticDiscriminantAnalysis(priors=None, reg_param=0.0,
                              store_covariance=False, tol=0.0001)
2025-06-22 12:15:59,089:INFO:create_model() successfully completed......................................
2025-06-22 12:15:59,167:INFO:SubProcess create_model() end ==================================
2025-06-22 12:15:59,167:INFO:Creating metrics dataframe
2025-06-22 12:15:59,169:INFO:Initializing Ada Boost Classifier
2025-06-22 12:15:59,169:INFO:Total runtime is 0.03744874000549316 minutes
2025-06-22 12:15:59,169:INFO:SubProcess create_model() called ==================================
2025-06-22 12:15:59,169:INFO:Initializing create_model()
2025-06-22 12:15:59,169:INFO:create_model(self=<pycaret.classification.oop.ClassificationExperiment object at 0x0000025BFBA73880>, estimator=ada, fold=StratifiedKFold(n_splits=10, random_state=None, shuffle=False), round=4, cross_validation=True, predict=True, fit_kwargs={}, groups=None, refit=False, probability_threshold=None, experiment_custom_tags=None, verbose=False, system=False, add_to_model_list=True, metrics=None, display=<pycaret.internal.display.display.CommonDisplay object at 0x0000025BFE0F6260>, model_only=True, return_train_score=False, error_score=0.0, kwargs={})
2025-06-22 12:15:59,169:INFO:Checking exceptions
2025-06-22 12:15:59,169:INFO:Importing libraries
2025-06-22 12:15:59,169:INFO:Copying training dataset
2025-06-22 12:15:59,172:INFO:Defining folds
2025-06-22 12:15:59,172:INFO:Declaring metric variables
2025-06-22 12:15:59,172:INFO:Importing untrained model
2025-06-22 12:15:59,173:INFO:Ada Boost Classifier Imported successfully
2025-06-22 12:15:59,173:INFO:Starting cross validation
2025-06-22 12:15:59,173:INFO:Cross validating with StratifiedKFold(n_splits=10, random_state=None, shuffle=False), n_jobs=-1
2025-06-22 12:15:59,202:WARNING:C:\Users\Lenovo\OneDrive - IRESSEF\Documents\DSWB\Project\Training\Workshop_2025\Github\od\test\no-code-test\py\mlenv\lib\site-packages\sklearn\ensemble\_weight_boosting.py:519: FutureWarning: The SAMME.R algorithm (the default) is deprecated and will be removed in 1.6. Use the SAMME algorithm to circumvent this warning.
  warnings.warn(

2025-06-22 12:15:59,203:WARNING:C:\Users\Lenovo\OneDrive - IRESSEF\Documents\DSWB\Project\Training\Workshop_2025\Github\od\test\no-code-test\py\mlenv\lib\site-packages\sklearn\ensemble\_weight_boosting.py:519: FutureWarning: The SAMME.R algorithm (the default) is deprecated and will be removed in 1.6. Use the SAMME algorithm to circumvent this warning.
  warnings.warn(

2025-06-22 12:15:59,203:WARNING:C:\Users\Lenovo\OneDrive - IRESSEF\Documents\DSWB\Project\Training\Workshop_2025\Github\od\test\no-code-test\py\mlenv\lib\site-packages\sklearn\ensemble\_weight_boosting.py:519: FutureWarning: The SAMME.R algorithm (the default) is deprecated and will be removed in 1.6. Use the SAMME algorithm to circumvent this warning.
  warnings.warn(

2025-06-22 12:15:59,204:WARNING:C:\Users\Lenovo\OneDrive - IRESSEF\Documents\DSWB\Project\Training\Workshop_2025\Github\od\test\no-code-test\py\mlenv\lib\site-packages\sklearn\ensemble\_weight_boosting.py:519: FutureWarning: The SAMME.R algorithm (the default) is deprecated and will be removed in 1.6. Use the SAMME algorithm to circumvent this warning.
  warnings.warn(

2025-06-22 12:15:59,206:WARNING:C:\Users\Lenovo\OneDrive - IRESSEF\Documents\DSWB\Project\Training\Workshop_2025\Github\od\test\no-code-test\py\mlenv\lib\site-packages\sklearn\ensemble\_weight_boosting.py:519: FutureWarning: The SAMME.R algorithm (the default) is deprecated and will be removed in 1.6. Use the SAMME algorithm to circumvent this warning.
  warnings.warn(

2025-06-22 12:15:59,208:WARNING:C:\Users\Lenovo\OneDrive - IRESSEF\Documents\DSWB\Project\Training\Workshop_2025\Github\od\test\no-code-test\py\mlenv\lib\site-packages\sklearn\ensemble\_weight_boosting.py:519: FutureWarning: The SAMME.R algorithm (the default) is deprecated and will be removed in 1.6. Use the SAMME algorithm to circumvent this warning.
  warnings.warn(

2025-06-22 12:15:59,207:WARNING:C:\Users\Lenovo\OneDrive - IRESSEF\Documents\DSWB\Project\Training\Workshop_2025\Github\od\test\no-code-test\py\mlenv\lib\site-packages\sklearn\ensemble\_weight_boosting.py:519: FutureWarning: The SAMME.R algorithm (the default) is deprecated and will be removed in 1.6. Use the SAMME algorithm to circumvent this warning.
  warnings.warn(

2025-06-22 12:15:59,219:WARNING:C:\Users\Lenovo\OneDrive - IRESSEF\Documents\DSWB\Project\Training\Workshop_2025\Github\od\test\no-code-test\py\mlenv\lib\site-packages\sklearn\ensemble\_weight_boosting.py:519: FutureWarning: The SAMME.R algorithm (the default) is deprecated and will be removed in 1.6. Use the SAMME algorithm to circumvent this warning.
  warnings.warn(

2025-06-22 12:15:59,220:WARNING:C:\Users\Lenovo\OneDrive - IRESSEF\Documents\DSWB\Project\Training\Workshop_2025\Github\od\test\no-code-test\py\mlenv\lib\site-packages\sklearn\ensemble\_weight_boosting.py:519: FutureWarning: The SAMME.R algorithm (the default) is deprecated and will be removed in 1.6. Use the SAMME algorithm to circumvent this warning.
  warnings.warn(

2025-06-22 12:15:59,237:WARNING:C:\Users\Lenovo\OneDrive - IRESSEF\Documents\DSWB\Project\Training\Workshop_2025\Github\od\test\no-code-test\py\mlenv\lib\site-packages\sklearn\ensemble\_weight_boosting.py:519: FutureWarning: The SAMME.R algorithm (the default) is deprecated and will be removed in 1.6. Use the SAMME algorithm to circumvent this warning.
  warnings.warn(

2025-06-22 12:15:59,414:INFO:Calculating mean and std
2025-06-22 12:15:59,415:INFO:Creating metrics dataframe
2025-06-22 12:15:59,416:INFO:Uploading results into container
2025-06-22 12:15:59,416:INFO:Uploading model into container now
2025-06-22 12:15:59,416:INFO:_master_model_container: 9
2025-06-22 12:15:59,416:INFO:_display_container: 2
2025-06-22 12:15:59,417:INFO:AdaBoostClassifier(algorithm='SAMME.R', estimator=None, learning_rate=1.0,
                   n_estimators=50, random_state=123)
2025-06-22 12:15:59,417:INFO:create_model() successfully completed......................................
2025-06-22 12:15:59,485:INFO:SubProcess create_model() end ==================================
2025-06-22 12:15:59,486:INFO:Creating metrics dataframe
2025-06-22 12:15:59,487:INFO:Initializing Gradient Boosting Classifier
2025-06-22 12:15:59,487:INFO:Total runtime is 0.04275578260421753 minutes
2025-06-22 12:15:59,488:INFO:SubProcess create_model() called ==================================
2025-06-22 12:15:59,488:INFO:Initializing create_model()
2025-06-22 12:15:59,488:INFO:create_model(self=<pycaret.classification.oop.ClassificationExperiment object at 0x0000025BFBA73880>, estimator=gbc, fold=StratifiedKFold(n_splits=10, random_state=None, shuffle=False), round=4, cross_validation=True, predict=True, fit_kwargs={}, groups=None, refit=False, probability_threshold=None, experiment_custom_tags=None, verbose=False, system=False, add_to_model_list=True, metrics=None, display=<pycaret.internal.display.display.CommonDisplay object at 0x0000025BFE0F6260>, model_only=True, return_train_score=False, error_score=0.0, kwargs={})
2025-06-22 12:15:59,488:INFO:Checking exceptions
2025-06-22 12:15:59,488:INFO:Importing libraries
2025-06-22 12:15:59,488:INFO:Copying training dataset
2025-06-22 12:15:59,492:INFO:Defining folds
2025-06-22 12:15:59,492:INFO:Declaring metric variables
2025-06-22 12:15:59,492:INFO:Importing untrained model
2025-06-22 12:15:59,492:INFO:Gradient Boosting Classifier Imported successfully
2025-06-22 12:15:59,494:INFO:Starting cross validation
2025-06-22 12:15:59,496:INFO:Cross validating with StratifiedKFold(n_splits=10, random_state=None, shuffle=False), n_jobs=-1
2025-06-22 12:15:59,828:INFO:Calculating mean and std
2025-06-22 12:15:59,829:INFO:Creating metrics dataframe
2025-06-22 12:15:59,830:INFO:Uploading results into container
2025-06-22 12:15:59,832:INFO:Uploading model into container now
2025-06-22 12:15:59,832:INFO:_master_model_container: 10
2025-06-22 12:15:59,832:INFO:_display_container: 2
2025-06-22 12:15:59,832:INFO:GradientBoostingClassifier(ccp_alpha=0.0, criterion='friedman_mse', init=None,
                           learning_rate=0.1, loss='log_loss', max_depth=3,
                           max_features=None, max_leaf_nodes=None,
                           min_impurity_decrease=0.0, min_samples_leaf=1,
                           min_samples_split=2, min_weight_fraction_leaf=0.0,
                           n_estimators=100, n_iter_no_change=None,
                           random_state=123, subsample=1.0, tol=0.0001,
                           validation_fraction=0.1, verbose=0,
                           warm_start=False)
2025-06-22 12:15:59,832:INFO:create_model() successfully completed......................................
2025-06-22 12:15:59,905:INFO:SubProcess create_model() end ==================================
2025-06-22 12:15:59,905:INFO:Creating metrics dataframe
2025-06-22 12:15:59,909:INFO:Initializing Linear Discriminant Analysis
2025-06-22 12:15:59,909:INFO:Total runtime is 0.04978387753168742 minutes
2025-06-22 12:15:59,909:INFO:SubProcess create_model() called ==================================
2025-06-22 12:15:59,909:INFO:Initializing create_model()
2025-06-22 12:15:59,909:INFO:create_model(self=<pycaret.classification.oop.ClassificationExperiment object at 0x0000025BFBA73880>, estimator=lda, fold=StratifiedKFold(n_splits=10, random_state=None, shuffle=False), round=4, cross_validation=True, predict=True, fit_kwargs={}, groups=None, refit=False, probability_threshold=None, experiment_custom_tags=None, verbose=False, system=False, add_to_model_list=True, metrics=None, display=<pycaret.internal.display.display.CommonDisplay object at 0x0000025BFE0F6260>, model_only=True, return_train_score=False, error_score=0.0, kwargs={})
2025-06-22 12:15:59,909:INFO:Checking exceptions
2025-06-22 12:15:59,909:INFO:Importing libraries
2025-06-22 12:15:59,909:INFO:Copying training dataset
2025-06-22 12:15:59,914:INFO:Defining folds
2025-06-22 12:15:59,914:INFO:Declaring metric variables
2025-06-22 12:15:59,914:INFO:Importing untrained model
2025-06-22 12:15:59,914:INFO:Linear Discriminant Analysis Imported successfully
2025-06-22 12:15:59,914:INFO:Starting cross validation
2025-06-22 12:15:59,915:INFO:Cross validating with StratifiedKFold(n_splits=10, random_state=None, shuffle=False), n_jobs=-1
2025-06-22 12:15:59,982:INFO:Calculating mean and std
2025-06-22 12:15:59,983:INFO:Creating metrics dataframe
2025-06-22 12:15:59,985:INFO:Uploading results into container
2025-06-22 12:15:59,985:INFO:Uploading model into container now
2025-06-22 12:15:59,986:INFO:_master_model_container: 11
2025-06-22 12:15:59,986:INFO:_display_container: 2
2025-06-22 12:15:59,986:INFO:LinearDiscriminantAnalysis(covariance_estimator=None, n_components=None,
                           priors=None, shrinkage=None, solver='svd',
                           store_covariance=False, tol=0.0001)
2025-06-22 12:15:59,986:INFO:create_model() successfully completed......................................
2025-06-22 12:16:00,066:INFO:SubProcess create_model() end ==================================
2025-06-22 12:16:00,066:INFO:Creating metrics dataframe
2025-06-22 12:16:00,069:INFO:Initializing Extra Trees Classifier
2025-06-22 12:16:00,069:INFO:Total runtime is 0.05245060523351034 minutes
2025-06-22 12:16:00,070:INFO:SubProcess create_model() called ==================================
2025-06-22 12:16:00,070:INFO:Initializing create_model()
2025-06-22 12:16:00,070:INFO:create_model(self=<pycaret.classification.oop.ClassificationExperiment object at 0x0000025BFBA73880>, estimator=et, fold=StratifiedKFold(n_splits=10, random_state=None, shuffle=False), round=4, cross_validation=True, predict=True, fit_kwargs={}, groups=None, refit=False, probability_threshold=None, experiment_custom_tags=None, verbose=False, system=False, add_to_model_list=True, metrics=None, display=<pycaret.internal.display.display.CommonDisplay object at 0x0000025BFE0F6260>, model_only=True, return_train_score=False, error_score=0.0, kwargs={})
2025-06-22 12:16:00,070:INFO:Checking exceptions
2025-06-22 12:16:00,070:INFO:Importing libraries
2025-06-22 12:16:00,070:INFO:Copying training dataset
2025-06-22 12:16:00,072:INFO:Defining folds
2025-06-22 12:16:00,072:INFO:Declaring metric variables
2025-06-22 12:16:00,072:INFO:Importing untrained model
2025-06-22 12:16:00,072:INFO:Extra Trees Classifier Imported successfully
2025-06-22 12:16:00,072:INFO:Starting cross validation
2025-06-22 12:16:00,074:INFO:Cross validating with StratifiedKFold(n_splits=10, random_state=None, shuffle=False), n_jobs=-1
2025-06-22 12:16:00,561:INFO:Calculating mean and std
2025-06-22 12:16:00,562:INFO:Creating metrics dataframe
2025-06-22 12:16:00,564:INFO:Uploading results into container
2025-06-22 12:16:00,564:INFO:Uploading model into container now
2025-06-22 12:16:00,564:INFO:_master_model_container: 12
2025-06-22 12:16:00,564:INFO:_display_container: 2
2025-06-22 12:16:00,566:INFO:ExtraTreesClassifier(bootstrap=False, ccp_alpha=0.0, class_weight=None,
                     criterion='gini', max_depth=None, max_features='sqrt',
                     max_leaf_nodes=None, max_samples=None,
                     min_impurity_decrease=0.0, min_samples_leaf=1,
                     min_samples_split=2, min_weight_fraction_leaf=0.0,
                     monotonic_cst=None, n_estimators=100, n_jobs=-1,
                     oob_score=False, random_state=123, verbose=0,
                     warm_start=False)
2025-06-22 12:16:00,566:INFO:create_model() successfully completed......................................
2025-06-22 12:16:00,632:INFO:SubProcess create_model() end ==================================
2025-06-22 12:16:00,632:INFO:Creating metrics dataframe
2025-06-22 12:16:00,634:INFO:Initializing Light Gradient Boosting Machine
2025-06-22 12:16:00,634:INFO:Total runtime is 0.061868222554524746 minutes
2025-06-22 12:16:00,634:INFO:SubProcess create_model() called ==================================
2025-06-22 12:16:00,634:INFO:Initializing create_model()
2025-06-22 12:16:00,634:INFO:create_model(self=<pycaret.classification.oop.ClassificationExperiment object at 0x0000025BFBA73880>, estimator=lightgbm, fold=StratifiedKFold(n_splits=10, random_state=None, shuffle=False), round=4, cross_validation=True, predict=True, fit_kwargs={}, groups=None, refit=False, probability_threshold=None, experiment_custom_tags=None, verbose=False, system=False, add_to_model_list=True, metrics=None, display=<pycaret.internal.display.display.CommonDisplay object at 0x0000025BFE0F6260>, model_only=True, return_train_score=False, error_score=0.0, kwargs={})
2025-06-22 12:16:00,634:INFO:Checking exceptions
2025-06-22 12:16:00,634:INFO:Importing libraries
2025-06-22 12:16:00,634:INFO:Copying training dataset
2025-06-22 12:16:00,636:INFO:Defining folds
2025-06-22 12:16:00,637:INFO:Declaring metric variables
2025-06-22 12:16:00,637:INFO:Importing untrained model
2025-06-22 12:16:00,637:INFO:Light Gradient Boosting Machine Imported successfully
2025-06-22 12:16:00,637:INFO:Starting cross validation
2025-06-22 12:16:00,638:INFO:Cross validating with StratifiedKFold(n_splits=10, random_state=None, shuffle=False), n_jobs=-1
2025-06-22 12:16:02,035:INFO:Calculating mean and std
2025-06-22 12:16:02,036:INFO:Creating metrics dataframe
2025-06-22 12:16:02,037:INFO:Uploading results into container
2025-06-22 12:16:02,038:INFO:Uploading model into container now
2025-06-22 12:16:02,038:INFO:_master_model_container: 13
2025-06-22 12:16:02,038:INFO:_display_container: 2
2025-06-22 12:16:02,039:INFO:LGBMClassifier(boosting_type='gbdt', class_weight=None, colsample_bytree=1.0,
               importance_type='split', learning_rate=0.1, max_depth=-1,
               min_child_samples=20, min_child_weight=0.001, min_split_gain=0.0,
               n_estimators=100, n_jobs=-1, num_leaves=31, objective=None,
               random_state=123, reg_alpha=0.0, reg_lambda=0.0, subsample=1.0,
               subsample_for_bin=200000, subsample_freq=0)
2025-06-22 12:16:02,039:INFO:create_model() successfully completed......................................
2025-06-22 12:16:02,107:INFO:SubProcess create_model() end ==================================
2025-06-22 12:16:02,107:INFO:Creating metrics dataframe
2025-06-22 12:16:02,111:INFO:Initializing Dummy Classifier
2025-06-22 12:16:02,112:INFO:Total runtime is 0.0864982565244039 minutes
2025-06-22 12:16:02,112:INFO:SubProcess create_model() called ==================================
2025-06-22 12:16:02,112:INFO:Initializing create_model()
2025-06-22 12:16:02,112:INFO:create_model(self=<pycaret.classification.oop.ClassificationExperiment object at 0x0000025BFBA73880>, estimator=dummy, fold=StratifiedKFold(n_splits=10, random_state=None, shuffle=False), round=4, cross_validation=True, predict=True, fit_kwargs={}, groups=None, refit=False, probability_threshold=None, experiment_custom_tags=None, verbose=False, system=False, add_to_model_list=True, metrics=None, display=<pycaret.internal.display.display.CommonDisplay object at 0x0000025BFE0F6260>, model_only=True, return_train_score=False, error_score=0.0, kwargs={})
2025-06-22 12:16:02,112:INFO:Checking exceptions
2025-06-22 12:16:02,112:INFO:Importing libraries
2025-06-22 12:16:02,112:INFO:Copying training dataset
2025-06-22 12:16:02,115:INFO:Defining folds
2025-06-22 12:16:02,115:INFO:Declaring metric variables
2025-06-22 12:16:02,115:INFO:Importing untrained model
2025-06-22 12:16:02,115:INFO:Dummy Classifier Imported successfully
2025-06-22 12:16:02,115:INFO:Starting cross validation
2025-06-22 12:16:02,116:INFO:Cross validating with StratifiedKFold(n_splits=10, random_state=None, shuffle=False), n_jobs=-1
2025-06-22 12:16:02,151:WARNING:C:\Users\Lenovo\OneDrive - IRESSEF\Documents\DSWB\Project\Training\Workshop_2025\Github\od\test\no-code-test\py\mlenv\lib\site-packages\sklearn\metrics\_classification.py:1509: UndefinedMetricWarning: Precision is ill-defined and being set to 0.0 due to no predicted samples. Use `zero_division` parameter to control this behavior.
  _warn_prf(average, modifier, f"{metric.capitalize()} is", len(result))

2025-06-22 12:16:02,151:WARNING:C:\Users\Lenovo\OneDrive - IRESSEF\Documents\DSWB\Project\Training\Workshop_2025\Github\od\test\no-code-test\py\mlenv\lib\site-packages\sklearn\metrics\_classification.py:1509: UndefinedMetricWarning: Precision is ill-defined and being set to 0.0 due to no predicted samples. Use `zero_division` parameter to control this behavior.
  _warn_prf(average, modifier, f"{metric.capitalize()} is", len(result))

2025-06-22 12:16:02,156:WARNING:C:\Users\Lenovo\OneDrive - IRESSEF\Documents\DSWB\Project\Training\Workshop_2025\Github\od\test\no-code-test\py\mlenv\lib\site-packages\sklearn\metrics\_classification.py:1509: UndefinedMetricWarning: Precision is ill-defined and being set to 0.0 due to no predicted samples. Use `zero_division` parameter to control this behavior.
  _warn_prf(average, modifier, f"{metric.capitalize()} is", len(result))

2025-06-22 12:16:02,158:WARNING:C:\Users\Lenovo\OneDrive - IRESSEF\Documents\DSWB\Project\Training\Workshop_2025\Github\od\test\no-code-test\py\mlenv\lib\site-packages\sklearn\metrics\_classification.py:1509: UndefinedMetricWarning: Precision is ill-defined and being set to 0.0 due to no predicted samples. Use `zero_division` parameter to control this behavior.
  _warn_prf(average, modifier, f"{metric.capitalize()} is", len(result))

2025-06-22 12:16:02,160:WARNING:C:\Users\Lenovo\OneDrive - IRESSEF\Documents\DSWB\Project\Training\Workshop_2025\Github\od\test\no-code-test\py\mlenv\lib\site-packages\sklearn\metrics\_classification.py:1509: UndefinedMetricWarning: Precision is ill-defined and being set to 0.0 due to no predicted samples. Use `zero_division` parameter to control this behavior.
  _warn_prf(average, modifier, f"{metric.capitalize()} is", len(result))

2025-06-22 12:16:02,160:WARNING:C:\Users\Lenovo\OneDrive - IRESSEF\Documents\DSWB\Project\Training\Workshop_2025\Github\od\test\no-code-test\py\mlenv\lib\site-packages\sklearn\metrics\_classification.py:1509: UndefinedMetricWarning: Precision is ill-defined and being set to 0.0 due to no predicted samples. Use `zero_division` parameter to control this behavior.
  _warn_prf(average, modifier, f"{metric.capitalize()} is", len(result))

2025-06-22 12:16:02,168:WARNING:C:\Users\Lenovo\OneDrive - IRESSEF\Documents\DSWB\Project\Training\Workshop_2025\Github\od\test\no-code-test\py\mlenv\lib\site-packages\sklearn\metrics\_classification.py:1509: UndefinedMetricWarning: Precision is ill-defined and being set to 0.0 due to no predicted samples. Use `zero_division` parameter to control this behavior.
  _warn_prf(average, modifier, f"{metric.capitalize()} is", len(result))

2025-06-22 12:16:02,177:WARNING:C:\Users\Lenovo\OneDrive - IRESSEF\Documents\DSWB\Project\Training\Workshop_2025\Github\od\test\no-code-test\py\mlenv\lib\site-packages\sklearn\metrics\_classification.py:1509: UndefinedMetricWarning: Precision is ill-defined and being set to 0.0 due to no predicted samples. Use `zero_division` parameter to control this behavior.
  _warn_prf(average, modifier, f"{metric.capitalize()} is", len(result))

2025-06-22 12:16:02,181:WARNING:C:\Users\Lenovo\OneDrive - IRESSEF\Documents\DSWB\Project\Training\Workshop_2025\Github\od\test\no-code-test\py\mlenv\lib\site-packages\sklearn\metrics\_classification.py:1509: UndefinedMetricWarning: Precision is ill-defined and being set to 0.0 due to no predicted samples. Use `zero_division` parameter to control this behavior.
  _warn_prf(average, modifier, f"{metric.capitalize()} is", len(result))

2025-06-22 12:16:02,182:WARNING:C:\Users\Lenovo\OneDrive - IRESSEF\Documents\DSWB\Project\Training\Workshop_2025\Github\od\test\no-code-test\py\mlenv\lib\site-packages\sklearn\metrics\_classification.py:1509: UndefinedMetricWarning: Precision is ill-defined and being set to 0.0 due to no predicted samples. Use `zero_division` parameter to control this behavior.
  _warn_prf(average, modifier, f"{metric.capitalize()} is", len(result))

2025-06-22 12:16:02,199:INFO:Calculating mean and std
2025-06-22 12:16:02,199:INFO:Creating metrics dataframe
2025-06-22 12:16:02,201:INFO:Uploading results into container
2025-06-22 12:16:02,201:INFO:Uploading model into container now
2025-06-22 12:16:02,201:INFO:_master_model_container: 14
2025-06-22 12:16:02,201:INFO:_display_container: 2
2025-06-22 12:16:02,201:INFO:DummyClassifier(constant=None, random_state=123, strategy='prior')
2025-06-22 12:16:02,201:INFO:create_model() successfully completed......................................
2025-06-22 12:16:02,268:INFO:SubProcess create_model() end ==================================
2025-06-22 12:16:02,268:INFO:Creating metrics dataframe
2025-06-22 12:16:02,272:WARNING:C:\Users\Lenovo\OneDrive - IRESSEF\Documents\DSWB\Project\Training\Workshop_2025\Github\od\test\no-code-test\py\mlenv\lib\site-packages\pycaret\internal\pycaret_experiment\supervised_experiment.py:323: FutureWarning: Styler.applymap has been deprecated. Use Styler.map instead.
  master_display_.apply(

2025-06-22 12:16:02,273:INFO:Initializing create_model()
2025-06-22 12:16:02,273:INFO:create_model(self=<pycaret.classification.oop.ClassificationExperiment object at 0x0000025BFBA73880>, estimator=LogisticRegression(C=1.0, class_weight=None, dual=False, fit_intercept=True,
                   intercept_scaling=1, l1_ratio=None, max_iter=1000,
                   multi_class='auto', n_jobs=None, penalty='l2',
                   random_state=123, solver='lbfgs', tol=0.0001, verbose=0,
                   warm_start=False), fold=StratifiedKFold(n_splits=10, random_state=None, shuffle=False), round=4, cross_validation=False, predict=False, fit_kwargs={}, groups=None, refit=True, probability_threshold=None, experiment_custom_tags=None, verbose=False, system=False, add_to_model_list=True, metrics=None, display=None, model_only=True, return_train_score=False, error_score=0.0, kwargs={})
2025-06-22 12:16:02,273:INFO:Checking exceptions
2025-06-22 12:16:02,274:INFO:Importing libraries
2025-06-22 12:16:02,274:INFO:Copying training dataset
2025-06-22 12:16:02,279:INFO:Defining folds
2025-06-22 12:16:02,279:INFO:Declaring metric variables
2025-06-22 12:16:02,279:INFO:Importing untrained model
2025-06-22 12:16:02,279:INFO:Declaring custom model
2025-06-22 12:16:02,279:INFO:Logistic Regression Imported successfully
2025-06-22 12:16:02,280:INFO:Cross validation set to False
2025-06-22 12:16:02,280:INFO:Fitting Model
2025-06-22 12:16:02,306:INFO:LogisticRegression(C=1.0, class_weight=None, dual=False, fit_intercept=True,
                   intercept_scaling=1, l1_ratio=None, max_iter=1000,
                   multi_class='auto', n_jobs=None, penalty='l2',
                   random_state=123, solver='lbfgs', tol=0.0001, verbose=0,
                   warm_start=False)
2025-06-22 12:16:02,306:INFO:create_model() successfully completed......................................
2025-06-22 12:16:02,383:INFO:Initializing create_model()
2025-06-22 12:16:02,383:INFO:create_model(self=<pycaret.classification.oop.ClassificationExperiment object at 0x0000025BFBA73880>, estimator=RidgeClassifier(alpha=1.0, class_weight=None, copy_X=True, fit_intercept=True,
                max_iter=None, positive=False, random_state=123, solver='auto',
                tol=0.0001), fold=StratifiedKFold(n_splits=10, random_state=None, shuffle=False), round=4, cross_validation=False, predict=False, fit_kwargs={}, groups=None, refit=True, probability_threshold=None, experiment_custom_tags=None, verbose=False, system=False, add_to_model_list=True, metrics=None, display=None, model_only=True, return_train_score=False, error_score=0.0, kwargs={})
2025-06-22 12:16:02,383:INFO:Checking exceptions
2025-06-22 12:16:02,384:INFO:Importing libraries
2025-06-22 12:16:02,384:INFO:Copying training dataset
2025-06-22 12:16:02,389:INFO:Defining folds
2025-06-22 12:16:02,389:INFO:Declaring metric variables
2025-06-22 12:16:02,389:INFO:Importing untrained model
2025-06-22 12:16:02,389:INFO:Declaring custom model
2025-06-22 12:16:02,390:INFO:Ridge Classifier Imported successfully
2025-06-22 12:16:02,390:INFO:Cross validation set to False
2025-06-22 12:16:02,390:INFO:Fitting Model
2025-06-22 12:16:02,397:INFO:RidgeClassifier(alpha=1.0, class_weight=None, copy_X=True, fit_intercept=True,
                max_iter=None, positive=False, random_state=123, solver='auto',
                tol=0.0001)
2025-06-22 12:16:02,397:INFO:create_model() successfully completed......................................
2025-06-22 12:16:02,470:INFO:Initializing create_model()
2025-06-22 12:16:02,470:INFO:create_model(self=<pycaret.classification.oop.ClassificationExperiment object at 0x0000025BFBA73880>, estimator=LinearDiscriminantAnalysis(covariance_estimator=None, n_components=None,
                           priors=None, shrinkage=None, solver='svd',
                           store_covariance=False, tol=0.0001), fold=StratifiedKFold(n_splits=10, random_state=None, shuffle=False), round=4, cross_validation=False, predict=False, fit_kwargs={}, groups=None, refit=True, probability_threshold=None, experiment_custom_tags=None, verbose=False, system=False, add_to_model_list=True, metrics=None, display=None, model_only=True, return_train_score=False, error_score=0.0, kwargs={})
2025-06-22 12:16:02,470:INFO:Checking exceptions
2025-06-22 12:16:02,471:INFO:Importing libraries
2025-06-22 12:16:02,471:INFO:Copying training dataset
2025-06-22 12:16:02,473:INFO:Defining folds
2025-06-22 12:16:02,473:INFO:Declaring metric variables
2025-06-22 12:16:02,473:INFO:Importing untrained model
2025-06-22 12:16:02,473:INFO:Declaring custom model
2025-06-22 12:16:02,474:INFO:Linear Discriminant Analysis Imported successfully
2025-06-22 12:16:02,474:INFO:Cross validation set to False
2025-06-22 12:16:02,474:INFO:Fitting Model
2025-06-22 12:16:02,482:INFO:LinearDiscriminantAnalysis(covariance_estimator=None, n_components=None,
                           priors=None, shrinkage=None, solver='svd',
                           store_covariance=False, tol=0.0001)
2025-06-22 12:16:02,482:INFO:create_model() successfully completed......................................
2025-06-22 12:16:02,547:INFO:Initializing create_model()
2025-06-22 12:16:02,547:INFO:create_model(self=<pycaret.classification.oop.ClassificationExperiment object at 0x0000025BFBA73880>, estimator=RandomForestClassifier(bootstrap=True, ccp_alpha=0.0, class_weight=None,
                       criterion='gini', max_depth=None, max_features='sqrt',
                       max_leaf_nodes=None, max_samples=None,
                       min_impurity_decrease=0.0, min_samples_leaf=1,
                       min_samples_split=2, min_weight_fraction_leaf=0.0,
                       monotonic_cst=None, n_estimators=100, n_jobs=-1,
                       oob_score=False, random_state=123, verbose=0,
                       warm_start=False), fold=StratifiedKFold(n_splits=10, random_state=None, shuffle=False), round=4, cross_validation=False, predict=False, fit_kwargs={}, groups=None, refit=True, probability_threshold=None, experiment_custom_tags=None, verbose=False, system=False, add_to_model_list=True, metrics=None, display=None, model_only=True, return_train_score=False, error_score=0.0, kwargs={})
2025-06-22 12:16:02,548:INFO:Checking exceptions
2025-06-22 12:16:02,548:INFO:Importing libraries
2025-06-22 12:16:02,548:INFO:Copying training dataset
2025-06-22 12:16:02,551:INFO:Defining folds
2025-06-22 12:16:02,551:INFO:Declaring metric variables
2025-06-22 12:16:02,552:INFO:Importing untrained model
2025-06-22 12:16:02,552:INFO:Declaring custom model
2025-06-22 12:16:02,552:INFO:Random Forest Classifier Imported successfully
2025-06-22 12:16:02,553:INFO:Cross validation set to False
2025-06-22 12:16:02,553:INFO:Fitting Model
2025-06-22 12:16:02,754:INFO:RandomForestClassifier(bootstrap=True, ccp_alpha=0.0, class_weight=None,
                       criterion='gini', max_depth=None, max_features='sqrt',
                       max_leaf_nodes=None, max_samples=None,
                       min_impurity_decrease=0.0, min_samples_leaf=1,
                       min_samples_split=2, min_weight_fraction_leaf=0.0,
                       monotonic_cst=None, n_estimators=100, n_jobs=-1,
                       oob_score=False, random_state=123, verbose=0,
                       warm_start=False)
2025-06-22 12:16:02,754:INFO:create_model() successfully completed......................................
2025-06-22 12:16:02,827:INFO:Initializing create_model()
2025-06-22 12:16:02,827:INFO:create_model(self=<pycaret.classification.oop.ClassificationExperiment object at 0x0000025BFBA73880>, estimator=GaussianNB(priors=None, var_smoothing=1e-09), fold=StratifiedKFold(n_splits=10, random_state=None, shuffle=False), round=4, cross_validation=False, predict=False, fit_kwargs={}, groups=None, refit=True, probability_threshold=None, experiment_custom_tags=None, verbose=False, system=False, add_to_model_list=True, metrics=None, display=None, model_only=True, return_train_score=False, error_score=0.0, kwargs={})
2025-06-22 12:16:02,827:INFO:Checking exceptions
2025-06-22 12:16:02,828:INFO:Importing libraries
2025-06-22 12:16:02,828:INFO:Copying training dataset
2025-06-22 12:16:02,830:INFO:Defining folds
2025-06-22 12:16:02,830:INFO:Declaring metric variables
2025-06-22 12:16:02,830:INFO:Importing untrained model
2025-06-22 12:16:02,830:INFO:Declaring custom model
2025-06-22 12:16:02,830:INFO:Naive Bayes Imported successfully
2025-06-22 12:16:02,831:INFO:Cross validation set to False
2025-06-22 12:16:02,831:INFO:Fitting Model
2025-06-22 12:16:02,836:INFO:GaussianNB(priors=None, var_smoothing=1e-09)
2025-06-22 12:16:02,836:INFO:create_model() successfully completed......................................
2025-06-22 12:16:02,925:INFO:_master_model_container: 14
2025-06-22 12:16:02,926:INFO:_display_container: 2
2025-06-22 12:16:02,927:INFO:[LogisticRegression(C=1.0, class_weight=None, dual=False, fit_intercept=True,
                   intercept_scaling=1, l1_ratio=None, max_iter=1000,
                   multi_class='auto', n_jobs=None, penalty='l2',
                   random_state=123, solver='lbfgs', tol=0.0001, verbose=0,
                   warm_start=False), RidgeClassifier(alpha=1.0, class_weight=None, copy_X=True, fit_intercept=True,
                max_iter=None, positive=False, random_state=123, solver='auto',
                tol=0.0001), LinearDiscriminantAnalysis(covariance_estimator=None, n_components=None,
                           priors=None, shrinkage=None, solver='svd',
                           store_covariance=False, tol=0.0001), RandomForestClassifier(bootstrap=True, ccp_alpha=0.0, class_weight=None,
                       criterion='gini', max_depth=None, max_features='sqrt',
                       max_leaf_nodes=None, max_samples=None,
                       min_impurity_decrease=0.0, min_samples_leaf=1,
                       min_samples_split=2, min_weight_fraction_leaf=0.0,
                       monotonic_cst=None, n_estimators=100, n_jobs=-1,
                       oob_score=False, random_state=123, verbose=0,
                       warm_start=False), GaussianNB(priors=None, var_smoothing=1e-09)]
2025-06-22 12:16:02,927:INFO:compare_models() successfully completed......................................
2025-06-22 12:20:56,680:INFO:PyCaret ClassificationExperiment
2025-06-22 12:20:56,680:INFO:Logging name: clf-default-name
2025-06-22 12:20:56,682:INFO:ML Usecase: MLUsecase.CLASSIFICATION
2025-06-22 12:20:56,682:INFO:version 3.3.2
2025-06-22 12:20:56,682:INFO:Initializing setup()
2025-06-22 12:20:56,682:INFO:self.USI: 4316
2025-06-22 12:20:56,682:INFO:self._variable_keys: {'X_test', 'n_jobs_param', 'target_param', 'pipeline', 'X', 'X_train', 'logging_param', 'exp_id', 'memory', 'idx', 'log_plots_param', 'exp_name_log', '_ml_usecase', 'USI', 'fold_groups_param', 'gpu_n_jobs_param', 'fold_shuffle_param', 'is_multiclass', 'data', 'fold_generator', 'y_train', 'y', 'y_test', 'fix_imbalance', 'html_param', 'seed', '_available_plots', 'gpu_param'}
2025-06-22 12:20:56,682:INFO:Checking environment
2025-06-22 12:20:56,682:INFO:python_version: 3.10.4
2025-06-22 12:20:56,683:INFO:python_build: ('tags/v3.10.4:9d38120', 'Mar 23 2022 23:13:41')
2025-06-22 12:20:56,683:INFO:machine: AMD64
2025-06-22 12:20:56,683:INFO:platform: Windows-10-10.0.26100-SP0
2025-06-22 12:20:56,724:INFO:Memory: svmem(total=16871448576, available=521461760, percent=96.9, used=16349986816, free=521461760)
2025-06-22 12:20:56,725:INFO:Physical Core: 10
2025-06-22 12:20:56,725:INFO:Logical Core: 12
2025-06-22 12:20:56,725:INFO:Checking libraries
2025-06-22 12:20:56,725:INFO:System:
2025-06-22 12:20:56,727:INFO:    python: 3.10.4 (tags/v3.10.4:9d38120, Mar 23 2022, 23:13:41) [MSC v.1929 64 bit (AMD64)]
2025-06-22 12:20:56,727:INFO:executable: C:\Users\Lenovo\OneDrive - IRESSEF\Documents\DSWB\Project\Training\Workshop_2025\Github\od\test\no-code-test\py\mlenv\Scripts\python.exe
2025-06-22 12:20:56,727:INFO:   machine: Windows-10-10.0.26100-SP0
2025-06-22 12:20:56,727:INFO:PyCaret required dependencies:
2025-06-22 12:20:56,729:INFO:                 pip: 22.0.4
2025-06-22 12:20:56,729:INFO:          setuptools: 58.1.0
2025-06-22 12:20:56,729:INFO:             pycaret: 3.3.2
2025-06-22 12:20:56,729:INFO:             IPython: 8.37.0
2025-06-22 12:20:56,729:INFO:          ipywidgets: 8.1.7
2025-06-22 12:20:56,729:INFO:                tqdm: 4.67.1
2025-06-22 12:20:56,729:INFO:               numpy: 1.26.4
2025-06-22 12:20:56,729:INFO:              pandas: 2.1.4
2025-06-22 12:20:56,729:INFO:              jinja2: 3.1.6
2025-06-22 12:20:56,729:INFO:               scipy: 1.11.4
2025-06-22 12:20:56,729:INFO:              joblib: 1.3.2
2025-06-22 12:20:56,729:INFO:             sklearn: 1.4.2
2025-06-22 12:20:56,729:INFO:                pyod: 2.0.5
2025-06-22 12:20:56,729:INFO:            imblearn: 0.13.0
2025-06-22 12:20:56,729:INFO:   category_encoders: 2.7.0
2025-06-22 12:20:56,729:INFO:            lightgbm: 4.6.0
2025-06-22 12:20:56,729:INFO:               numba: 0.61.2
2025-06-22 12:20:56,730:INFO:            requests: 2.32.4
2025-06-22 12:20:56,730:INFO:          matplotlib: 3.7.5
2025-06-22 12:20:56,730:INFO:          scikitplot: 0.3.7
2025-06-22 12:20:56,730:INFO:         yellowbrick: 1.5
2025-06-22 12:20:56,730:INFO:              plotly: 5.24.1
2025-06-22 12:20:56,730:INFO:    plotly-resampler: Not installed
2025-06-22 12:20:56,730:INFO:             kaleido: 1.0.0
2025-06-22 12:20:56,730:INFO:           schemdraw: 0.15
2025-06-22 12:20:56,730:INFO:         statsmodels: 0.14.4
2025-06-22 12:20:56,730:INFO:              sktime: 0.26.0
2025-06-22 12:20:56,730:INFO:               tbats: 1.1.3
2025-06-22 12:20:56,730:INFO:            pmdarima: 2.0.4
2025-06-22 12:20:56,730:INFO:              psutil: 7.0.0
2025-06-22 12:20:56,730:INFO:          markupsafe: 3.0.2
2025-06-22 12:20:56,730:INFO:             pickle5: Not installed
2025-06-22 12:20:56,730:INFO:         cloudpickle: 3.1.1
2025-06-22 12:20:56,730:INFO:         deprecation: 2.1.0
2025-06-22 12:20:56,730:INFO:              xxhash: 3.5.0
2025-06-22 12:20:56,730:INFO:           wurlitzer: Not installed
2025-06-22 12:20:56,730:INFO:PyCaret optional dependencies:
2025-06-22 12:20:56,730:INFO:                shap: Not installed
2025-06-22 12:20:56,730:INFO:           interpret: Not installed
2025-06-22 12:20:56,730:INFO:                umap: Not installed
2025-06-22 12:20:56,730:INFO:     ydata_profiling: Not installed
2025-06-22 12:20:56,730:INFO:  explainerdashboard: Not installed
2025-06-22 12:20:56,730:INFO:             autoviz: Not installed
2025-06-22 12:20:56,730:INFO:           fairlearn: Not installed
2025-06-22 12:20:56,731:INFO:          deepchecks: Not installed
2025-06-22 12:20:56,731:INFO:             xgboost: Not installed
2025-06-22 12:20:56,731:INFO:            catboost: Not installed
2025-06-22 12:20:56,731:INFO:              kmodes: Not installed
2025-06-22 12:20:56,731:INFO:             mlxtend: Not installed
2025-06-22 12:20:56,731:INFO:       statsforecast: Not installed
2025-06-22 12:20:56,731:INFO:        tune_sklearn: Not installed
2025-06-22 12:20:56,731:INFO:                 ray: Not installed
2025-06-22 12:20:56,731:INFO:            hyperopt: Not installed
2025-06-22 12:20:56,731:INFO:              optuna: Not installed
2025-06-22 12:20:56,731:INFO:               skopt: Not installed
2025-06-22 12:20:56,731:INFO:              mlflow: Not installed
2025-06-22 12:20:56,731:INFO:              gradio: Not installed
2025-06-22 12:20:56,731:INFO:             fastapi: 0.115.13
2025-06-22 12:20:56,731:INFO:             uvicorn: 0.34.3
2025-06-22 12:20:56,731:INFO:              m2cgen: Not installed
2025-06-22 12:20:56,731:INFO:           evidently: Not installed
2025-06-22 12:20:56,731:INFO:               fugue: Not installed
2025-06-22 12:20:56,731:INFO:           streamlit: Not installed
2025-06-22 12:20:56,731:INFO:             prophet: Not installed
2025-06-22 12:20:56,731:INFO:None
2025-06-22 12:20:56,732:INFO:Set up data.
2025-06-22 12:20:56,767:INFO:Set up folding strategy.
2025-06-22 12:20:56,768:INFO:Set up train/test split.
2025-06-22 12:20:56,791:INFO:Set up index.
2025-06-22 12:20:56,792:INFO:Assigning column types.
2025-06-22 12:20:56,797:INFO:Engine successfully changes for model 'lr' to 'sklearn'.
2025-06-22 12:20:56,828:INFO:Engine for model 'knn' has not been set explicitly, hence returning None.
2025-06-22 12:20:56,834:INFO:Engine for model 'rbfsvm' has not been set explicitly, hence returning None.
2025-06-22 12:20:56,854:WARNING:
'xgboost' is a soft dependency and not included in the pycaret installation. Please run: `pip install xgboost` to install.
Alternately, you can install this by running `pip install pycaret[models]`
2025-06-22 12:20:56,854:WARNING:
'catboost' is a soft dependency and not included in the pycaret installation. Please run: `pip install catboost` to install.
Alternately, you can install this by running `pip install pycaret[models]`
2025-06-22 12:20:56,882:INFO:Engine for model 'knn' has not been set explicitly, hence returning None.
2025-06-22 12:20:56,882:INFO:Engine for model 'rbfsvm' has not been set explicitly, hence returning None.
2025-06-22 12:20:56,898:WARNING:
'xgboost' is a soft dependency and not included in the pycaret installation. Please run: `pip install xgboost` to install.
Alternately, you can install this by running `pip install pycaret[models]`
2025-06-22 12:20:56,898:WARNING:
'catboost' is a soft dependency and not included in the pycaret installation. Please run: `pip install catboost` to install.
Alternately, you can install this by running `pip install pycaret[models]`
2025-06-22 12:20:56,898:INFO:Engine successfully changes for model 'knn' to 'sklearn'.
2025-06-22 12:20:56,924:INFO:Engine for model 'rbfsvm' has not been set explicitly, hence returning None.
2025-06-22 12:20:56,940:WARNING:
'xgboost' is a soft dependency and not included in the pycaret installation. Please run: `pip install xgboost` to install.
Alternately, you can install this by running `pip install pycaret[models]`
2025-06-22 12:20:56,940:WARNING:
'catboost' is a soft dependency and not included in the pycaret installation. Please run: `pip install catboost` to install.
Alternately, you can install this by running `pip install pycaret[models]`
2025-06-22 12:20:56,971:INFO:Engine for model 'rbfsvm' has not been set explicitly, hence returning None.
2025-06-22 12:20:56,986:WARNING:
'xgboost' is a soft dependency and not included in the pycaret installation. Please run: `pip install xgboost` to install.
Alternately, you can install this by running `pip install pycaret[models]`
2025-06-22 12:20:56,987:WARNING:
'catboost' is a soft dependency and not included in the pycaret installation. Please run: `pip install catboost` to install.
Alternately, you can install this by running `pip install pycaret[models]`
2025-06-22 12:20:56,987:INFO:Engine successfully changes for model 'rbfsvm' to 'sklearn'.
2025-06-22 12:20:57,031:WARNING:
'xgboost' is a soft dependency and not included in the pycaret installation. Please run: `pip install xgboost` to install.
Alternately, you can install this by running `pip install pycaret[models]`
2025-06-22 12:20:57,031:WARNING:
'catboost' is a soft dependency and not included in the pycaret installation. Please run: `pip install catboost` to install.
Alternately, you can install this by running `pip install pycaret[models]`
2025-06-22 12:20:57,076:WARNING:
'xgboost' is a soft dependency and not included in the pycaret installation. Please run: `pip install xgboost` to install.
Alternately, you can install this by running `pip install pycaret[models]`
2025-06-22 12:20:57,076:WARNING:
'catboost' is a soft dependency and not included in the pycaret installation. Please run: `pip install catboost` to install.
Alternately, you can install this by running `pip install pycaret[models]`
2025-06-22 12:20:57,081:INFO:Preparing preprocessing pipeline...
2025-06-22 12:20:57,083:INFO:Set up simple imputation.
2025-06-22 12:20:57,105:INFO:Finished creating preprocessing pipeline.
2025-06-22 12:20:57,108:INFO:Pipeline: Pipeline(memory=FastMemory(location=C:\Users\Lenovo\AppData\Local\Temp\joblib),
         steps=[('numerical_imputer',
                 TransformerWrapper(exclude=None,
                                    include=['Pregnancies', 'Glucose',
                                             'BloodPressure', 'SkinThickness',
                                             'Insulin', 'BMI',
                                             'DiabetesPedigreeFunction',
                                             'Age'],
                                    transformer=SimpleImputer(add_indicator=False,
                                                              copy=True,
                                                              fill_value=None,
                                                              keep_empty_features=False,
                                                              missing_values=nan,
                                                              strategy='mean'))),
                ('categorical_imputer',
                 TransformerWrapper(exclude=None, include=[],
                                    transformer=SimpleImputer(add_indicator=False,
                                                              copy=True,
                                                              fill_value=None,
                                                              keep_empty_features=False,
                                                              missing_values=nan,
                                                              strategy='most_frequent')))],
         verbose=False)
2025-06-22 12:20:57,108:INFO:Creating final display dataframe.
2025-06-22 12:20:57,156:INFO:Setup _display_container:                     Description             Value
0                    Session id               123
1                        Target           Outcome
2                   Target type            Binary
3           Original data shape          (768, 9)
4        Transformed data shape          (768, 9)
5   Transformed train set shape          (537, 9)
6    Transformed test set shape          (231, 9)
7              Numeric features                 8
8                    Preprocess              True
9               Imputation type            simple
10           Numeric imputation              mean
11       Categorical imputation              mode
12               Fold Generator   StratifiedKFold
13                  Fold Number                10
14                     CPU Jobs                -1
15                      Use GPU             False
16               Log Experiment             False
17              Experiment Name  clf-default-name
18                          USI              4316
2025-06-22 12:20:57,209:WARNING:
'xgboost' is a soft dependency and not included in the pycaret installation. Please run: `pip install xgboost` to install.
Alternately, you can install this by running `pip install pycaret[models]`
2025-06-22 12:20:57,209:WARNING:
'catboost' is a soft dependency and not included in the pycaret installation. Please run: `pip install catboost` to install.
Alternately, you can install this by running `pip install pycaret[models]`
2025-06-22 12:20:57,253:WARNING:
'xgboost' is a soft dependency and not included in the pycaret installation. Please run: `pip install xgboost` to install.
Alternately, you can install this by running `pip install pycaret[models]`
2025-06-22 12:20:57,253:WARNING:
'catboost' is a soft dependency and not included in the pycaret installation. Please run: `pip install catboost` to install.
Alternately, you can install this by running `pip install pycaret[models]`
2025-06-22 12:20:57,256:INFO:setup() successfully completed in 0.59s...............
2025-06-22 12:20:57,257:INFO:Initializing compare_models()
2025-06-22 12:20:57,257:INFO:compare_models(self=<pycaret.classification.oop.ClassificationExperiment object at 0x0000025BFBC451B0>, include=None, fold=None, round=4, cross_validation=True, sort=Accuracy, n_select=5, budget_time=None, turbo=True, errors=ignore, fit_kwargs=None, groups=None, experiment_custom_tags=None, probability_threshold=None, verbose=True, parallel=None, caller_params={'self': <pycaret.classification.oop.ClassificationExperiment object at 0x0000025BFBC451B0>, 'include': None, 'exclude': None, 'fold': None, 'round': 4, 'cross_validation': True, 'sort': 'Accuracy', 'n_select': 5, 'budget_time': None, 'turbo': True, 'errors': 'ignore', 'fit_kwargs': None, 'groups': None, 'experiment_custom_tags': None, 'probability_threshold': None, 'engine': None, 'verbose': True, 'parallel': None, '__class__': <class 'pycaret.classification.oop.ClassificationExperiment'>}, exclude=None)
2025-06-22 12:20:57,257:INFO:Checking exceptions
2025-06-22 12:20:57,260:INFO:Preparing display monitor
2025-06-22 12:20:57,267:INFO:Initializing Logistic Regression
2025-06-22 12:20:57,267:INFO:Total runtime is 0.0 minutes
2025-06-22 12:20:57,267:INFO:SubProcess create_model() called ==================================
2025-06-22 12:20:57,268:INFO:Initializing create_model()
2025-06-22 12:20:57,268:INFO:create_model(self=<pycaret.classification.oop.ClassificationExperiment object at 0x0000025BFBC451B0>, estimator=lr, fold=StratifiedKFold(n_splits=10, random_state=None, shuffle=False), round=4, cross_validation=True, predict=True, fit_kwargs={}, groups=None, refit=False, probability_threshold=None, experiment_custom_tags=None, verbose=False, system=False, add_to_model_list=True, metrics=None, display=<pycaret.internal.display.display.CommonDisplay object at 0x0000025BFBB93F70>, model_only=True, return_train_score=False, error_score=0.0, kwargs={})
2025-06-22 12:20:57,268:INFO:Checking exceptions
2025-06-22 12:20:57,268:INFO:Importing libraries
2025-06-22 12:20:57,268:INFO:Copying training dataset
2025-06-22 12:20:57,271:INFO:Defining folds
2025-06-22 12:20:57,271:INFO:Declaring metric variables
2025-06-22 12:20:57,271:INFO:Importing untrained model
2025-06-22 12:20:57,271:INFO:Logistic Regression Imported successfully
2025-06-22 12:20:57,272:INFO:Starting cross validation
2025-06-22 12:20:57,273:INFO:Cross validating with StratifiedKFold(n_splits=10, random_state=None, shuffle=False), n_jobs=-1
2025-06-22 12:20:58,149:INFO:Calculating mean and std
2025-06-22 12:20:58,152:INFO:Creating metrics dataframe
2025-06-22 12:20:58,158:INFO:Uploading results into container
2025-06-22 12:20:58,158:INFO:Uploading model into container now
2025-06-22 12:20:58,161:INFO:_master_model_container: 1
2025-06-22 12:20:58,161:INFO:_display_container: 2
2025-06-22 12:20:58,161:INFO:LogisticRegression(C=1.0, class_weight=None, dual=False, fit_intercept=True,
                   intercept_scaling=1, l1_ratio=None, max_iter=1000,
                   multi_class='auto', n_jobs=None, penalty='l2',
                   random_state=123, solver='lbfgs', tol=0.0001, verbose=0,
                   warm_start=False)
2025-06-22 12:20:58,162:INFO:create_model() successfully completed......................................
2025-06-22 12:20:59,146:INFO:SubProcess create_model() end ==================================
2025-06-22 12:20:59,146:INFO:Creating metrics dataframe
2025-06-22 12:20:59,149:INFO:Initializing K Neighbors Classifier
2025-06-22 12:20:59,149:INFO:Total runtime is 0.03136384884516398 minutes
2025-06-22 12:20:59,150:INFO:SubProcess create_model() called ==================================
2025-06-22 12:20:59,150:INFO:Initializing create_model()
2025-06-22 12:20:59,150:INFO:create_model(self=<pycaret.classification.oop.ClassificationExperiment object at 0x0000025BFBC451B0>, estimator=knn, fold=StratifiedKFold(n_splits=10, random_state=None, shuffle=False), round=4, cross_validation=True, predict=True, fit_kwargs={}, groups=None, refit=False, probability_threshold=None, experiment_custom_tags=None, verbose=False, system=False, add_to_model_list=True, metrics=None, display=<pycaret.internal.display.display.CommonDisplay object at 0x0000025BFBB93F70>, model_only=True, return_train_score=False, error_score=0.0, kwargs={})
2025-06-22 12:20:59,150:INFO:Checking exceptions
2025-06-22 12:20:59,150:INFO:Importing libraries
2025-06-22 12:20:59,150:INFO:Copying training dataset
2025-06-22 12:20:59,153:INFO:Defining folds
2025-06-22 12:20:59,153:INFO:Declaring metric variables
2025-06-22 12:20:59,153:INFO:Importing untrained model
2025-06-22 12:20:59,153:INFO:K Neighbors Classifier Imported successfully
2025-06-22 12:20:59,153:INFO:Starting cross validation
2025-06-22 12:20:59,155:INFO:Cross validating with StratifiedKFold(n_splits=10, random_state=None, shuffle=False), n_jobs=-1
2025-06-22 12:20:59,458:INFO:Calculating mean and std
2025-06-22 12:20:59,458:INFO:Creating metrics dataframe
2025-06-22 12:20:59,460:INFO:Uploading results into container
2025-06-22 12:20:59,461:INFO:Uploading model into container now
2025-06-22 12:20:59,461:INFO:_master_model_container: 2
2025-06-22 12:20:59,461:INFO:_display_container: 2
2025-06-22 12:20:59,461:INFO:KNeighborsClassifier(algorithm='auto', leaf_size=30, metric='minkowski',
                     metric_params=None, n_jobs=-1, n_neighbors=5, p=2,
                     weights='uniform')
2025-06-22 12:20:59,461:INFO:create_model() successfully completed......................................
2025-06-22 12:20:59,521:INFO:SubProcess create_model() end ==================================
2025-06-22 12:20:59,521:INFO:Creating metrics dataframe
2025-06-22 12:20:59,523:INFO:Initializing Naive Bayes
2025-06-22 12:20:59,524:INFO:Total runtime is 0.037610769271850586 minutes
2025-06-22 12:20:59,524:INFO:SubProcess create_model() called ==================================
2025-06-22 12:20:59,524:INFO:Initializing create_model()
2025-06-22 12:20:59,524:INFO:create_model(self=<pycaret.classification.oop.ClassificationExperiment object at 0x0000025BFBC451B0>, estimator=nb, fold=StratifiedKFold(n_splits=10, random_state=None, shuffle=False), round=4, cross_validation=True, predict=True, fit_kwargs={}, groups=None, refit=False, probability_threshold=None, experiment_custom_tags=None, verbose=False, system=False, add_to_model_list=True, metrics=None, display=<pycaret.internal.display.display.CommonDisplay object at 0x0000025BFBB93F70>, model_only=True, return_train_score=False, error_score=0.0, kwargs={})
2025-06-22 12:20:59,524:INFO:Checking exceptions
2025-06-22 12:20:59,524:INFO:Importing libraries
2025-06-22 12:20:59,524:INFO:Copying training dataset
2025-06-22 12:20:59,526:INFO:Defining folds
2025-06-22 12:20:59,526:INFO:Declaring metric variables
2025-06-22 12:20:59,526:INFO:Importing untrained model
2025-06-22 12:20:59,526:INFO:Naive Bayes Imported successfully
2025-06-22 12:20:59,526:INFO:Starting cross validation
2025-06-22 12:20:59,527:INFO:Cross validating with StratifiedKFold(n_splits=10, random_state=None, shuffle=False), n_jobs=-1
2025-06-22 12:20:59,595:INFO:Calculating mean and std
2025-06-22 12:20:59,595:INFO:Creating metrics dataframe
2025-06-22 12:20:59,596:INFO:Uploading results into container
2025-06-22 12:20:59,596:INFO:Uploading model into container now
2025-06-22 12:20:59,596:INFO:_master_model_container: 3
2025-06-22 12:20:59,598:INFO:_display_container: 2
2025-06-22 12:20:59,598:INFO:GaussianNB(priors=None, var_smoothing=1e-09)
2025-06-22 12:20:59,598:INFO:create_model() successfully completed......................................
2025-06-22 12:20:59,656:INFO:SubProcess create_model() end ==================================
2025-06-22 12:20:59,656:INFO:Creating metrics dataframe
2025-06-22 12:20:59,659:INFO:Initializing Decision Tree Classifier
2025-06-22 12:20:59,659:INFO:Total runtime is 0.03985958496729533 minutes
2025-06-22 12:20:59,659:INFO:SubProcess create_model() called ==================================
2025-06-22 12:20:59,659:INFO:Initializing create_model()
2025-06-22 12:20:59,659:INFO:create_model(self=<pycaret.classification.oop.ClassificationExperiment object at 0x0000025BFBC451B0>, estimator=dt, fold=StratifiedKFold(n_splits=10, random_state=None, shuffle=False), round=4, cross_validation=True, predict=True, fit_kwargs={}, groups=None, refit=False, probability_threshold=None, experiment_custom_tags=None, verbose=False, system=False, add_to_model_list=True, metrics=None, display=<pycaret.internal.display.display.CommonDisplay object at 0x0000025BFBB93F70>, model_only=True, return_train_score=False, error_score=0.0, kwargs={})
2025-06-22 12:20:59,659:INFO:Checking exceptions
2025-06-22 12:20:59,659:INFO:Importing libraries
2025-06-22 12:20:59,659:INFO:Copying training dataset
2025-06-22 12:20:59,661:INFO:Defining folds
2025-06-22 12:20:59,661:INFO:Declaring metric variables
2025-06-22 12:20:59,661:INFO:Importing untrained model
2025-06-22 12:20:59,661:INFO:Decision Tree Classifier Imported successfully
2025-06-22 12:20:59,662:INFO:Starting cross validation
2025-06-22 12:20:59,662:INFO:Cross validating with StratifiedKFold(n_splits=10, random_state=None, shuffle=False), n_jobs=-1
2025-06-22 12:20:59,750:INFO:Calculating mean and std
2025-06-22 12:20:59,752:INFO:Creating metrics dataframe
2025-06-22 12:20:59,754:INFO:Uploading results into container
2025-06-22 12:20:59,754:INFO:Uploading model into container now
2025-06-22 12:20:59,754:INFO:_master_model_container: 4
2025-06-22 12:20:59,754:INFO:_display_container: 2
2025-06-22 12:20:59,755:INFO:DecisionTreeClassifier(ccp_alpha=0.0, class_weight=None, criterion='gini',
                       max_depth=None, max_features=None, max_leaf_nodes=None,
                       min_impurity_decrease=0.0, min_samples_leaf=1,
                       min_samples_split=2, min_weight_fraction_leaf=0.0,
                       monotonic_cst=None, random_state=123, splitter='best')
2025-06-22 12:20:59,755:INFO:create_model() successfully completed......................................
2025-06-22 12:20:59,832:INFO:SubProcess create_model() end ==================================
2025-06-22 12:20:59,832:INFO:Creating metrics dataframe
2025-06-22 12:20:59,834:INFO:Initializing SVM - Linear Kernel
2025-06-22 12:20:59,834:INFO:Total runtime is 0.042774804433186854 minutes
2025-06-22 12:20:59,834:INFO:SubProcess create_model() called ==================================
2025-06-22 12:20:59,835:INFO:Initializing create_model()
2025-06-22 12:20:59,835:INFO:create_model(self=<pycaret.classification.oop.ClassificationExperiment object at 0x0000025BFBC451B0>, estimator=svm, fold=StratifiedKFold(n_splits=10, random_state=None, shuffle=False), round=4, cross_validation=True, predict=True, fit_kwargs={}, groups=None, refit=False, probability_threshold=None, experiment_custom_tags=None, verbose=False, system=False, add_to_model_list=True, metrics=None, display=<pycaret.internal.display.display.CommonDisplay object at 0x0000025BFBB93F70>, model_only=True, return_train_score=False, error_score=0.0, kwargs={})
2025-06-22 12:20:59,835:INFO:Checking exceptions
2025-06-22 12:20:59,835:INFO:Importing libraries
2025-06-22 12:20:59,835:INFO:Copying training dataset
2025-06-22 12:20:59,837:INFO:Defining folds
2025-06-22 12:20:59,837:INFO:Declaring metric variables
2025-06-22 12:20:59,837:INFO:Importing untrained model
2025-06-22 12:20:59,837:INFO:SVM - Linear Kernel Imported successfully
2025-06-22 12:20:59,837:INFO:Starting cross validation
2025-06-22 12:20:59,838:INFO:Cross validating with StratifiedKFold(n_splits=10, random_state=None, shuffle=False), n_jobs=-1
2025-06-22 12:20:59,917:WARNING:C:\Users\Lenovo\OneDrive - IRESSEF\Documents\DSWB\Project\Training\Workshop_2025\Github\od\test\no-code-test\py\mlenv\lib\site-packages\sklearn\metrics\_classification.py:1509: UndefinedMetricWarning: Precision is ill-defined and being set to 0.0 due to no predicted samples. Use `zero_division` parameter to control this behavior.
  _warn_prf(average, modifier, f"{metric.capitalize()} is", len(result))

2025-06-22 12:20:59,931:WARNING:C:\Users\Lenovo\OneDrive - IRESSEF\Documents\DSWB\Project\Training\Workshop_2025\Github\od\test\no-code-test\py\mlenv\lib\site-packages\sklearn\metrics\_classification.py:1509: UndefinedMetricWarning: Precision is ill-defined and being set to 0.0 due to no predicted samples. Use `zero_division` parameter to control this behavior.
  _warn_prf(average, modifier, f"{metric.capitalize()} is", len(result))

2025-06-22 12:20:59,943:INFO:Calculating mean and std
2025-06-22 12:20:59,943:INFO:Creating metrics dataframe
2025-06-22 12:20:59,944:INFO:Uploading results into container
2025-06-22 12:20:59,945:INFO:Uploading model into container now
2025-06-22 12:20:59,945:INFO:_master_model_container: 5
2025-06-22 12:20:59,945:INFO:_display_container: 2
2025-06-22 12:20:59,945:INFO:SGDClassifier(alpha=0.0001, average=False, class_weight=None,
              early_stopping=False, epsilon=0.1, eta0=0.001, fit_intercept=True,
              l1_ratio=0.15, learning_rate='optimal', loss='hinge',
              max_iter=1000, n_iter_no_change=5, n_jobs=-1, penalty='l2',
              power_t=0.5, random_state=123, shuffle=True, tol=0.001,
              validation_fraction=0.1, verbose=0, warm_start=False)
2025-06-22 12:20:59,945:INFO:create_model() successfully completed......................................
2025-06-22 12:21:00,002:INFO:SubProcess create_model() end ==================================
2025-06-22 12:21:00,002:INFO:Creating metrics dataframe
2025-06-22 12:21:00,004:INFO:Initializing Ridge Classifier
2025-06-22 12:21:00,004:INFO:Total runtime is 0.04561776320139568 minutes
2025-06-22 12:21:00,004:INFO:SubProcess create_model() called ==================================
2025-06-22 12:21:00,004:INFO:Initializing create_model()
2025-06-22 12:21:00,004:INFO:create_model(self=<pycaret.classification.oop.ClassificationExperiment object at 0x0000025BFBC451B0>, estimator=ridge, fold=StratifiedKFold(n_splits=10, random_state=None, shuffle=False), round=4, cross_validation=True, predict=True, fit_kwargs={}, groups=None, refit=False, probability_threshold=None, experiment_custom_tags=None, verbose=False, system=False, add_to_model_list=True, metrics=None, display=<pycaret.internal.display.display.CommonDisplay object at 0x0000025BFBB93F70>, model_only=True, return_train_score=False, error_score=0.0, kwargs={})
2025-06-22 12:21:00,004:INFO:Checking exceptions
2025-06-22 12:21:00,004:INFO:Importing libraries
2025-06-22 12:21:00,004:INFO:Copying training dataset
2025-06-22 12:21:00,006:INFO:Defining folds
2025-06-22 12:21:00,006:INFO:Declaring metric variables
2025-06-22 12:21:00,008:INFO:Importing untrained model
2025-06-22 12:21:00,008:INFO:Ridge Classifier Imported successfully
2025-06-22 12:21:00,008:INFO:Starting cross validation
2025-06-22 12:21:00,008:INFO:Cross validating with StratifiedKFold(n_splits=10, random_state=None, shuffle=False), n_jobs=-1
2025-06-22 12:21:00,122:INFO:Calculating mean and std
2025-06-22 12:21:00,124:INFO:Creating metrics dataframe
2025-06-22 12:21:00,125:INFO:Uploading results into container
2025-06-22 12:21:00,125:INFO:Uploading model into container now
2025-06-22 12:21:00,125:INFO:_master_model_container: 6
2025-06-22 12:21:00,125:INFO:_display_container: 2
2025-06-22 12:21:00,126:INFO:RidgeClassifier(alpha=1.0, class_weight=None, copy_X=True, fit_intercept=True,
                max_iter=None, positive=False, random_state=123, solver='auto',
                tol=0.0001)
2025-06-22 12:21:00,126:INFO:create_model() successfully completed......................................
2025-06-22 12:21:00,207:INFO:SubProcess create_model() end ==================================
2025-06-22 12:21:00,207:INFO:Creating metrics dataframe
2025-06-22 12:21:00,210:INFO:Initializing Random Forest Classifier
2025-06-22 12:21:00,210:INFO:Total runtime is 0.0490449070930481 minutes
2025-06-22 12:21:00,210:INFO:SubProcess create_model() called ==================================
2025-06-22 12:21:00,210:INFO:Initializing create_model()
2025-06-22 12:21:00,210:INFO:create_model(self=<pycaret.classification.oop.ClassificationExperiment object at 0x0000025BFBC451B0>, estimator=rf, fold=StratifiedKFold(n_splits=10, random_state=None, shuffle=False), round=4, cross_validation=True, predict=True, fit_kwargs={}, groups=None, refit=False, probability_threshold=None, experiment_custom_tags=None, verbose=False, system=False, add_to_model_list=True, metrics=None, display=<pycaret.internal.display.display.CommonDisplay object at 0x0000025BFBB93F70>, model_only=True, return_train_score=False, error_score=0.0, kwargs={})
2025-06-22 12:21:00,210:INFO:Checking exceptions
2025-06-22 12:21:00,210:INFO:Importing libraries
2025-06-22 12:21:00,210:INFO:Copying training dataset
2025-06-22 12:21:00,213:INFO:Defining folds
2025-06-22 12:21:00,213:INFO:Declaring metric variables
2025-06-22 12:21:00,213:INFO:Importing untrained model
2025-06-22 12:21:00,214:INFO:Random Forest Classifier Imported successfully
2025-06-22 12:21:00,214:INFO:Starting cross validation
2025-06-22 12:21:00,214:INFO:Cross validating with StratifiedKFold(n_splits=10, random_state=None, shuffle=False), n_jobs=-1
2025-06-22 12:21:00,756:INFO:Calculating mean and std
2025-06-22 12:21:00,757:INFO:Creating metrics dataframe
2025-06-22 12:21:00,760:INFO:Uploading results into container
2025-06-22 12:21:00,761:INFO:Uploading model into container now
2025-06-22 12:21:00,761:INFO:_master_model_container: 7
2025-06-22 12:21:00,761:INFO:_display_container: 2
2025-06-22 12:21:00,763:INFO:RandomForestClassifier(bootstrap=True, ccp_alpha=0.0, class_weight=None,
                       criterion='gini', max_depth=None, max_features='sqrt',
                       max_leaf_nodes=None, max_samples=None,
                       min_impurity_decrease=0.0, min_samples_leaf=1,
                       min_samples_split=2, min_weight_fraction_leaf=0.0,
                       monotonic_cst=None, n_estimators=100, n_jobs=-1,
                       oob_score=False, random_state=123, verbose=0,
                       warm_start=False)
2025-06-22 12:21:00,763:INFO:create_model() successfully completed......................................
2025-06-22 12:21:00,827:INFO:SubProcess create_model() end ==================================
2025-06-22 12:21:00,828:INFO:Creating metrics dataframe
2025-06-22 12:21:00,829:INFO:Initializing Quadratic Discriminant Analysis
2025-06-22 12:21:00,829:INFO:Total runtime is 0.05935732920964559 minutes
2025-06-22 12:21:00,830:INFO:SubProcess create_model() called ==================================
2025-06-22 12:21:00,830:INFO:Initializing create_model()
2025-06-22 12:21:00,830:INFO:create_model(self=<pycaret.classification.oop.ClassificationExperiment object at 0x0000025BFBC451B0>, estimator=qda, fold=StratifiedKFold(n_splits=10, random_state=None, shuffle=False), round=4, cross_validation=True, predict=True, fit_kwargs={}, groups=None, refit=False, probability_threshold=None, experiment_custom_tags=None, verbose=False, system=False, add_to_model_list=True, metrics=None, display=<pycaret.internal.display.display.CommonDisplay object at 0x0000025BFBB93F70>, model_only=True, return_train_score=False, error_score=0.0, kwargs={})
2025-06-22 12:21:00,830:INFO:Checking exceptions
2025-06-22 12:21:00,830:INFO:Importing libraries
2025-06-22 12:21:00,830:INFO:Copying training dataset
2025-06-22 12:21:00,832:INFO:Defining folds
2025-06-22 12:21:00,832:INFO:Declaring metric variables
2025-06-22 12:21:00,832:INFO:Importing untrained model
2025-06-22 12:21:00,832:INFO:Quadratic Discriminant Analysis Imported successfully
2025-06-22 12:21:00,832:INFO:Starting cross validation
2025-06-22 12:21:00,833:INFO:Cross validating with StratifiedKFold(n_splits=10, random_state=None, shuffle=False), n_jobs=-1
2025-06-22 12:21:00,924:INFO:Calculating mean and std
2025-06-22 12:21:00,925:INFO:Creating metrics dataframe
2025-06-22 12:21:00,926:INFO:Uploading results into container
2025-06-22 12:21:00,927:INFO:Uploading model into container now
2025-06-22 12:21:00,927:INFO:_master_model_container: 8
2025-06-22 12:21:00,927:INFO:_display_container: 2
2025-06-22 12:21:00,927:INFO:QuadraticDiscriminantAnalysis(priors=None, reg_param=0.0,
                              store_covariance=False, tol=0.0001)
2025-06-22 12:21:00,928:INFO:create_model() successfully completed......................................
2025-06-22 12:21:01,013:INFO:SubProcess create_model() end ==================================
2025-06-22 12:21:01,014:INFO:Creating metrics dataframe
2025-06-22 12:21:01,015:INFO:Initializing Ada Boost Classifier
2025-06-22 12:21:01,015:INFO:Total runtime is 0.062469049294789636 minutes
2025-06-22 12:21:01,015:INFO:SubProcess create_model() called ==================================
2025-06-22 12:21:01,016:INFO:Initializing create_model()
2025-06-22 12:21:01,016:INFO:create_model(self=<pycaret.classification.oop.ClassificationExperiment object at 0x0000025BFBC451B0>, estimator=ada, fold=StratifiedKFold(n_splits=10, random_state=None, shuffle=False), round=4, cross_validation=True, predict=True, fit_kwargs={}, groups=None, refit=False, probability_threshold=None, experiment_custom_tags=None, verbose=False, system=False, add_to_model_list=True, metrics=None, display=<pycaret.internal.display.display.CommonDisplay object at 0x0000025BFBB93F70>, model_only=True, return_train_score=False, error_score=0.0, kwargs={})
2025-06-22 12:21:01,016:INFO:Checking exceptions
2025-06-22 12:21:01,016:INFO:Importing libraries
2025-06-22 12:21:01,016:INFO:Copying training dataset
2025-06-22 12:21:01,019:INFO:Defining folds
2025-06-22 12:21:01,019:INFO:Declaring metric variables
2025-06-22 12:21:01,019:INFO:Importing untrained model
2025-06-22 12:21:01,019:INFO:Ada Boost Classifier Imported successfully
2025-06-22 12:21:01,019:INFO:Starting cross validation
2025-06-22 12:21:01,020:INFO:Cross validating with StratifiedKFold(n_splits=10, random_state=None, shuffle=False), n_jobs=-1
2025-06-22 12:21:01,044:WARNING:C:\Users\Lenovo\OneDrive - IRESSEF\Documents\DSWB\Project\Training\Workshop_2025\Github\od\test\no-code-test\py\mlenv\lib\site-packages\sklearn\ensemble\_weight_boosting.py:519: FutureWarning: The SAMME.R algorithm (the default) is deprecated and will be removed in 1.6. Use the SAMME algorithm to circumvent this warning.
  warnings.warn(

2025-06-22 12:21:01,047:WARNING:C:\Users\Lenovo\OneDrive - IRESSEF\Documents\DSWB\Project\Training\Workshop_2025\Github\od\test\no-code-test\py\mlenv\lib\site-packages\sklearn\ensemble\_weight_boosting.py:519: FutureWarning: The SAMME.R algorithm (the default) is deprecated and will be removed in 1.6. Use the SAMME algorithm to circumvent this warning.
  warnings.warn(

2025-06-22 12:21:01,047:WARNING:C:\Users\Lenovo\OneDrive - IRESSEF\Documents\DSWB\Project\Training\Workshop_2025\Github\od\test\no-code-test\py\mlenv\lib\site-packages\sklearn\ensemble\_weight_boosting.py:519: FutureWarning: The SAMME.R algorithm (the default) is deprecated and will be removed in 1.6. Use the SAMME algorithm to circumvent this warning.
  warnings.warn(

2025-06-22 12:21:01,054:WARNING:C:\Users\Lenovo\OneDrive - IRESSEF\Documents\DSWB\Project\Training\Workshop_2025\Github\od\test\no-code-test\py\mlenv\lib\site-packages\sklearn\ensemble\_weight_boosting.py:519: FutureWarning: The SAMME.R algorithm (the default) is deprecated and will be removed in 1.6. Use the SAMME algorithm to circumvent this warning.
  warnings.warn(

2025-06-22 12:21:01,053:WARNING:C:\Users\Lenovo\OneDrive - IRESSEF\Documents\DSWB\Project\Training\Workshop_2025\Github\od\test\no-code-test\py\mlenv\lib\site-packages\sklearn\ensemble\_weight_boosting.py:519: FutureWarning: The SAMME.R algorithm (the default) is deprecated and will be removed in 1.6. Use the SAMME algorithm to circumvent this warning.
  warnings.warn(

2025-06-22 12:21:01,059:WARNING:C:\Users\Lenovo\OneDrive - IRESSEF\Documents\DSWB\Project\Training\Workshop_2025\Github\od\test\no-code-test\py\mlenv\lib\site-packages\sklearn\ensemble\_weight_boosting.py:519: FutureWarning: The SAMME.R algorithm (the default) is deprecated and will be removed in 1.6. Use the SAMME algorithm to circumvent this warning.
  warnings.warn(

2025-06-22 12:21:01,057:WARNING:C:\Users\Lenovo\OneDrive - IRESSEF\Documents\DSWB\Project\Training\Workshop_2025\Github\od\test\no-code-test\py\mlenv\lib\site-packages\sklearn\ensemble\_weight_boosting.py:519: FutureWarning: The SAMME.R algorithm (the default) is deprecated and will be removed in 1.6. Use the SAMME algorithm to circumvent this warning.
  warnings.warn(

2025-06-22 12:21:01,065:WARNING:C:\Users\Lenovo\OneDrive - IRESSEF\Documents\DSWB\Project\Training\Workshop_2025\Github\od\test\no-code-test\py\mlenv\lib\site-packages\sklearn\ensemble\_weight_boosting.py:519: FutureWarning: The SAMME.R algorithm (the default) is deprecated and will be removed in 1.6. Use the SAMME algorithm to circumvent this warning.
  warnings.warn(

2025-06-22 12:21:01,085:WARNING:C:\Users\Lenovo\OneDrive - IRESSEF\Documents\DSWB\Project\Training\Workshop_2025\Github\od\test\no-code-test\py\mlenv\lib\site-packages\sklearn\ensemble\_weight_boosting.py:519: FutureWarning: The SAMME.R algorithm (the default) is deprecated and will be removed in 1.6. Use the SAMME algorithm to circumvent this warning.
  warnings.warn(

2025-06-22 12:21:01,085:WARNING:C:\Users\Lenovo\OneDrive - IRESSEF\Documents\DSWB\Project\Training\Workshop_2025\Github\od\test\no-code-test\py\mlenv\lib\site-packages\sklearn\ensemble\_weight_boosting.py:519: FutureWarning: The SAMME.R algorithm (the default) is deprecated and will be removed in 1.6. Use the SAMME algorithm to circumvent this warning.
  warnings.warn(

2025-06-22 12:21:01,314:INFO:Calculating mean and std
2025-06-22 12:21:01,315:INFO:Creating metrics dataframe
2025-06-22 12:21:01,316:INFO:Uploading results into container
2025-06-22 12:21:01,317:INFO:Uploading model into container now
2025-06-22 12:21:01,317:INFO:_master_model_container: 9
2025-06-22 12:21:01,317:INFO:_display_container: 2
2025-06-22 12:21:01,317:INFO:AdaBoostClassifier(algorithm='SAMME.R', estimator=None, learning_rate=1.0,
                   n_estimators=50, random_state=123)
2025-06-22 12:21:01,317:INFO:create_model() successfully completed......................................
2025-06-22 12:21:01,384:INFO:SubProcess create_model() end ==================================
2025-06-22 12:21:01,384:INFO:Creating metrics dataframe
2025-06-22 12:21:01,386:INFO:Initializing Gradient Boosting Classifier
2025-06-22 12:21:01,387:INFO:Total runtime is 0.0686729391415914 minutes
2025-06-22 12:21:01,387:INFO:SubProcess create_model() called ==================================
2025-06-22 12:21:01,387:INFO:Initializing create_model()
2025-06-22 12:21:01,387:INFO:create_model(self=<pycaret.classification.oop.ClassificationExperiment object at 0x0000025BFBC451B0>, estimator=gbc, fold=StratifiedKFold(n_splits=10, random_state=None, shuffle=False), round=4, cross_validation=True, predict=True, fit_kwargs={}, groups=None, refit=False, probability_threshold=None, experiment_custom_tags=None, verbose=False, system=False, add_to_model_list=True, metrics=None, display=<pycaret.internal.display.display.CommonDisplay object at 0x0000025BFBB93F70>, model_only=True, return_train_score=False, error_score=0.0, kwargs={})
2025-06-22 12:21:01,387:INFO:Checking exceptions
2025-06-22 12:21:01,387:INFO:Importing libraries
2025-06-22 12:21:01,387:INFO:Copying training dataset
2025-06-22 12:21:01,390:INFO:Defining folds
2025-06-22 12:21:01,390:INFO:Declaring metric variables
2025-06-22 12:21:01,390:INFO:Importing untrained model
2025-06-22 12:21:01,390:INFO:Gradient Boosting Classifier Imported successfully
2025-06-22 12:21:01,391:INFO:Starting cross validation
2025-06-22 12:21:01,391:INFO:Cross validating with StratifiedKFold(n_splits=10, random_state=None, shuffle=False), n_jobs=-1
2025-06-22 12:21:01,798:INFO:Calculating mean and std
2025-06-22 12:21:01,798:INFO:Creating metrics dataframe
2025-06-22 12:21:01,800:INFO:Uploading results into container
2025-06-22 12:21:01,801:INFO:Uploading model into container now
2025-06-22 12:21:01,801:INFO:_master_model_container: 10
2025-06-22 12:21:01,801:INFO:_display_container: 2
2025-06-22 12:21:01,801:INFO:GradientBoostingClassifier(ccp_alpha=0.0, criterion='friedman_mse', init=None,
                           learning_rate=0.1, loss='log_loss', max_depth=3,
                           max_features=None, max_leaf_nodes=None,
                           min_impurity_decrease=0.0, min_samples_leaf=1,
                           min_samples_split=2, min_weight_fraction_leaf=0.0,
                           n_estimators=100, n_iter_no_change=None,
                           random_state=123, subsample=1.0, tol=0.0001,
                           validation_fraction=0.1, verbose=0,
                           warm_start=False)
2025-06-22 12:21:01,801:INFO:create_model() successfully completed......................................
2025-06-22 12:21:01,861:INFO:SubProcess create_model() end ==================================
2025-06-22 12:21:01,862:INFO:Creating metrics dataframe
2025-06-22 12:21:01,863:INFO:Initializing Linear Discriminant Analysis
2025-06-22 12:21:01,863:INFO:Total runtime is 0.07660604317982991 minutes
2025-06-22 12:21:01,864:INFO:SubProcess create_model() called ==================================
2025-06-22 12:21:01,864:INFO:Initializing create_model()
2025-06-22 12:21:01,864:INFO:create_model(self=<pycaret.classification.oop.ClassificationExperiment object at 0x0000025BFBC451B0>, estimator=lda, fold=StratifiedKFold(n_splits=10, random_state=None, shuffle=False), round=4, cross_validation=True, predict=True, fit_kwargs={}, groups=None, refit=False, probability_threshold=None, experiment_custom_tags=None, verbose=False, system=False, add_to_model_list=True, metrics=None, display=<pycaret.internal.display.display.CommonDisplay object at 0x0000025BFBB93F70>, model_only=True, return_train_score=False, error_score=0.0, kwargs={})
2025-06-22 12:21:01,864:INFO:Checking exceptions
2025-06-22 12:21:01,864:INFO:Importing libraries
2025-06-22 12:21:01,864:INFO:Copying training dataset
2025-06-22 12:21:01,866:INFO:Defining folds
2025-06-22 12:21:01,866:INFO:Declaring metric variables
2025-06-22 12:21:01,866:INFO:Importing untrained model
2025-06-22 12:21:01,866:INFO:Linear Discriminant Analysis Imported successfully
2025-06-22 12:21:01,866:INFO:Starting cross validation
2025-06-22 12:21:01,866:INFO:Cross validating with StratifiedKFold(n_splits=10, random_state=None, shuffle=False), n_jobs=-1
2025-06-22 12:21:01,939:INFO:Calculating mean and std
2025-06-22 12:21:01,940:INFO:Creating metrics dataframe
2025-06-22 12:21:01,942:INFO:Uploading results into container
2025-06-22 12:21:01,943:INFO:Uploading model into container now
2025-06-22 12:21:01,943:INFO:_master_model_container: 11
2025-06-22 12:21:01,943:INFO:_display_container: 2
2025-06-22 12:21:01,943:INFO:LinearDiscriminantAnalysis(covariance_estimator=None, n_components=None,
                           priors=None, shrinkage=None, solver='svd',
                           store_covariance=False, tol=0.0001)
2025-06-22 12:21:01,943:INFO:create_model() successfully completed......................................
2025-06-22 12:21:02,009:INFO:SubProcess create_model() end ==================================
2025-06-22 12:21:02,009:INFO:Creating metrics dataframe
2025-06-22 12:21:02,011:INFO:Initializing Extra Trees Classifier
2025-06-22 12:21:02,012:INFO:Total runtime is 0.0790741761525472 minutes
2025-06-22 12:21:02,012:INFO:SubProcess create_model() called ==================================
2025-06-22 12:21:02,012:INFO:Initializing create_model()
2025-06-22 12:21:02,012:INFO:create_model(self=<pycaret.classification.oop.ClassificationExperiment object at 0x0000025BFBC451B0>, estimator=et, fold=StratifiedKFold(n_splits=10, random_state=None, shuffle=False), round=4, cross_validation=True, predict=True, fit_kwargs={}, groups=None, refit=False, probability_threshold=None, experiment_custom_tags=None, verbose=False, system=False, add_to_model_list=True, metrics=None, display=<pycaret.internal.display.display.CommonDisplay object at 0x0000025BFBB93F70>, model_only=True, return_train_score=False, error_score=0.0, kwargs={})
2025-06-22 12:21:02,012:INFO:Checking exceptions
2025-06-22 12:21:02,012:INFO:Importing libraries
2025-06-22 12:21:02,012:INFO:Copying training dataset
2025-06-22 12:21:02,014:INFO:Defining folds
2025-06-22 12:21:02,014:INFO:Declaring metric variables
2025-06-22 12:21:02,014:INFO:Importing untrained model
2025-06-22 12:21:02,014:INFO:Extra Trees Classifier Imported successfully
2025-06-22 12:21:02,014:INFO:Starting cross validation
2025-06-22 12:21:02,015:INFO:Cross validating with StratifiedKFold(n_splits=10, random_state=None, shuffle=False), n_jobs=-1
2025-06-22 12:21:02,426:INFO:Calculating mean and std
2025-06-22 12:21:02,427:INFO:Creating metrics dataframe
2025-06-22 12:21:02,428:INFO:Uploading results into container
2025-06-22 12:21:02,429:INFO:Uploading model into container now
2025-06-22 12:21:02,429:INFO:_master_model_container: 12
2025-06-22 12:21:02,429:INFO:_display_container: 2
2025-06-22 12:21:02,429:INFO:ExtraTreesClassifier(bootstrap=False, ccp_alpha=0.0, class_weight=None,
                     criterion='gini', max_depth=None, max_features='sqrt',
                     max_leaf_nodes=None, max_samples=None,
                     min_impurity_decrease=0.0, min_samples_leaf=1,
                     min_samples_split=2, min_weight_fraction_leaf=0.0,
                     monotonic_cst=None, n_estimators=100, n_jobs=-1,
                     oob_score=False, random_state=123, verbose=0,
                     warm_start=False)
2025-06-22 12:21:02,429:INFO:create_model() successfully completed......................................
2025-06-22 12:21:02,503:INFO:SubProcess create_model() end ==================================
2025-06-22 12:21:02,503:INFO:Creating metrics dataframe
2025-06-22 12:21:02,505:INFO:Initializing Light Gradient Boosting Machine
2025-06-22 12:21:02,505:INFO:Total runtime is 0.08730043172836303 minutes
2025-06-22 12:21:02,505:INFO:SubProcess create_model() called ==================================
2025-06-22 12:21:02,506:INFO:Initializing create_model()
2025-06-22 12:21:02,506:INFO:create_model(self=<pycaret.classification.oop.ClassificationExperiment object at 0x0000025BFBC451B0>, estimator=lightgbm, fold=StratifiedKFold(n_splits=10, random_state=None, shuffle=False), round=4, cross_validation=True, predict=True, fit_kwargs={}, groups=None, refit=False, probability_threshold=None, experiment_custom_tags=None, verbose=False, system=False, add_to_model_list=True, metrics=None, display=<pycaret.internal.display.display.CommonDisplay object at 0x0000025BFBB93F70>, model_only=True, return_train_score=False, error_score=0.0, kwargs={})
2025-06-22 12:21:02,506:INFO:Checking exceptions
2025-06-22 12:21:02,506:INFO:Importing libraries
2025-06-22 12:21:02,506:INFO:Copying training dataset
2025-06-22 12:21:02,508:INFO:Defining folds
2025-06-22 12:21:02,508:INFO:Declaring metric variables
2025-06-22 12:21:02,508:INFO:Importing untrained model
2025-06-22 12:21:02,509:INFO:Light Gradient Boosting Machine Imported successfully
2025-06-22 12:21:02,509:INFO:Starting cross validation
2025-06-22 12:21:02,510:INFO:Cross validating with StratifiedKFold(n_splits=10, random_state=None, shuffle=False), n_jobs=-1
2025-06-22 12:21:03,727:INFO:Calculating mean and std
2025-06-22 12:21:03,729:INFO:Creating metrics dataframe
2025-06-22 12:21:03,731:INFO:Uploading results into container
2025-06-22 12:21:03,732:INFO:Uploading model into container now
2025-06-22 12:21:03,732:INFO:_master_model_container: 13
2025-06-22 12:21:03,732:INFO:_display_container: 2
2025-06-22 12:21:03,733:INFO:LGBMClassifier(boosting_type='gbdt', class_weight=None, colsample_bytree=1.0,
               importance_type='split', learning_rate=0.1, max_depth=-1,
               min_child_samples=20, min_child_weight=0.001, min_split_gain=0.0,
               n_estimators=100, n_jobs=-1, num_leaves=31, objective=None,
               random_state=123, reg_alpha=0.0, reg_lambda=0.0, subsample=1.0,
               subsample_for_bin=200000, subsample_freq=0)
2025-06-22 12:21:03,733:INFO:create_model() successfully completed......................................
2025-06-22 12:21:03,830:INFO:SubProcess create_model() end ==================================
2025-06-22 12:21:03,831:INFO:Creating metrics dataframe
2025-06-22 12:21:03,834:INFO:Initializing Dummy Classifier
2025-06-22 12:21:03,834:INFO:Total runtime is 0.10944489240646363 minutes
2025-06-22 12:21:03,834:INFO:SubProcess create_model() called ==================================
2025-06-22 12:21:03,834:INFO:Initializing create_model()
2025-06-22 12:21:03,834:INFO:create_model(self=<pycaret.classification.oop.ClassificationExperiment object at 0x0000025BFBC451B0>, estimator=dummy, fold=StratifiedKFold(n_splits=10, random_state=None, shuffle=False), round=4, cross_validation=True, predict=True, fit_kwargs={}, groups=None, refit=False, probability_threshold=None, experiment_custom_tags=None, verbose=False, system=False, add_to_model_list=True, metrics=None, display=<pycaret.internal.display.display.CommonDisplay object at 0x0000025BFBB93F70>, model_only=True, return_train_score=False, error_score=0.0, kwargs={})
2025-06-22 12:21:03,834:INFO:Checking exceptions
2025-06-22 12:21:03,834:INFO:Importing libraries
2025-06-22 12:21:03,834:INFO:Copying training dataset
2025-06-22 12:21:03,837:INFO:Defining folds
2025-06-22 12:21:03,837:INFO:Declaring metric variables
2025-06-22 12:21:03,838:INFO:Importing untrained model
2025-06-22 12:21:03,838:INFO:Dummy Classifier Imported successfully
2025-06-22 12:21:03,838:INFO:Starting cross validation
2025-06-22 12:21:03,839:INFO:Cross validating with StratifiedKFold(n_splits=10, random_state=None, shuffle=False), n_jobs=-1
2025-06-22 12:21:03,881:WARNING:C:\Users\Lenovo\OneDrive - IRESSEF\Documents\DSWB\Project\Training\Workshop_2025\Github\od\test\no-code-test\py\mlenv\lib\site-packages\sklearn\metrics\_classification.py:1509: UndefinedMetricWarning: Precision is ill-defined and being set to 0.0 due to no predicted samples. Use `zero_division` parameter to control this behavior.
  _warn_prf(average, modifier, f"{metric.capitalize()} is", len(result))

2025-06-22 12:21:03,883:WARNING:C:\Users\Lenovo\OneDrive - IRESSEF\Documents\DSWB\Project\Training\Workshop_2025\Github\od\test\no-code-test\py\mlenv\lib\site-packages\sklearn\metrics\_classification.py:1509: UndefinedMetricWarning: Precision is ill-defined and being set to 0.0 due to no predicted samples. Use `zero_division` parameter to control this behavior.
  _warn_prf(average, modifier, f"{metric.capitalize()} is", len(result))

2025-06-22 12:21:03,883:WARNING:C:\Users\Lenovo\OneDrive - IRESSEF\Documents\DSWB\Project\Training\Workshop_2025\Github\od\test\no-code-test\py\mlenv\lib\site-packages\sklearn\metrics\_classification.py:1509: UndefinedMetricWarning: Precision is ill-defined and being set to 0.0 due to no predicted samples. Use `zero_division` parameter to control this behavior.
  _warn_prf(average, modifier, f"{metric.capitalize()} is", len(result))

2025-06-22 12:21:03,884:WARNING:C:\Users\Lenovo\OneDrive - IRESSEF\Documents\DSWB\Project\Training\Workshop_2025\Github\od\test\no-code-test\py\mlenv\lib\site-packages\sklearn\metrics\_classification.py:1509: UndefinedMetricWarning: Precision is ill-defined and being set to 0.0 due to no predicted samples. Use `zero_division` parameter to control this behavior.
  _warn_prf(average, modifier, f"{metric.capitalize()} is", len(result))

2025-06-22 12:21:03,891:WARNING:C:\Users\Lenovo\OneDrive - IRESSEF\Documents\DSWB\Project\Training\Workshop_2025\Github\od\test\no-code-test\py\mlenv\lib\site-packages\sklearn\metrics\_classification.py:1509: UndefinedMetricWarning: Precision is ill-defined and being set to 0.0 due to no predicted samples. Use `zero_division` parameter to control this behavior.
  _warn_prf(average, modifier, f"{metric.capitalize()} is", len(result))

2025-06-22 12:21:03,892:WARNING:C:\Users\Lenovo\OneDrive - IRESSEF\Documents\DSWB\Project\Training\Workshop_2025\Github\od\test\no-code-test\py\mlenv\lib\site-packages\sklearn\metrics\_classification.py:1509: UndefinedMetricWarning: Precision is ill-defined and being set to 0.0 due to no predicted samples. Use `zero_division` parameter to control this behavior.
  _warn_prf(average, modifier, f"{metric.capitalize()} is", len(result))

2025-06-22 12:21:03,893:WARNING:C:\Users\Lenovo\OneDrive - IRESSEF\Documents\DSWB\Project\Training\Workshop_2025\Github\od\test\no-code-test\py\mlenv\lib\site-packages\sklearn\metrics\_classification.py:1509: UndefinedMetricWarning: Precision is ill-defined and being set to 0.0 due to no predicted samples. Use `zero_division` parameter to control this behavior.
  _warn_prf(average, modifier, f"{metric.capitalize()} is", len(result))

2025-06-22 12:21:03,906:WARNING:C:\Users\Lenovo\OneDrive - IRESSEF\Documents\DSWB\Project\Training\Workshop_2025\Github\od\test\no-code-test\py\mlenv\lib\site-packages\sklearn\metrics\_classification.py:1509: UndefinedMetricWarning: Precision is ill-defined and being set to 0.0 due to no predicted samples. Use `zero_division` parameter to control this behavior.
  _warn_prf(average, modifier, f"{metric.capitalize()} is", len(result))

2025-06-22 12:21:03,908:WARNING:C:\Users\Lenovo\OneDrive - IRESSEF\Documents\DSWB\Project\Training\Workshop_2025\Github\od\test\no-code-test\py\mlenv\lib\site-packages\sklearn\metrics\_classification.py:1509: UndefinedMetricWarning: Precision is ill-defined and being set to 0.0 due to no predicted samples. Use `zero_division` parameter to control this behavior.
  _warn_prf(average, modifier, f"{metric.capitalize()} is", len(result))

2025-06-22 12:21:03,912:WARNING:C:\Users\Lenovo\OneDrive - IRESSEF\Documents\DSWB\Project\Training\Workshop_2025\Github\od\test\no-code-test\py\mlenv\lib\site-packages\sklearn\metrics\_classification.py:1509: UndefinedMetricWarning: Precision is ill-defined and being set to 0.0 due to no predicted samples. Use `zero_division` parameter to control this behavior.
  _warn_prf(average, modifier, f"{metric.capitalize()} is", len(result))

2025-06-22 12:21:03,927:INFO:Calculating mean and std
2025-06-22 12:21:03,928:INFO:Creating metrics dataframe
2025-06-22 12:21:03,928:INFO:Uploading results into container
2025-06-22 12:21:03,930:INFO:Uploading model into container now
2025-06-22 12:21:03,930:INFO:_master_model_container: 14
2025-06-22 12:21:03,930:INFO:_display_container: 2
2025-06-22 12:21:03,930:INFO:DummyClassifier(constant=None, random_state=123, strategy='prior')
2025-06-22 12:21:03,930:INFO:create_model() successfully completed......................................
2025-06-22 12:21:03,996:INFO:SubProcess create_model() end ==================================
2025-06-22 12:21:03,996:INFO:Creating metrics dataframe
2025-06-22 12:21:03,998:WARNING:C:\Users\Lenovo\OneDrive - IRESSEF\Documents\DSWB\Project\Training\Workshop_2025\Github\od\test\no-code-test\py\mlenv\lib\site-packages\pycaret\internal\pycaret_experiment\supervised_experiment.py:323: FutureWarning: Styler.applymap has been deprecated. Use Styler.map instead.
  master_display_.apply(

2025-06-22 12:21:04,000:INFO:Initializing create_model()
2025-06-22 12:21:04,000:INFO:create_model(self=<pycaret.classification.oop.ClassificationExperiment object at 0x0000025BFBC451B0>, estimator=LogisticRegression(C=1.0, class_weight=None, dual=False, fit_intercept=True,
                   intercept_scaling=1, l1_ratio=None, max_iter=1000,
                   multi_class='auto', n_jobs=None, penalty='l2',
                   random_state=123, solver='lbfgs', tol=0.0001, verbose=0,
                   warm_start=False), fold=StratifiedKFold(n_splits=10, random_state=None, shuffle=False), round=4, cross_validation=False, predict=False, fit_kwargs={}, groups=None, refit=True, probability_threshold=None, experiment_custom_tags=None, verbose=False, system=False, add_to_model_list=True, metrics=None, display=None, model_only=True, return_train_score=False, error_score=0.0, kwargs={})
2025-06-22 12:21:04,000:INFO:Checking exceptions
2025-06-22 12:21:04,000:INFO:Importing libraries
2025-06-22 12:21:04,000:INFO:Copying training dataset
2025-06-22 12:21:04,002:INFO:Defining folds
2025-06-22 12:21:04,002:INFO:Declaring metric variables
2025-06-22 12:21:04,002:INFO:Importing untrained model
2025-06-22 12:21:04,002:INFO:Declaring custom model
2025-06-22 12:21:04,003:INFO:Logistic Regression Imported successfully
2025-06-22 12:21:04,003:INFO:Cross validation set to False
2025-06-22 12:21:04,003:INFO:Fitting Model
2025-06-22 12:21:04,020:INFO:LogisticRegression(C=1.0, class_weight=None, dual=False, fit_intercept=True,
                   intercept_scaling=1, l1_ratio=None, max_iter=1000,
                   multi_class='auto', n_jobs=None, penalty='l2',
                   random_state=123, solver='lbfgs', tol=0.0001, verbose=0,
                   warm_start=False)
2025-06-22 12:21:04,020:INFO:create_model() successfully completed......................................
2025-06-22 12:21:04,080:INFO:Initializing create_model()
2025-06-22 12:21:04,080:INFO:create_model(self=<pycaret.classification.oop.ClassificationExperiment object at 0x0000025BFBC451B0>, estimator=RidgeClassifier(alpha=1.0, class_weight=None, copy_X=True, fit_intercept=True,
                max_iter=None, positive=False, random_state=123, solver='auto',
                tol=0.0001), fold=StratifiedKFold(n_splits=10, random_state=None, shuffle=False), round=4, cross_validation=False, predict=False, fit_kwargs={}, groups=None, refit=True, probability_threshold=None, experiment_custom_tags=None, verbose=False, system=False, add_to_model_list=True, metrics=None, display=None, model_only=True, return_train_score=False, error_score=0.0, kwargs={})
2025-06-22 12:21:04,080:INFO:Checking exceptions
2025-06-22 12:21:04,080:INFO:Importing libraries
2025-06-22 12:21:04,080:INFO:Copying training dataset
2025-06-22 12:21:04,083:INFO:Defining folds
2025-06-22 12:21:04,083:INFO:Declaring metric variables
2025-06-22 12:21:04,083:INFO:Importing untrained model
2025-06-22 12:21:04,083:INFO:Declaring custom model
2025-06-22 12:21:04,083:INFO:Ridge Classifier Imported successfully
2025-06-22 12:21:04,084:INFO:Cross validation set to False
2025-06-22 12:21:04,084:INFO:Fitting Model
2025-06-22 12:21:04,089:INFO:RidgeClassifier(alpha=1.0, class_weight=None, copy_X=True, fit_intercept=True,
                max_iter=None, positive=False, random_state=123, solver='auto',
                tol=0.0001)
2025-06-22 12:21:04,089:INFO:create_model() successfully completed......................................
2025-06-22 12:21:04,146:INFO:Initializing create_model()
2025-06-22 12:21:04,146:INFO:create_model(self=<pycaret.classification.oop.ClassificationExperiment object at 0x0000025BFBC451B0>, estimator=LinearDiscriminantAnalysis(covariance_estimator=None, n_components=None,
                           priors=None, shrinkage=None, solver='svd',
                           store_covariance=False, tol=0.0001), fold=StratifiedKFold(n_splits=10, random_state=None, shuffle=False), round=4, cross_validation=False, predict=False, fit_kwargs={}, groups=None, refit=True, probability_threshold=None, experiment_custom_tags=None, verbose=False, system=False, add_to_model_list=True, metrics=None, display=None, model_only=True, return_train_score=False, error_score=0.0, kwargs={})
2025-06-22 12:21:04,146:INFO:Checking exceptions
2025-06-22 12:21:04,146:INFO:Importing libraries
2025-06-22 12:21:04,147:INFO:Copying training dataset
2025-06-22 12:21:04,148:INFO:Defining folds
2025-06-22 12:21:04,148:INFO:Declaring metric variables
2025-06-22 12:21:04,148:INFO:Importing untrained model
2025-06-22 12:21:04,148:INFO:Declaring custom model
2025-06-22 12:21:04,148:INFO:Linear Discriminant Analysis Imported successfully
2025-06-22 12:21:04,148:INFO:Cross validation set to False
2025-06-22 12:21:04,148:INFO:Fitting Model
2025-06-22 12:21:04,155:INFO:LinearDiscriminantAnalysis(covariance_estimator=None, n_components=None,
                           priors=None, shrinkage=None, solver='svd',
                           store_covariance=False, tol=0.0001)
2025-06-22 12:21:04,155:INFO:create_model() successfully completed......................................
2025-06-22 12:21:04,222:INFO:Initializing create_model()
2025-06-22 12:21:04,222:INFO:create_model(self=<pycaret.classification.oop.ClassificationExperiment object at 0x0000025BFBC451B0>, estimator=RandomForestClassifier(bootstrap=True, ccp_alpha=0.0, class_weight=None,
                       criterion='gini', max_depth=None, max_features='sqrt',
                       max_leaf_nodes=None, max_samples=None,
                       min_impurity_decrease=0.0, min_samples_leaf=1,
                       min_samples_split=2, min_weight_fraction_leaf=0.0,
                       monotonic_cst=None, n_estimators=100, n_jobs=-1,
                       oob_score=False, random_state=123, verbose=0,
                       warm_start=False), fold=StratifiedKFold(n_splits=10, random_state=None, shuffle=False), round=4, cross_validation=False, predict=False, fit_kwargs={}, groups=None, refit=True, probability_threshold=None, experiment_custom_tags=None, verbose=False, system=False, add_to_model_list=True, metrics=None, display=None, model_only=True, return_train_score=False, error_score=0.0, kwargs={})
2025-06-22 12:21:04,222:INFO:Checking exceptions
2025-06-22 12:21:04,223:INFO:Importing libraries
2025-06-22 12:21:04,223:INFO:Copying training dataset
2025-06-22 12:21:04,225:INFO:Defining folds
2025-06-22 12:21:04,226:INFO:Declaring metric variables
2025-06-22 12:21:04,226:INFO:Importing untrained model
2025-06-22 12:21:04,226:INFO:Declaring custom model
2025-06-22 12:21:04,226:INFO:Random Forest Classifier Imported successfully
2025-06-22 12:21:04,227:INFO:Cross validation set to False
2025-06-22 12:21:04,227:INFO:Fitting Model
2025-06-22 12:21:04,395:INFO:RandomForestClassifier(bootstrap=True, ccp_alpha=0.0, class_weight=None,
                       criterion='gini', max_depth=None, max_features='sqrt',
                       max_leaf_nodes=None, max_samples=None,
                       min_impurity_decrease=0.0, min_samples_leaf=1,
                       min_samples_split=2, min_weight_fraction_leaf=0.0,
                       monotonic_cst=None, n_estimators=100, n_jobs=-1,
                       oob_score=False, random_state=123, verbose=0,
                       warm_start=False)
2025-06-22 12:21:04,396:INFO:create_model() successfully completed......................................
2025-06-22 12:21:04,459:INFO:Initializing create_model()
2025-06-22 12:21:04,459:INFO:create_model(self=<pycaret.classification.oop.ClassificationExperiment object at 0x0000025BFBC451B0>, estimator=GaussianNB(priors=None, var_smoothing=1e-09), fold=StratifiedKFold(n_splits=10, random_state=None, shuffle=False), round=4, cross_validation=False, predict=False, fit_kwargs={}, groups=None, refit=True, probability_threshold=None, experiment_custom_tags=None, verbose=False, system=False, add_to_model_list=True, metrics=None, display=None, model_only=True, return_train_score=False, error_score=0.0, kwargs={})
2025-06-22 12:21:04,459:INFO:Checking exceptions
2025-06-22 12:21:04,460:INFO:Importing libraries
2025-06-22 12:21:04,460:INFO:Copying training dataset
2025-06-22 12:21:04,462:INFO:Defining folds
2025-06-22 12:21:04,462:INFO:Declaring metric variables
2025-06-22 12:21:04,462:INFO:Importing untrained model
2025-06-22 12:21:04,462:INFO:Declaring custom model
2025-06-22 12:21:04,462:INFO:Naive Bayes Imported successfully
2025-06-22 12:21:04,463:INFO:Cross validation set to False
2025-06-22 12:21:04,463:INFO:Fitting Model
2025-06-22 12:21:04,467:INFO:GaussianNB(priors=None, var_smoothing=1e-09)
2025-06-22 12:21:04,467:INFO:create_model() successfully completed......................................
2025-06-22 12:21:04,535:INFO:_master_model_container: 14
2025-06-22 12:21:04,535:INFO:_display_container: 2
2025-06-22 12:21:04,536:INFO:[LogisticRegression(C=1.0, class_weight=None, dual=False, fit_intercept=True,
                   intercept_scaling=1, l1_ratio=None, max_iter=1000,
                   multi_class='auto', n_jobs=None, penalty='l2',
                   random_state=123, solver='lbfgs', tol=0.0001, verbose=0,
                   warm_start=False), RidgeClassifier(alpha=1.0, class_weight=None, copy_X=True, fit_intercept=True,
                max_iter=None, positive=False, random_state=123, solver='auto',
                tol=0.0001), LinearDiscriminantAnalysis(covariance_estimator=None, n_components=None,
                           priors=None, shrinkage=None, solver='svd',
                           store_covariance=False, tol=0.0001), RandomForestClassifier(bootstrap=True, ccp_alpha=0.0, class_weight=None,
                       criterion='gini', max_depth=None, max_features='sqrt',
                       max_leaf_nodes=None, max_samples=None,
                       min_impurity_decrease=0.0, min_samples_leaf=1,
                       min_samples_split=2, min_weight_fraction_leaf=0.0,
                       monotonic_cst=None, n_estimators=100, n_jobs=-1,
                       oob_score=False, random_state=123, verbose=0,
                       warm_start=False), GaussianNB(priors=None, var_smoothing=1e-09)]
2025-06-22 12:21:04,536:INFO:compare_models() successfully completed......................................
2025-06-22 12:25:56,264:INFO:PyCaret ClassificationExperiment
2025-06-22 12:25:56,264:INFO:Logging name: clf-default-name
2025-06-22 12:25:56,265:INFO:ML Usecase: MLUsecase.CLASSIFICATION
2025-06-22 12:25:56,265:INFO:version 3.3.2
2025-06-22 12:25:56,265:INFO:Initializing setup()
2025-06-22 12:25:56,265:INFO:self.USI: 5cd9
2025-06-22 12:25:56,265:INFO:self._variable_keys: {'X_test', 'n_jobs_param', 'target_param', 'pipeline', 'X', 'X_train', 'logging_param', 'exp_id', 'memory', 'idx', 'log_plots_param', 'exp_name_log', '_ml_usecase', 'USI', 'fold_groups_param', 'gpu_n_jobs_param', 'fold_shuffle_param', 'is_multiclass', 'data', 'fold_generator', 'y_train', 'y', 'y_test', 'fix_imbalance', 'html_param', 'seed', '_available_plots', 'gpu_param'}
2025-06-22 12:25:56,265:INFO:Checking environment
2025-06-22 12:25:56,265:INFO:python_version: 3.10.4
2025-06-22 12:25:56,265:INFO:python_build: ('tags/v3.10.4:9d38120', 'Mar 23 2022 23:13:41')
2025-06-22 12:25:56,265:INFO:machine: AMD64
2025-06-22 12:25:56,265:INFO:platform: Windows-10-10.0.26100-SP0
2025-06-22 12:25:56,299:INFO:Memory: svmem(total=16871448576, available=676708352, percent=96.0, used=16194740224, free=676708352)
2025-06-22 12:25:56,299:INFO:Physical Core: 10
2025-06-22 12:25:56,299:INFO:Logical Core: 12
2025-06-22 12:25:56,299:INFO:Checking libraries
2025-06-22 12:25:56,299:INFO:System:
2025-06-22 12:25:56,299:INFO:    python: 3.10.4 (tags/v3.10.4:9d38120, Mar 23 2022, 23:13:41) [MSC v.1929 64 bit (AMD64)]
2025-06-22 12:25:56,299:INFO:executable: C:\Users\Lenovo\OneDrive - IRESSEF\Documents\DSWB\Project\Training\Workshop_2025\Github\od\test\no-code-test\py\mlenv\Scripts\python.exe
2025-06-22 12:25:56,299:INFO:   machine: Windows-10-10.0.26100-SP0
2025-06-22 12:25:56,299:INFO:PyCaret required dependencies:
2025-06-22 12:25:56,299:INFO:                 pip: 22.0.4
2025-06-22 12:25:56,299:INFO:          setuptools: 58.1.0
2025-06-22 12:25:56,299:INFO:             pycaret: 3.3.2
2025-06-22 12:25:56,299:INFO:             IPython: 8.37.0
2025-06-22 12:25:56,299:INFO:          ipywidgets: 8.1.7
2025-06-22 12:25:56,299:INFO:                tqdm: 4.67.1
2025-06-22 12:25:56,299:INFO:               numpy: 1.26.4
2025-06-22 12:25:56,299:INFO:              pandas: 2.1.4
2025-06-22 12:25:56,299:INFO:              jinja2: 3.1.6
2025-06-22 12:25:56,300:INFO:               scipy: 1.11.4
2025-06-22 12:25:56,300:INFO:              joblib: 1.3.2
2025-06-22 12:25:56,300:INFO:             sklearn: 1.4.2
2025-06-22 12:25:56,300:INFO:                pyod: 2.0.5
2025-06-22 12:25:56,300:INFO:            imblearn: 0.13.0
2025-06-22 12:25:56,300:INFO:   category_encoders: 2.7.0
2025-06-22 12:25:56,300:INFO:            lightgbm: 4.6.0
2025-06-22 12:25:56,300:INFO:               numba: 0.61.2
2025-06-22 12:25:56,300:INFO:            requests: 2.32.4
2025-06-22 12:25:56,300:INFO:          matplotlib: 3.7.5
2025-06-22 12:25:56,300:INFO:          scikitplot: 0.3.7
2025-06-22 12:25:56,300:INFO:         yellowbrick: 1.5
2025-06-22 12:25:56,300:INFO:              plotly: 5.24.1
2025-06-22 12:25:56,300:INFO:    plotly-resampler: Not installed
2025-06-22 12:25:56,300:INFO:             kaleido: 1.0.0
2025-06-22 12:25:56,300:INFO:           schemdraw: 0.15
2025-06-22 12:25:56,300:INFO:         statsmodels: 0.14.4
2025-06-22 12:25:56,300:INFO:              sktime: 0.26.0
2025-06-22 12:25:56,300:INFO:               tbats: 1.1.3
2025-06-22 12:25:56,300:INFO:            pmdarima: 2.0.4
2025-06-22 12:25:56,300:INFO:              psutil: 7.0.0
2025-06-22 12:25:56,300:INFO:          markupsafe: 3.0.2
2025-06-22 12:25:56,300:INFO:             pickle5: Not installed
2025-06-22 12:25:56,300:INFO:         cloudpickle: 3.1.1
2025-06-22 12:25:56,300:INFO:         deprecation: 2.1.0
2025-06-22 12:25:56,300:INFO:              xxhash: 3.5.0
2025-06-22 12:25:56,300:INFO:           wurlitzer: Not installed
2025-06-22 12:25:56,300:INFO:PyCaret optional dependencies:
2025-06-22 12:25:56,300:INFO:                shap: Not installed
2025-06-22 12:25:56,300:INFO:           interpret: Not installed
2025-06-22 12:25:56,300:INFO:                umap: Not installed
2025-06-22 12:25:56,300:INFO:     ydata_profiling: Not installed
2025-06-22 12:25:56,300:INFO:  explainerdashboard: Not installed
2025-06-22 12:25:56,300:INFO:             autoviz: Not installed
2025-06-22 12:25:56,300:INFO:           fairlearn: Not installed
2025-06-22 12:25:56,300:INFO:          deepchecks: Not installed
2025-06-22 12:25:56,300:INFO:             xgboost: Not installed
2025-06-22 12:25:56,300:INFO:            catboost: Not installed
2025-06-22 12:25:56,300:INFO:              kmodes: Not installed
2025-06-22 12:25:56,300:INFO:             mlxtend: Not installed
2025-06-22 12:25:56,300:INFO:       statsforecast: Not installed
2025-06-22 12:25:56,300:INFO:        tune_sklearn: Not installed
2025-06-22 12:25:56,300:INFO:                 ray: Not installed
2025-06-22 12:25:56,300:INFO:            hyperopt: Not installed
2025-06-22 12:25:56,300:INFO:              optuna: Not installed
2025-06-22 12:25:56,300:INFO:               skopt: Not installed
2025-06-22 12:25:56,300:INFO:              mlflow: Not installed
2025-06-22 12:25:56,300:INFO:              gradio: Not installed
2025-06-22 12:25:56,300:INFO:             fastapi: 0.115.13
2025-06-22 12:25:56,300:INFO:             uvicorn: 0.34.3
2025-06-22 12:25:56,300:INFO:              m2cgen: Not installed
2025-06-22 12:25:56,300:INFO:           evidently: Not installed
2025-06-22 12:25:56,300:INFO:               fugue: Not installed
2025-06-22 12:25:56,300:INFO:           streamlit: Not installed
2025-06-22 12:25:56,300:INFO:             prophet: Not installed
2025-06-22 12:25:56,300:INFO:None
2025-06-22 12:25:56,300:INFO:Set up data.
2025-06-22 12:25:56,310:INFO:Set up folding strategy.
2025-06-22 12:25:56,310:INFO:Set up train/test split.
2025-06-22 12:25:56,318:INFO:Set up index.
2025-06-22 12:25:56,319:INFO:Assigning column types.
2025-06-22 12:25:56,323:INFO:Engine successfully changes for model 'lr' to 'sklearn'.
2025-06-22 12:25:56,349:INFO:Engine for model 'knn' has not been set explicitly, hence returning None.
2025-06-22 12:25:56,350:INFO:Engine for model 'rbfsvm' has not been set explicitly, hence returning None.
2025-06-22 12:25:56,367:WARNING:
'xgboost' is a soft dependency and not included in the pycaret installation. Please run: `pip install xgboost` to install.
Alternately, you can install this by running `pip install pycaret[models]`
2025-06-22 12:25:56,368:WARNING:
'catboost' is a soft dependency and not included in the pycaret installation. Please run: `pip install catboost` to install.
Alternately, you can install this by running `pip install pycaret[models]`
2025-06-22 12:25:56,392:INFO:Engine for model 'knn' has not been set explicitly, hence returning None.
2025-06-22 12:25:56,392:INFO:Engine for model 'rbfsvm' has not been set explicitly, hence returning None.
2025-06-22 12:25:56,406:WARNING:
'xgboost' is a soft dependency and not included in the pycaret installation. Please run: `pip install xgboost` to install.
Alternately, you can install this by running `pip install pycaret[models]`
2025-06-22 12:25:56,406:WARNING:
'catboost' is a soft dependency and not included in the pycaret installation. Please run: `pip install catboost` to install.
Alternately, you can install this by running `pip install pycaret[models]`
2025-06-22 12:25:56,406:INFO:Engine successfully changes for model 'knn' to 'sklearn'.
2025-06-22 12:25:56,436:INFO:Engine for model 'rbfsvm' has not been set explicitly, hence returning None.
2025-06-22 12:25:56,454:WARNING:
'xgboost' is a soft dependency and not included in the pycaret installation. Please run: `pip install xgboost` to install.
Alternately, you can install this by running `pip install pycaret[models]`
2025-06-22 12:25:56,454:WARNING:
'catboost' is a soft dependency and not included in the pycaret installation. Please run: `pip install catboost` to install.
Alternately, you can install this by running `pip install pycaret[models]`
2025-06-22 12:25:56,480:INFO:Engine for model 'rbfsvm' has not been set explicitly, hence returning None.
2025-06-22 12:25:56,496:WARNING:
'xgboost' is a soft dependency and not included in the pycaret installation. Please run: `pip install xgboost` to install.
Alternately, you can install this by running `pip install pycaret[models]`
2025-06-22 12:25:56,496:WARNING:
'catboost' is a soft dependency and not included in the pycaret installation. Please run: `pip install catboost` to install.
Alternately, you can install this by running `pip install pycaret[models]`
2025-06-22 12:25:56,496:INFO:Engine successfully changes for model 'rbfsvm' to 'sklearn'.
2025-06-22 12:25:56,535:WARNING:
'xgboost' is a soft dependency and not included in the pycaret installation. Please run: `pip install xgboost` to install.
Alternately, you can install this by running `pip install pycaret[models]`
2025-06-22 12:25:56,535:WARNING:
'catboost' is a soft dependency and not included in the pycaret installation. Please run: `pip install catboost` to install.
Alternately, you can install this by running `pip install pycaret[models]`
2025-06-22 12:25:56,573:WARNING:
'xgboost' is a soft dependency and not included in the pycaret installation. Please run: `pip install xgboost` to install.
Alternately, you can install this by running `pip install pycaret[models]`
2025-06-22 12:25:56,573:WARNING:
'catboost' is a soft dependency and not included in the pycaret installation. Please run: `pip install catboost` to install.
Alternately, you can install this by running `pip install pycaret[models]`
2025-06-22 12:25:56,575:INFO:Preparing preprocessing pipeline...
2025-06-22 12:25:56,577:INFO:Set up simple imputation.
2025-06-22 12:25:56,588:INFO:Finished creating preprocessing pipeline.
2025-06-22 12:25:56,591:INFO:Pipeline: Pipeline(memory=FastMemory(location=C:\Users\Lenovo\AppData\Local\Temp\joblib),
         steps=[('numerical_imputer',
                 TransformerWrapper(exclude=None,
                                    include=['Pregnancies', 'Glucose',
                                             'BloodPressure', 'SkinThickness',
                                             'Insulin', 'BMI',
                                             'DiabetesPedigreeFunction',
                                             'Age'],
                                    transformer=SimpleImputer(add_indicator=False,
                                                              copy=True,
                                                              fill_value=None,
                                                              keep_empty_features=False,
                                                              missing_values=nan,
                                                              strategy='mean'))),
                ('categorical_imputer',
                 TransformerWrapper(exclude=None, include=[],
                                    transformer=SimpleImputer(add_indicator=False,
                                                              copy=True,
                                                              fill_value=None,
                                                              keep_empty_features=False,
                                                              missing_values=nan,
                                                              strategy='most_frequent')))],
         verbose=False)
2025-06-22 12:25:56,591:INFO:Creating final display dataframe.
2025-06-22 12:25:56,634:INFO:Setup _display_container:                     Description             Value
0                    Session id               123
1                        Target           Outcome
2                   Target type            Binary
3           Original data shape          (768, 9)
4        Transformed data shape          (768, 9)
5   Transformed train set shape          (537, 9)
6    Transformed test set shape          (231, 9)
7              Numeric features                 8
8                    Preprocess              True
9               Imputation type            simple
10           Numeric imputation              mean
11       Categorical imputation              mode
12               Fold Generator   StratifiedKFold
13                  Fold Number                10
14                     CPU Jobs                -1
15                      Use GPU             False
16               Log Experiment             False
17              Experiment Name  clf-default-name
18                          USI              5cd9
2025-06-22 12:25:56,688:WARNING:
'xgboost' is a soft dependency and not included in the pycaret installation. Please run: `pip install xgboost` to install.
Alternately, you can install this by running `pip install pycaret[models]`
2025-06-22 12:25:56,688:WARNING:
'catboost' is a soft dependency and not included in the pycaret installation. Please run: `pip install catboost` to install.
Alternately, you can install this by running `pip install pycaret[models]`
2025-06-22 12:25:56,753:WARNING:
'xgboost' is a soft dependency and not included in the pycaret installation. Please run: `pip install xgboost` to install.
Alternately, you can install this by running `pip install pycaret[models]`
2025-06-22 12:25:56,754:WARNING:
'catboost' is a soft dependency and not included in the pycaret installation. Please run: `pip install catboost` to install.
Alternately, you can install this by running `pip install pycaret[models]`
2025-06-22 12:25:56,756:INFO:setup() successfully completed in 0.5s...............
2025-06-22 12:25:56,757:INFO:Initializing compare_models()
2025-06-22 12:25:56,757:INFO:compare_models(self=<pycaret.classification.oop.ClassificationExperiment object at 0x0000025BFB87F670>, include=None, fold=None, round=4, cross_validation=True, sort=Accuracy, n_select=5, budget_time=None, turbo=True, errors=ignore, fit_kwargs=None, groups=None, experiment_custom_tags=None, probability_threshold=None, verbose=True, parallel=None, caller_params={'self': <pycaret.classification.oop.ClassificationExperiment object at 0x0000025BFB87F670>, 'include': None, 'exclude': None, 'fold': None, 'round': 4, 'cross_validation': True, 'sort': 'Accuracy', 'n_select': 5, 'budget_time': None, 'turbo': True, 'errors': 'ignore', 'fit_kwargs': None, 'groups': None, 'experiment_custom_tags': None, 'probability_threshold': None, 'engine': None, 'verbose': True, 'parallel': None, '__class__': <class 'pycaret.classification.oop.ClassificationExperiment'>}, exclude=None)
2025-06-22 12:25:56,757:INFO:Checking exceptions
2025-06-22 12:25:56,759:INFO:Preparing display monitor
2025-06-22 12:25:56,762:INFO:Initializing Logistic Regression
2025-06-22 12:25:56,762:INFO:Total runtime is 0.0 minutes
2025-06-22 12:25:56,762:INFO:SubProcess create_model() called ==================================
2025-06-22 12:25:56,763:INFO:Initializing create_model()
2025-06-22 12:25:56,763:INFO:create_model(self=<pycaret.classification.oop.ClassificationExperiment object at 0x0000025BFB87F670>, estimator=lr, fold=StratifiedKFold(n_splits=10, random_state=None, shuffle=False), round=4, cross_validation=True, predict=True, fit_kwargs={}, groups=None, refit=False, probability_threshold=None, experiment_custom_tags=None, verbose=False, system=False, add_to_model_list=True, metrics=None, display=<pycaret.internal.display.display.CommonDisplay object at 0x0000025BFBEFA920>, model_only=True, return_train_score=False, error_score=0.0, kwargs={})
2025-06-22 12:25:56,763:INFO:Checking exceptions
2025-06-22 12:25:56,763:INFO:Importing libraries
2025-06-22 12:25:56,763:INFO:Copying training dataset
2025-06-22 12:25:56,764:INFO:Defining folds
2025-06-22 12:25:56,765:INFO:Declaring metric variables
2025-06-22 12:25:56,765:INFO:Importing untrained model
2025-06-22 12:25:56,765:INFO:Logistic Regression Imported successfully
2025-06-22 12:25:56,765:INFO:Starting cross validation
2025-06-22 12:25:56,765:INFO:Cross validating with StratifiedKFold(n_splits=10, random_state=None, shuffle=False), n_jobs=-1
2025-06-22 12:25:56,932:INFO:Calculating mean and std
2025-06-22 12:25:56,933:INFO:Creating metrics dataframe
2025-06-22 12:25:56,934:INFO:Uploading results into container
2025-06-22 12:25:56,935:INFO:Uploading model into container now
2025-06-22 12:25:56,935:INFO:_master_model_container: 1
2025-06-22 12:25:56,935:INFO:_display_container: 2
2025-06-22 12:25:56,935:INFO:LogisticRegression(C=1.0, class_weight=None, dual=False, fit_intercept=True,
                   intercept_scaling=1, l1_ratio=None, max_iter=1000,
                   multi_class='auto', n_jobs=None, penalty='l2',
                   random_state=123, solver='lbfgs', tol=0.0001, verbose=0,
                   warm_start=False)
2025-06-22 12:25:56,935:INFO:create_model() successfully completed......................................
2025-06-22 12:25:57,066:INFO:SubProcess create_model() end ==================================
2025-06-22 12:25:57,066:INFO:Creating metrics dataframe
2025-06-22 12:25:57,067:INFO:Initializing K Neighbors Classifier
2025-06-22 12:25:57,067:INFO:Total runtime is 0.005084510644276937 minutes
2025-06-22 12:25:57,068:INFO:SubProcess create_model() called ==================================
2025-06-22 12:25:57,068:INFO:Initializing create_model()
2025-06-22 12:25:57,068:INFO:create_model(self=<pycaret.classification.oop.ClassificationExperiment object at 0x0000025BFB87F670>, estimator=knn, fold=StratifiedKFold(n_splits=10, random_state=None, shuffle=False), round=4, cross_validation=True, predict=True, fit_kwargs={}, groups=None, refit=False, probability_threshold=None, experiment_custom_tags=None, verbose=False, system=False, add_to_model_list=True, metrics=None, display=<pycaret.internal.display.display.CommonDisplay object at 0x0000025BFBEFA920>, model_only=True, return_train_score=False, error_score=0.0, kwargs={})
2025-06-22 12:25:57,068:INFO:Checking exceptions
2025-06-22 12:25:57,068:INFO:Importing libraries
2025-06-22 12:25:57,068:INFO:Copying training dataset
2025-06-22 12:25:57,069:INFO:Defining folds
2025-06-22 12:25:57,069:INFO:Declaring metric variables
2025-06-22 12:25:57,069:INFO:Importing untrained model
2025-06-22 12:25:57,069:INFO:K Neighbors Classifier Imported successfully
2025-06-22 12:25:57,070:INFO:Starting cross validation
2025-06-22 12:25:57,070:INFO:Cross validating with StratifiedKFold(n_splits=10, random_state=None, shuffle=False), n_jobs=-1
2025-06-22 12:25:57,262:INFO:Calculating mean and std
2025-06-22 12:25:57,262:INFO:Creating metrics dataframe
2025-06-22 12:25:57,265:INFO:Uploading results into container
2025-06-22 12:25:57,265:INFO:Uploading model into container now
2025-06-22 12:25:57,265:INFO:_master_model_container: 2
2025-06-22 12:25:57,265:INFO:_display_container: 2
2025-06-22 12:25:57,265:INFO:KNeighborsClassifier(algorithm='auto', leaf_size=30, metric='minkowski',
                     metric_params=None, n_jobs=-1, n_neighbors=5, p=2,
                     weights='uniform')
2025-06-22 12:25:57,265:INFO:create_model() successfully completed......................................
2025-06-22 12:25:57,320:INFO:SubProcess create_model() end ==================================
2025-06-22 12:25:57,320:INFO:Creating metrics dataframe
2025-06-22 12:25:57,322:INFO:Initializing Naive Bayes
2025-06-22 12:25:57,322:INFO:Total runtime is 0.009333515167236328 minutes
2025-06-22 12:25:57,322:INFO:SubProcess create_model() called ==================================
2025-06-22 12:25:57,322:INFO:Initializing create_model()
2025-06-22 12:25:57,322:INFO:create_model(self=<pycaret.classification.oop.ClassificationExperiment object at 0x0000025BFB87F670>, estimator=nb, fold=StratifiedKFold(n_splits=10, random_state=None, shuffle=False), round=4, cross_validation=True, predict=True, fit_kwargs={}, groups=None, refit=False, probability_threshold=None, experiment_custom_tags=None, verbose=False, system=False, add_to_model_list=True, metrics=None, display=<pycaret.internal.display.display.CommonDisplay object at 0x0000025BFBEFA920>, model_only=True, return_train_score=False, error_score=0.0, kwargs={})
2025-06-22 12:25:57,322:INFO:Checking exceptions
2025-06-22 12:25:57,322:INFO:Importing libraries
2025-06-22 12:25:57,322:INFO:Copying training dataset
2025-06-22 12:25:57,324:INFO:Defining folds
2025-06-22 12:25:57,324:INFO:Declaring metric variables
2025-06-22 12:25:57,324:INFO:Importing untrained model
2025-06-22 12:25:57,324:INFO:Naive Bayes Imported successfully
2025-06-22 12:25:57,324:INFO:Starting cross validation
2025-06-22 12:25:57,325:INFO:Cross validating with StratifiedKFold(n_splits=10, random_state=None, shuffle=False), n_jobs=-1
2025-06-22 12:25:57,387:INFO:Calculating mean and std
2025-06-22 12:25:57,387:INFO:Creating metrics dataframe
2025-06-22 12:25:57,388:INFO:Uploading results into container
2025-06-22 12:25:57,390:INFO:Uploading model into container now
2025-06-22 12:25:57,390:INFO:_master_model_container: 3
2025-06-22 12:25:57,390:INFO:_display_container: 2
2025-06-22 12:25:57,390:INFO:GaussianNB(priors=None, var_smoothing=1e-09)
2025-06-22 12:25:57,390:INFO:create_model() successfully completed......................................
2025-06-22 12:25:57,442:INFO:SubProcess create_model() end ==================================
2025-06-22 12:25:57,443:INFO:Creating metrics dataframe
2025-06-22 12:25:57,445:INFO:Initializing Decision Tree Classifier
2025-06-22 12:25:57,445:INFO:Total runtime is 0.011380922794342042 minutes
2025-06-22 12:25:57,445:INFO:SubProcess create_model() called ==================================
2025-06-22 12:25:57,445:INFO:Initializing create_model()
2025-06-22 12:25:57,445:INFO:create_model(self=<pycaret.classification.oop.ClassificationExperiment object at 0x0000025BFB87F670>, estimator=dt, fold=StratifiedKFold(n_splits=10, random_state=None, shuffle=False), round=4, cross_validation=True, predict=True, fit_kwargs={}, groups=None, refit=False, probability_threshold=None, experiment_custom_tags=None, verbose=False, system=False, add_to_model_list=True, metrics=None, display=<pycaret.internal.display.display.CommonDisplay object at 0x0000025BFBEFA920>, model_only=True, return_train_score=False, error_score=0.0, kwargs={})
2025-06-22 12:25:57,445:INFO:Checking exceptions
2025-06-22 12:25:57,445:INFO:Importing libraries
2025-06-22 12:25:57,445:INFO:Copying training dataset
2025-06-22 12:25:57,447:INFO:Defining folds
2025-06-22 12:25:57,447:INFO:Declaring metric variables
2025-06-22 12:25:57,447:INFO:Importing untrained model
2025-06-22 12:25:57,447:INFO:Decision Tree Classifier Imported successfully
2025-06-22 12:25:57,447:INFO:Starting cross validation
2025-06-22 12:25:57,448:INFO:Cross validating with StratifiedKFold(n_splits=10, random_state=None, shuffle=False), n_jobs=-1
2025-06-22 12:25:57,510:INFO:Calculating mean and std
2025-06-22 12:25:57,510:INFO:Creating metrics dataframe
2025-06-22 12:25:57,511:INFO:Uploading results into container
2025-06-22 12:25:57,511:INFO:Uploading model into container now
2025-06-22 12:25:57,512:INFO:_master_model_container: 4
2025-06-22 12:25:57,512:INFO:_display_container: 2
2025-06-22 12:25:57,512:INFO:DecisionTreeClassifier(ccp_alpha=0.0, class_weight=None, criterion='gini',
                       max_depth=None, max_features=None, max_leaf_nodes=None,
                       min_impurity_decrease=0.0, min_samples_leaf=1,
                       min_samples_split=2, min_weight_fraction_leaf=0.0,
                       monotonic_cst=None, random_state=123, splitter='best')
2025-06-22 12:25:57,512:INFO:create_model() successfully completed......................................
2025-06-22 12:25:57,568:INFO:SubProcess create_model() end ==================================
2025-06-22 12:25:57,568:INFO:Creating metrics dataframe
2025-06-22 12:25:57,570:INFO:Initializing SVM - Linear Kernel
2025-06-22 12:25:57,570:INFO:Total runtime is 0.013475171724955241 minutes
2025-06-22 12:25:57,570:INFO:SubProcess create_model() called ==================================
2025-06-22 12:25:57,570:INFO:Initializing create_model()
2025-06-22 12:25:57,570:INFO:create_model(self=<pycaret.classification.oop.ClassificationExperiment object at 0x0000025BFB87F670>, estimator=svm, fold=StratifiedKFold(n_splits=10, random_state=None, shuffle=False), round=4, cross_validation=True, predict=True, fit_kwargs={}, groups=None, refit=False, probability_threshold=None, experiment_custom_tags=None, verbose=False, system=False, add_to_model_list=True, metrics=None, display=<pycaret.internal.display.display.CommonDisplay object at 0x0000025BFBEFA920>, model_only=True, return_train_score=False, error_score=0.0, kwargs={})
2025-06-22 12:25:57,570:INFO:Checking exceptions
2025-06-22 12:25:57,570:INFO:Importing libraries
2025-06-22 12:25:57,570:INFO:Copying training dataset
2025-06-22 12:25:57,573:INFO:Defining folds
2025-06-22 12:25:57,573:INFO:Declaring metric variables
2025-06-22 12:25:57,573:INFO:Importing untrained model
2025-06-22 12:25:57,573:INFO:SVM - Linear Kernel Imported successfully
2025-06-22 12:25:57,573:INFO:Starting cross validation
2025-06-22 12:25:57,574:INFO:Cross validating with StratifiedKFold(n_splits=10, random_state=None, shuffle=False), n_jobs=-1
2025-06-22 12:25:57,627:WARNING:C:\Users\Lenovo\OneDrive - IRESSEF\Documents\DSWB\Project\Training\Workshop_2025\Github\od\test\no-code-test\py\mlenv\lib\site-packages\sklearn\metrics\_classification.py:1509: UndefinedMetricWarning: Precision is ill-defined and being set to 0.0 due to no predicted samples. Use `zero_division` parameter to control this behavior.
  _warn_prf(average, modifier, f"{metric.capitalize()} is", len(result))

2025-06-22 12:25:57,629:WARNING:C:\Users\Lenovo\OneDrive - IRESSEF\Documents\DSWB\Project\Training\Workshop_2025\Github\od\test\no-code-test\py\mlenv\lib\site-packages\sklearn\metrics\_classification.py:1509: UndefinedMetricWarning: Precision is ill-defined and being set to 0.0 due to no predicted samples. Use `zero_division` parameter to control this behavior.
  _warn_prf(average, modifier, f"{metric.capitalize()} is", len(result))

2025-06-22 12:25:57,654:INFO:Calculating mean and std
2025-06-22 12:25:57,655:INFO:Creating metrics dataframe
2025-06-22 12:25:57,656:INFO:Uploading results into container
2025-06-22 12:25:57,656:INFO:Uploading model into container now
2025-06-22 12:25:57,656:INFO:_master_model_container: 5
2025-06-22 12:25:57,656:INFO:_display_container: 2
2025-06-22 12:25:57,657:INFO:SGDClassifier(alpha=0.0001, average=False, class_weight=None,
              early_stopping=False, epsilon=0.1, eta0=0.001, fit_intercept=True,
              l1_ratio=0.15, learning_rate='optimal', loss='hinge',
              max_iter=1000, n_iter_no_change=5, n_jobs=-1, penalty='l2',
              power_t=0.5, random_state=123, shuffle=True, tol=0.001,
              validation_fraction=0.1, verbose=0, warm_start=False)
2025-06-22 12:25:57,657:INFO:create_model() successfully completed......................................
2025-06-22 12:25:57,732:INFO:SubProcess create_model() end ==================================
2025-06-22 12:25:57,732:INFO:Creating metrics dataframe
2025-06-22 12:25:57,737:INFO:Initializing Ridge Classifier
2025-06-22 12:25:57,737:INFO:Total runtime is 0.016251357396443684 minutes
2025-06-22 12:25:57,737:INFO:SubProcess create_model() called ==================================
2025-06-22 12:25:57,737:INFO:Initializing create_model()
2025-06-22 12:25:57,737:INFO:create_model(self=<pycaret.classification.oop.ClassificationExperiment object at 0x0000025BFB87F670>, estimator=ridge, fold=StratifiedKFold(n_splits=10, random_state=None, shuffle=False), round=4, cross_validation=True, predict=True, fit_kwargs={}, groups=None, refit=False, probability_threshold=None, experiment_custom_tags=None, verbose=False, system=False, add_to_model_list=True, metrics=None, display=<pycaret.internal.display.display.CommonDisplay object at 0x0000025BFBEFA920>, model_only=True, return_train_score=False, error_score=0.0, kwargs={})
2025-06-22 12:25:57,737:INFO:Checking exceptions
2025-06-22 12:25:57,737:INFO:Importing libraries
2025-06-22 12:25:57,737:INFO:Copying training dataset
2025-06-22 12:25:57,740:INFO:Defining folds
2025-06-22 12:25:57,740:INFO:Declaring metric variables
2025-06-22 12:25:57,740:INFO:Importing untrained model
2025-06-22 12:25:57,740:INFO:Ridge Classifier Imported successfully
2025-06-22 12:25:57,741:INFO:Starting cross validation
2025-06-22 12:25:57,741:INFO:Cross validating with StratifiedKFold(n_splits=10, random_state=None, shuffle=False), n_jobs=-1
2025-06-22 12:25:57,833:INFO:Calculating mean and std
2025-06-22 12:25:57,834:INFO:Creating metrics dataframe
2025-06-22 12:25:57,836:INFO:Uploading results into container
2025-06-22 12:25:57,837:INFO:Uploading model into container now
2025-06-22 12:25:57,837:INFO:_master_model_container: 6
2025-06-22 12:25:57,837:INFO:_display_container: 2
2025-06-22 12:25:57,839:INFO:RidgeClassifier(alpha=1.0, class_weight=None, copy_X=True, fit_intercept=True,
                max_iter=None, positive=False, random_state=123, solver='auto',
                tol=0.0001)
2025-06-22 12:25:57,839:INFO:create_model() successfully completed......................................
2025-06-22 12:25:57,909:INFO:SubProcess create_model() end ==================================
2025-06-22 12:25:57,909:INFO:Creating metrics dataframe
2025-06-22 12:25:57,912:INFO:Initializing Random Forest Classifier
2025-06-22 12:25:57,912:INFO:Total runtime is 0.019172112147013344 minutes
2025-06-22 12:25:57,912:INFO:SubProcess create_model() called ==================================
2025-06-22 12:25:57,912:INFO:Initializing create_model()
2025-06-22 12:25:57,912:INFO:create_model(self=<pycaret.classification.oop.ClassificationExperiment object at 0x0000025BFB87F670>, estimator=rf, fold=StratifiedKFold(n_splits=10, random_state=None, shuffle=False), round=4, cross_validation=True, predict=True, fit_kwargs={}, groups=None, refit=False, probability_threshold=None, experiment_custom_tags=None, verbose=False, system=False, add_to_model_list=True, metrics=None, display=<pycaret.internal.display.display.CommonDisplay object at 0x0000025BFBEFA920>, model_only=True, return_train_score=False, error_score=0.0, kwargs={})
2025-06-22 12:25:57,912:INFO:Checking exceptions
2025-06-22 12:25:57,912:INFO:Importing libraries
2025-06-22 12:25:57,912:INFO:Copying training dataset
2025-06-22 12:25:57,914:INFO:Defining folds
2025-06-22 12:25:57,914:INFO:Declaring metric variables
2025-06-22 12:25:57,914:INFO:Importing untrained model
2025-06-22 12:25:57,915:INFO:Random Forest Classifier Imported successfully
2025-06-22 12:25:57,915:INFO:Starting cross validation
2025-06-22 12:25:57,916:INFO:Cross validating with StratifiedKFold(n_splits=10, random_state=None, shuffle=False), n_jobs=-1
2025-06-22 12:25:58,467:INFO:Calculating mean and std
2025-06-22 12:25:58,468:INFO:Creating metrics dataframe
2025-06-22 12:25:58,471:INFO:Uploading results into container
2025-06-22 12:25:58,472:INFO:Uploading model into container now
2025-06-22 12:25:58,472:INFO:_master_model_container: 7
2025-06-22 12:25:58,472:INFO:_display_container: 2
2025-06-22 12:25:58,472:INFO:RandomForestClassifier(bootstrap=True, ccp_alpha=0.0, class_weight=None,
                       criterion='gini', max_depth=None, max_features='sqrt',
                       max_leaf_nodes=None, max_samples=None,
                       min_impurity_decrease=0.0, min_samples_leaf=1,
                       min_samples_split=2, min_weight_fraction_leaf=0.0,
                       monotonic_cst=None, n_estimators=100, n_jobs=-1,
                       oob_score=False, random_state=123, verbose=0,
                       warm_start=False)
2025-06-22 12:25:58,472:INFO:create_model() successfully completed......................................
2025-06-22 12:25:58,537:INFO:SubProcess create_model() end ==================================
2025-06-22 12:25:58,538:INFO:Creating metrics dataframe
2025-06-22 12:25:58,539:INFO:Initializing Quadratic Discriminant Analysis
2025-06-22 12:25:58,539:INFO:Total runtime is 0.029615386327107744 minutes
2025-06-22 12:25:58,540:INFO:SubProcess create_model() called ==================================
2025-06-22 12:25:58,540:INFO:Initializing create_model()
2025-06-22 12:25:58,540:INFO:create_model(self=<pycaret.classification.oop.ClassificationExperiment object at 0x0000025BFB87F670>, estimator=qda, fold=StratifiedKFold(n_splits=10, random_state=None, shuffle=False), round=4, cross_validation=True, predict=True, fit_kwargs={}, groups=None, refit=False, probability_threshold=None, experiment_custom_tags=None, verbose=False, system=False, add_to_model_list=True, metrics=None, display=<pycaret.internal.display.display.CommonDisplay object at 0x0000025BFBEFA920>, model_only=True, return_train_score=False, error_score=0.0, kwargs={})
2025-06-22 12:25:58,540:INFO:Checking exceptions
2025-06-22 12:25:58,540:INFO:Importing libraries
2025-06-22 12:25:58,540:INFO:Copying training dataset
2025-06-22 12:25:58,542:INFO:Defining folds
2025-06-22 12:25:58,542:INFO:Declaring metric variables
2025-06-22 12:25:58,542:INFO:Importing untrained model
2025-06-22 12:25:58,542:INFO:Quadratic Discriminant Analysis Imported successfully
2025-06-22 12:25:58,542:INFO:Starting cross validation
2025-06-22 12:25:58,543:INFO:Cross validating with StratifiedKFold(n_splits=10, random_state=None, shuffle=False), n_jobs=-1
2025-06-22 12:25:58,615:INFO:Calculating mean and std
2025-06-22 12:25:58,617:INFO:Creating metrics dataframe
2025-06-22 12:25:58,618:INFO:Uploading results into container
2025-06-22 12:25:58,618:INFO:Uploading model into container now
2025-06-22 12:25:58,618:INFO:_master_model_container: 8
2025-06-22 12:25:58,618:INFO:_display_container: 2
2025-06-22 12:25:58,619:INFO:QuadraticDiscriminantAnalysis(priors=None, reg_param=0.0,
                              store_covariance=False, tol=0.0001)
2025-06-22 12:25:58,619:INFO:create_model() successfully completed......................................
2025-06-22 12:25:58,680:INFO:SubProcess create_model() end ==================================
2025-06-22 12:25:58,680:INFO:Creating metrics dataframe
2025-06-22 12:25:58,681:INFO:Initializing Ada Boost Classifier
2025-06-22 12:25:58,682:INFO:Total runtime is 0.03201055924097697 minutes
2025-06-22 12:25:58,682:INFO:SubProcess create_model() called ==================================
2025-06-22 12:25:58,682:INFO:Initializing create_model()
2025-06-22 12:25:58,682:INFO:create_model(self=<pycaret.classification.oop.ClassificationExperiment object at 0x0000025BFB87F670>, estimator=ada, fold=StratifiedKFold(n_splits=10, random_state=None, shuffle=False), round=4, cross_validation=True, predict=True, fit_kwargs={}, groups=None, refit=False, probability_threshold=None, experiment_custom_tags=None, verbose=False, system=False, add_to_model_list=True, metrics=None, display=<pycaret.internal.display.display.CommonDisplay object at 0x0000025BFBEFA920>, model_only=True, return_train_score=False, error_score=0.0, kwargs={})
2025-06-22 12:25:58,682:INFO:Checking exceptions
2025-06-22 12:25:58,682:INFO:Importing libraries
2025-06-22 12:25:58,682:INFO:Copying training dataset
2025-06-22 12:25:58,685:INFO:Defining folds
2025-06-22 12:25:58,685:INFO:Declaring metric variables
2025-06-22 12:25:58,685:INFO:Importing untrained model
2025-06-22 12:25:58,685:INFO:Ada Boost Classifier Imported successfully
2025-06-22 12:25:58,685:INFO:Starting cross validation
2025-06-22 12:25:58,686:INFO:Cross validating with StratifiedKFold(n_splits=10, random_state=None, shuffle=False), n_jobs=-1
2025-06-22 12:25:58,707:WARNING:C:\Users\Lenovo\OneDrive - IRESSEF\Documents\DSWB\Project\Training\Workshop_2025\Github\od\test\no-code-test\py\mlenv\lib\site-packages\sklearn\ensemble\_weight_boosting.py:519: FutureWarning: The SAMME.R algorithm (the default) is deprecated and will be removed in 1.6. Use the SAMME algorithm to circumvent this warning.
  warnings.warn(

2025-06-22 12:25:58,707:WARNING:C:\Users\Lenovo\OneDrive - IRESSEF\Documents\DSWB\Project\Training\Workshop_2025\Github\od\test\no-code-test\py\mlenv\lib\site-packages\sklearn\ensemble\_weight_boosting.py:519: FutureWarning: The SAMME.R algorithm (the default) is deprecated and will be removed in 1.6. Use the SAMME algorithm to circumvent this warning.
  warnings.warn(

2025-06-22 12:25:58,713:WARNING:C:\Users\Lenovo\OneDrive - IRESSEF\Documents\DSWB\Project\Training\Workshop_2025\Github\od\test\no-code-test\py\mlenv\lib\site-packages\sklearn\ensemble\_weight_boosting.py:519: FutureWarning: The SAMME.R algorithm (the default) is deprecated and will be removed in 1.6. Use the SAMME algorithm to circumvent this warning.
  warnings.warn(

2025-06-22 12:25:58,713:WARNING:C:\Users\Lenovo\OneDrive - IRESSEF\Documents\DSWB\Project\Training\Workshop_2025\Github\od\test\no-code-test\py\mlenv\lib\site-packages\sklearn\ensemble\_weight_boosting.py:519: FutureWarning: The SAMME.R algorithm (the default) is deprecated and will be removed in 1.6. Use the SAMME algorithm to circumvent this warning.
  warnings.warn(

2025-06-22 12:25:58,717:WARNING:C:\Users\Lenovo\OneDrive - IRESSEF\Documents\DSWB\Project\Training\Workshop_2025\Github\od\test\no-code-test\py\mlenv\lib\site-packages\sklearn\ensemble\_weight_boosting.py:519: FutureWarning: The SAMME.R algorithm (the default) is deprecated and will be removed in 1.6. Use the SAMME algorithm to circumvent this warning.
  warnings.warn(

2025-06-22 12:25:58,718:WARNING:C:\Users\Lenovo\OneDrive - IRESSEF\Documents\DSWB\Project\Training\Workshop_2025\Github\od\test\no-code-test\py\mlenv\lib\site-packages\sklearn\ensemble\_weight_boosting.py:519: FutureWarning: The SAMME.R algorithm (the default) is deprecated and will be removed in 1.6. Use the SAMME algorithm to circumvent this warning.
  warnings.warn(

2025-06-22 12:25:58,720:WARNING:C:\Users\Lenovo\OneDrive - IRESSEF\Documents\DSWB\Project\Training\Workshop_2025\Github\od\test\no-code-test\py\mlenv\lib\site-packages\sklearn\ensemble\_weight_boosting.py:519: FutureWarning: The SAMME.R algorithm (the default) is deprecated and will be removed in 1.6. Use the SAMME algorithm to circumvent this warning.
  warnings.warn(

2025-06-22 12:25:58,722:WARNING:C:\Users\Lenovo\OneDrive - IRESSEF\Documents\DSWB\Project\Training\Workshop_2025\Github\od\test\no-code-test\py\mlenv\lib\site-packages\sklearn\ensemble\_weight_boosting.py:519: FutureWarning: The SAMME.R algorithm (the default) is deprecated and will be removed in 1.6. Use the SAMME algorithm to circumvent this warning.
  warnings.warn(

2025-06-22 12:25:58,723:WARNING:C:\Users\Lenovo\OneDrive - IRESSEF\Documents\DSWB\Project\Training\Workshop_2025\Github\od\test\no-code-test\py\mlenv\lib\site-packages\sklearn\ensemble\_weight_boosting.py:519: FutureWarning: The SAMME.R algorithm (the default) is deprecated and will be removed in 1.6. Use the SAMME algorithm to circumvent this warning.
  warnings.warn(

2025-06-22 12:25:58,728:WARNING:C:\Users\Lenovo\OneDrive - IRESSEF\Documents\DSWB\Project\Training\Workshop_2025\Github\od\test\no-code-test\py\mlenv\lib\site-packages\sklearn\ensemble\_weight_boosting.py:519: FutureWarning: The SAMME.R algorithm (the default) is deprecated and will be removed in 1.6. Use the SAMME algorithm to circumvent this warning.
  warnings.warn(

2025-06-22 12:25:58,938:INFO:Calculating mean and std
2025-06-22 12:25:58,939:INFO:Creating metrics dataframe
2025-06-22 12:25:58,940:INFO:Uploading results into container
2025-06-22 12:25:58,941:INFO:Uploading model into container now
2025-06-22 12:25:58,941:INFO:_master_model_container: 9
2025-06-22 12:25:58,941:INFO:_display_container: 2
2025-06-22 12:25:58,941:INFO:AdaBoostClassifier(algorithm='SAMME.R', estimator=None, learning_rate=1.0,
                   n_estimators=50, random_state=123)
2025-06-22 12:25:58,941:INFO:create_model() successfully completed......................................
2025-06-22 12:25:59,029:INFO:SubProcess create_model() end ==================================
2025-06-22 12:25:59,029:INFO:Creating metrics dataframe
2025-06-22 12:25:59,033:INFO:Initializing Gradient Boosting Classifier
2025-06-22 12:25:59,033:INFO:Total runtime is 0.03784904877344767 minutes
2025-06-22 12:25:59,033:INFO:SubProcess create_model() called ==================================
2025-06-22 12:25:59,033:INFO:Initializing create_model()
2025-06-22 12:25:59,033:INFO:create_model(self=<pycaret.classification.oop.ClassificationExperiment object at 0x0000025BFB87F670>, estimator=gbc, fold=StratifiedKFold(n_splits=10, random_state=None, shuffle=False), round=4, cross_validation=True, predict=True, fit_kwargs={}, groups=None, refit=False, probability_threshold=None, experiment_custom_tags=None, verbose=False, system=False, add_to_model_list=True, metrics=None, display=<pycaret.internal.display.display.CommonDisplay object at 0x0000025BFBEFA920>, model_only=True, return_train_score=False, error_score=0.0, kwargs={})
2025-06-22 12:25:59,033:INFO:Checking exceptions
2025-06-22 12:25:59,033:INFO:Importing libraries
2025-06-22 12:25:59,033:INFO:Copying training dataset
2025-06-22 12:25:59,035:INFO:Defining folds
2025-06-22 12:25:59,035:INFO:Declaring metric variables
2025-06-22 12:25:59,036:INFO:Importing untrained model
2025-06-22 12:25:59,036:INFO:Gradient Boosting Classifier Imported successfully
2025-06-22 12:25:59,036:INFO:Starting cross validation
2025-06-22 12:25:59,036:INFO:Cross validating with StratifiedKFold(n_splits=10, random_state=None, shuffle=False), n_jobs=-1
2025-06-22 12:25:59,505:INFO:Calculating mean and std
2025-06-22 12:25:59,505:INFO:Creating metrics dataframe
2025-06-22 12:25:59,508:INFO:Uploading results into container
2025-06-22 12:25:59,508:INFO:Uploading model into container now
2025-06-22 12:25:59,508:INFO:_master_model_container: 10
2025-06-22 12:25:59,508:INFO:_display_container: 2
2025-06-22 12:25:59,508:INFO:GradientBoostingClassifier(ccp_alpha=0.0, criterion='friedman_mse', init=None,
                           learning_rate=0.1, loss='log_loss', max_depth=3,
                           max_features=None, max_leaf_nodes=None,
                           min_impurity_decrease=0.0, min_samples_leaf=1,
                           min_samples_split=2, min_weight_fraction_leaf=0.0,
                           n_estimators=100, n_iter_no_change=None,
                           random_state=123, subsample=1.0, tol=0.0001,
                           validation_fraction=0.1, verbose=0,
                           warm_start=False)
2025-06-22 12:25:59,508:INFO:create_model() successfully completed......................................
2025-06-22 12:25:59,579:INFO:SubProcess create_model() end ==================================
2025-06-22 12:25:59,579:INFO:Creating metrics dataframe
2025-06-22 12:25:59,581:INFO:Initializing Linear Discriminant Analysis
2025-06-22 12:25:59,581:INFO:Total runtime is 0.04698555469512939 minutes
2025-06-22 12:25:59,581:INFO:SubProcess create_model() called ==================================
2025-06-22 12:25:59,581:INFO:Initializing create_model()
2025-06-22 12:25:59,582:INFO:create_model(self=<pycaret.classification.oop.ClassificationExperiment object at 0x0000025BFB87F670>, estimator=lda, fold=StratifiedKFold(n_splits=10, random_state=None, shuffle=False), round=4, cross_validation=True, predict=True, fit_kwargs={}, groups=None, refit=False, probability_threshold=None, experiment_custom_tags=None, verbose=False, system=False, add_to_model_list=True, metrics=None, display=<pycaret.internal.display.display.CommonDisplay object at 0x0000025BFBEFA920>, model_only=True, return_train_score=False, error_score=0.0, kwargs={})
2025-06-22 12:25:59,582:INFO:Checking exceptions
2025-06-22 12:25:59,582:INFO:Importing libraries
2025-06-22 12:25:59,582:INFO:Copying training dataset
2025-06-22 12:25:59,584:INFO:Defining folds
2025-06-22 12:25:59,584:INFO:Declaring metric variables
2025-06-22 12:25:59,584:INFO:Importing untrained model
2025-06-22 12:25:59,584:INFO:Linear Discriminant Analysis Imported successfully
2025-06-22 12:25:59,585:INFO:Starting cross validation
2025-06-22 12:25:59,585:INFO:Cross validating with StratifiedKFold(n_splits=10, random_state=None, shuffle=False), n_jobs=-1
2025-06-22 12:25:59,665:INFO:Calculating mean and std
2025-06-22 12:25:59,666:INFO:Creating metrics dataframe
2025-06-22 12:25:59,668:INFO:Uploading results into container
2025-06-22 12:25:59,668:INFO:Uploading model into container now
2025-06-22 12:25:59,668:INFO:_master_model_container: 11
2025-06-22 12:25:59,668:INFO:_display_container: 2
2025-06-22 12:25:59,668:INFO:LinearDiscriminantAnalysis(covariance_estimator=None, n_components=None,
                           priors=None, shrinkage=None, solver='svd',
                           store_covariance=False, tol=0.0001)
2025-06-22 12:25:59,668:INFO:create_model() successfully completed......................................
2025-06-22 12:25:59,739:INFO:SubProcess create_model() end ==================================
2025-06-22 12:25:59,740:INFO:Creating metrics dataframe
2025-06-22 12:25:59,741:INFO:Initializing Extra Trees Classifier
2025-06-22 12:25:59,741:INFO:Total runtime is 0.04964782794316609 minutes
2025-06-22 12:25:59,742:INFO:SubProcess create_model() called ==================================
2025-06-22 12:25:59,742:INFO:Initializing create_model()
2025-06-22 12:25:59,742:INFO:create_model(self=<pycaret.classification.oop.ClassificationExperiment object at 0x0000025BFB87F670>, estimator=et, fold=StratifiedKFold(n_splits=10, random_state=None, shuffle=False), round=4, cross_validation=True, predict=True, fit_kwargs={}, groups=None, refit=False, probability_threshold=None, experiment_custom_tags=None, verbose=False, system=False, add_to_model_list=True, metrics=None, display=<pycaret.internal.display.display.CommonDisplay object at 0x0000025BFBEFA920>, model_only=True, return_train_score=False, error_score=0.0, kwargs={})
2025-06-22 12:25:59,742:INFO:Checking exceptions
2025-06-22 12:25:59,742:INFO:Importing libraries
2025-06-22 12:25:59,742:INFO:Copying training dataset
2025-06-22 12:25:59,744:INFO:Defining folds
2025-06-22 12:25:59,744:INFO:Declaring metric variables
2025-06-22 12:25:59,744:INFO:Importing untrained model
2025-06-22 12:25:59,745:INFO:Extra Trees Classifier Imported successfully
2025-06-22 12:25:59,745:INFO:Starting cross validation
2025-06-22 12:25:59,746:INFO:Cross validating with StratifiedKFold(n_splits=10, random_state=None, shuffle=False), n_jobs=-1
2025-06-22 12:26:00,207:INFO:Calculating mean and std
2025-06-22 12:26:00,208:INFO:Creating metrics dataframe
2025-06-22 12:26:00,209:INFO:Uploading results into container
2025-06-22 12:26:00,210:INFO:Uploading model into container now
2025-06-22 12:26:00,210:INFO:_master_model_container: 12
2025-06-22 12:26:00,210:INFO:_display_container: 2
2025-06-22 12:26:00,210:INFO:ExtraTreesClassifier(bootstrap=False, ccp_alpha=0.0, class_weight=None,
                     criterion='gini', max_depth=None, max_features='sqrt',
                     max_leaf_nodes=None, max_samples=None,
                     min_impurity_decrease=0.0, min_samples_leaf=1,
                     min_samples_split=2, min_weight_fraction_leaf=0.0,
                     monotonic_cst=None, n_estimators=100, n_jobs=-1,
                     oob_score=False, random_state=123, verbose=0,
                     warm_start=False)
2025-06-22 12:26:00,210:INFO:create_model() successfully completed......................................
2025-06-22 12:26:00,294:INFO:SubProcess create_model() end ==================================
2025-06-22 12:26:00,294:INFO:Creating metrics dataframe
2025-06-22 12:26:00,298:INFO:Initializing Light Gradient Boosting Machine
2025-06-22 12:26:00,298:INFO:Total runtime is 0.05893025795618693 minutes
2025-06-22 12:26:00,298:INFO:SubProcess create_model() called ==================================
2025-06-22 12:26:00,298:INFO:Initializing create_model()
2025-06-22 12:26:00,298:INFO:create_model(self=<pycaret.classification.oop.ClassificationExperiment object at 0x0000025BFB87F670>, estimator=lightgbm, fold=StratifiedKFold(n_splits=10, random_state=None, shuffle=False), round=4, cross_validation=True, predict=True, fit_kwargs={}, groups=None, refit=False, probability_threshold=None, experiment_custom_tags=None, verbose=False, system=False, add_to_model_list=True, metrics=None, display=<pycaret.internal.display.display.CommonDisplay object at 0x0000025BFBEFA920>, model_only=True, return_train_score=False, error_score=0.0, kwargs={})
2025-06-22 12:26:00,299:INFO:Checking exceptions
2025-06-22 12:26:00,299:INFO:Importing libraries
2025-06-22 12:26:00,299:INFO:Copying training dataset
2025-06-22 12:26:00,300:INFO:Defining folds
2025-06-22 12:26:00,300:INFO:Declaring metric variables
2025-06-22 12:26:00,301:INFO:Importing untrained model
2025-06-22 12:26:00,301:INFO:Light Gradient Boosting Machine Imported successfully
2025-06-22 12:26:00,302:INFO:Starting cross validation
2025-06-22 12:26:00,302:INFO:Cross validating with StratifiedKFold(n_splits=10, random_state=None, shuffle=False), n_jobs=-1
2025-06-22 12:26:01,424:INFO:Calculating mean and std
2025-06-22 12:26:01,425:INFO:Creating metrics dataframe
2025-06-22 12:26:01,426:INFO:Uploading results into container
2025-06-22 12:26:01,426:INFO:Uploading model into container now
2025-06-22 12:26:01,427:INFO:_master_model_container: 13
2025-06-22 12:26:01,427:INFO:_display_container: 2
2025-06-22 12:26:01,427:INFO:LGBMClassifier(boosting_type='gbdt', class_weight=None, colsample_bytree=1.0,
               importance_type='split', learning_rate=0.1, max_depth=-1,
               min_child_samples=20, min_child_weight=0.001, min_split_gain=0.0,
               n_estimators=100, n_jobs=-1, num_leaves=31, objective=None,
               random_state=123, reg_alpha=0.0, reg_lambda=0.0, subsample=1.0,
               subsample_for_bin=200000, subsample_freq=0)
2025-06-22 12:26:01,427:INFO:create_model() successfully completed......................................
2025-06-22 12:26:01,495:INFO:SubProcess create_model() end ==================================
2025-06-22 12:26:01,495:INFO:Creating metrics dataframe
2025-06-22 12:26:01,497:INFO:Initializing Dummy Classifier
2025-06-22 12:26:01,497:INFO:Total runtime is 0.07892798185348511 minutes
2025-06-22 12:26:01,497:INFO:SubProcess create_model() called ==================================
2025-06-22 12:26:01,499:INFO:Initializing create_model()
2025-06-22 12:26:01,499:INFO:create_model(self=<pycaret.classification.oop.ClassificationExperiment object at 0x0000025BFB87F670>, estimator=dummy, fold=StratifiedKFold(n_splits=10, random_state=None, shuffle=False), round=4, cross_validation=True, predict=True, fit_kwargs={}, groups=None, refit=False, probability_threshold=None, experiment_custom_tags=None, verbose=False, system=False, add_to_model_list=True, metrics=None, display=<pycaret.internal.display.display.CommonDisplay object at 0x0000025BFBEFA920>, model_only=True, return_train_score=False, error_score=0.0, kwargs={})
2025-06-22 12:26:01,499:INFO:Checking exceptions
2025-06-22 12:26:01,499:INFO:Importing libraries
2025-06-22 12:26:01,499:INFO:Copying training dataset
2025-06-22 12:26:01,502:INFO:Defining folds
2025-06-22 12:26:01,502:INFO:Declaring metric variables
2025-06-22 12:26:01,502:INFO:Importing untrained model
2025-06-22 12:26:01,502:INFO:Dummy Classifier Imported successfully
2025-06-22 12:26:01,502:INFO:Starting cross validation
2025-06-22 12:26:01,503:INFO:Cross validating with StratifiedKFold(n_splits=10, random_state=None, shuffle=False), n_jobs=-1
2025-06-22 12:26:01,541:WARNING:C:\Users\Lenovo\OneDrive - IRESSEF\Documents\DSWB\Project\Training\Workshop_2025\Github\od\test\no-code-test\py\mlenv\lib\site-packages\sklearn\metrics\_classification.py:1509: UndefinedMetricWarning: Precision is ill-defined and being set to 0.0 due to no predicted samples. Use `zero_division` parameter to control this behavior.
  _warn_prf(average, modifier, f"{metric.capitalize()} is", len(result))

2025-06-22 12:26:01,543:WARNING:C:\Users\Lenovo\OneDrive - IRESSEF\Documents\DSWB\Project\Training\Workshop_2025\Github\od\test\no-code-test\py\mlenv\lib\site-packages\sklearn\metrics\_classification.py:1509: UndefinedMetricWarning: Precision is ill-defined and being set to 0.0 due to no predicted samples. Use `zero_division` parameter to control this behavior.
  _warn_prf(average, modifier, f"{metric.capitalize()} is", len(result))

2025-06-22 12:26:01,543:WARNING:C:\Users\Lenovo\OneDrive - IRESSEF\Documents\DSWB\Project\Training\Workshop_2025\Github\od\test\no-code-test\py\mlenv\lib\site-packages\sklearn\metrics\_classification.py:1509: UndefinedMetricWarning: Precision is ill-defined and being set to 0.0 due to no predicted samples. Use `zero_division` parameter to control this behavior.
  _warn_prf(average, modifier, f"{metric.capitalize()} is", len(result))

2025-06-22 12:26:01,545:WARNING:C:\Users\Lenovo\OneDrive - IRESSEF\Documents\DSWB\Project\Training\Workshop_2025\Github\od\test\no-code-test\py\mlenv\lib\site-packages\sklearn\metrics\_classification.py:1509: UndefinedMetricWarning: Precision is ill-defined and being set to 0.0 due to no predicted samples. Use `zero_division` parameter to control this behavior.
  _warn_prf(average, modifier, f"{metric.capitalize()} is", len(result))

2025-06-22 12:26:01,547:WARNING:C:\Users\Lenovo\OneDrive - IRESSEF\Documents\DSWB\Project\Training\Workshop_2025\Github\od\test\no-code-test\py\mlenv\lib\site-packages\sklearn\metrics\_classification.py:1509: UndefinedMetricWarning: Precision is ill-defined and being set to 0.0 due to no predicted samples. Use `zero_division` parameter to control this behavior.
  _warn_prf(average, modifier, f"{metric.capitalize()} is", len(result))

2025-06-22 12:26:01,553:WARNING:C:\Users\Lenovo\OneDrive - IRESSEF\Documents\DSWB\Project\Training\Workshop_2025\Github\od\test\no-code-test\py\mlenv\lib\site-packages\sklearn\metrics\_classification.py:1509: UndefinedMetricWarning: Precision is ill-defined and being set to 0.0 due to no predicted samples. Use `zero_division` parameter to control this behavior.
  _warn_prf(average, modifier, f"{metric.capitalize()} is", len(result))

2025-06-22 12:26:01,558:WARNING:C:\Users\Lenovo\OneDrive - IRESSEF\Documents\DSWB\Project\Training\Workshop_2025\Github\od\test\no-code-test\py\mlenv\lib\site-packages\sklearn\metrics\_classification.py:1509: UndefinedMetricWarning: Precision is ill-defined and being set to 0.0 due to no predicted samples. Use `zero_division` parameter to control this behavior.
  _warn_prf(average, modifier, f"{metric.capitalize()} is", len(result))

2025-06-22 12:26:01,559:WARNING:C:\Users\Lenovo\OneDrive - IRESSEF\Documents\DSWB\Project\Training\Workshop_2025\Github\od\test\no-code-test\py\mlenv\lib\site-packages\sklearn\metrics\_classification.py:1509: UndefinedMetricWarning: Precision is ill-defined and being set to 0.0 due to no predicted samples. Use `zero_division` parameter to control this behavior.
  _warn_prf(average, modifier, f"{metric.capitalize()} is", len(result))

2025-06-22 12:26:01,560:WARNING:C:\Users\Lenovo\OneDrive - IRESSEF\Documents\DSWB\Project\Training\Workshop_2025\Github\od\test\no-code-test\py\mlenv\lib\site-packages\sklearn\metrics\_classification.py:1509: UndefinedMetricWarning: Precision is ill-defined and being set to 0.0 due to no predicted samples. Use `zero_division` parameter to control this behavior.
  _warn_prf(average, modifier, f"{metric.capitalize()} is", len(result))

2025-06-22 12:26:01,568:WARNING:C:\Users\Lenovo\OneDrive - IRESSEF\Documents\DSWB\Project\Training\Workshop_2025\Github\od\test\no-code-test\py\mlenv\lib\site-packages\sklearn\metrics\_classification.py:1509: UndefinedMetricWarning: Precision is ill-defined and being set to 0.0 due to no predicted samples. Use `zero_division` parameter to control this behavior.
  _warn_prf(average, modifier, f"{metric.capitalize()} is", len(result))

2025-06-22 12:26:01,583:INFO:Calculating mean and std
2025-06-22 12:26:01,584:INFO:Creating metrics dataframe
2025-06-22 12:26:01,585:INFO:Uploading results into container
2025-06-22 12:26:01,586:INFO:Uploading model into container now
2025-06-22 12:26:01,586:INFO:_master_model_container: 14
2025-06-22 12:26:01,586:INFO:_display_container: 2
2025-06-22 12:26:01,586:INFO:DummyClassifier(constant=None, random_state=123, strategy='prior')
2025-06-22 12:26:01,586:INFO:create_model() successfully completed......................................
2025-06-22 12:26:01,656:INFO:SubProcess create_model() end ==================================
2025-06-22 12:26:01,656:INFO:Creating metrics dataframe
2025-06-22 12:26:01,658:WARNING:C:\Users\Lenovo\OneDrive - IRESSEF\Documents\DSWB\Project\Training\Workshop_2025\Github\od\test\no-code-test\py\mlenv\lib\site-packages\pycaret\internal\pycaret_experiment\supervised_experiment.py:323: FutureWarning: Styler.applymap has been deprecated. Use Styler.map instead.
  master_display_.apply(

2025-06-22 12:26:01,659:INFO:Initializing create_model()
2025-06-22 12:26:01,659:INFO:create_model(self=<pycaret.classification.oop.ClassificationExperiment object at 0x0000025BFB87F670>, estimator=LogisticRegression(C=1.0, class_weight=None, dual=False, fit_intercept=True,
                   intercept_scaling=1, l1_ratio=None, max_iter=1000,
                   multi_class='auto', n_jobs=None, penalty='l2',
                   random_state=123, solver='lbfgs', tol=0.0001, verbose=0,
                   warm_start=False), fold=StratifiedKFold(n_splits=10, random_state=None, shuffle=False), round=4, cross_validation=False, predict=False, fit_kwargs={}, groups=None, refit=True, probability_threshold=None, experiment_custom_tags=None, verbose=False, system=False, add_to_model_list=True, metrics=None, display=None, model_only=True, return_train_score=False, error_score=0.0, kwargs={})
2025-06-22 12:26:01,659:INFO:Checking exceptions
2025-06-22 12:26:01,660:INFO:Importing libraries
2025-06-22 12:26:01,660:INFO:Copying training dataset
2025-06-22 12:26:01,662:INFO:Defining folds
2025-06-22 12:26:01,662:INFO:Declaring metric variables
2025-06-22 12:26:01,662:INFO:Importing untrained model
2025-06-22 12:26:01,662:INFO:Declaring custom model
2025-06-22 12:26:01,662:INFO:Logistic Regression Imported successfully
2025-06-22 12:26:01,663:INFO:Cross validation set to False
2025-06-22 12:26:01,663:INFO:Fitting Model
2025-06-22 12:26:01,675:INFO:LogisticRegression(C=1.0, class_weight=None, dual=False, fit_intercept=True,
                   intercept_scaling=1, l1_ratio=None, max_iter=1000,
                   multi_class='auto', n_jobs=None, penalty='l2',
                   random_state=123, solver='lbfgs', tol=0.0001, verbose=0,
                   warm_start=False)
2025-06-22 12:26:01,675:INFO:create_model() successfully completed......................................
2025-06-22 12:26:01,737:INFO:Initializing create_model()
2025-06-22 12:26:01,737:INFO:create_model(self=<pycaret.classification.oop.ClassificationExperiment object at 0x0000025BFB87F670>, estimator=RidgeClassifier(alpha=1.0, class_weight=None, copy_X=True, fit_intercept=True,
                max_iter=None, positive=False, random_state=123, solver='auto',
                tol=0.0001), fold=StratifiedKFold(n_splits=10, random_state=None, shuffle=False), round=4, cross_validation=False, predict=False, fit_kwargs={}, groups=None, refit=True, probability_threshold=None, experiment_custom_tags=None, verbose=False, system=False, add_to_model_list=True, metrics=None, display=None, model_only=True, return_train_score=False, error_score=0.0, kwargs={})
2025-06-22 12:26:01,737:INFO:Checking exceptions
2025-06-22 12:26:01,737:INFO:Importing libraries
2025-06-22 12:26:01,737:INFO:Copying training dataset
2025-06-22 12:26:01,740:INFO:Defining folds
2025-06-22 12:26:01,740:INFO:Declaring metric variables
2025-06-22 12:26:01,740:INFO:Importing untrained model
2025-06-22 12:26:01,740:INFO:Declaring custom model
2025-06-22 12:26:01,740:INFO:Ridge Classifier Imported successfully
2025-06-22 12:26:01,741:INFO:Cross validation set to False
2025-06-22 12:26:01,741:INFO:Fitting Model
2025-06-22 12:26:01,762:INFO:RidgeClassifier(alpha=1.0, class_weight=None, copy_X=True, fit_intercept=True,
                max_iter=None, positive=False, random_state=123, solver='auto',
                tol=0.0001)
2025-06-22 12:26:01,762:INFO:create_model() successfully completed......................................
2025-06-22 12:26:01,862:INFO:Initializing create_model()
2025-06-22 12:26:01,863:INFO:create_model(self=<pycaret.classification.oop.ClassificationExperiment object at 0x0000025BFB87F670>, estimator=LinearDiscriminantAnalysis(covariance_estimator=None, n_components=None,
                           priors=None, shrinkage=None, solver='svd',
                           store_covariance=False, tol=0.0001), fold=StratifiedKFold(n_splits=10, random_state=None, shuffle=False), round=4, cross_validation=False, predict=False, fit_kwargs={}, groups=None, refit=True, probability_threshold=None, experiment_custom_tags=None, verbose=False, system=False, add_to_model_list=True, metrics=None, display=None, model_only=True, return_train_score=False, error_score=0.0, kwargs={})
2025-06-22 12:26:01,863:INFO:Checking exceptions
2025-06-22 12:26:01,863:INFO:Importing libraries
2025-06-22 12:26:01,863:INFO:Copying training dataset
2025-06-22 12:26:01,869:INFO:Defining folds
2025-06-22 12:26:01,869:INFO:Declaring metric variables
2025-06-22 12:26:01,869:INFO:Importing untrained model
2025-06-22 12:26:01,869:INFO:Declaring custom model
2025-06-22 12:26:01,870:INFO:Linear Discriminant Analysis Imported successfully
2025-06-22 12:26:01,871:INFO:Cross validation set to False
2025-06-22 12:26:01,871:INFO:Fitting Model
2025-06-22 12:26:01,878:INFO:LinearDiscriminantAnalysis(covariance_estimator=None, n_components=None,
                           priors=None, shrinkage=None, solver='svd',
                           store_covariance=False, tol=0.0001)
2025-06-22 12:26:01,878:INFO:create_model() successfully completed......................................
2025-06-22 12:26:01,947:INFO:Initializing create_model()
2025-06-22 12:26:01,947:INFO:create_model(self=<pycaret.classification.oop.ClassificationExperiment object at 0x0000025BFB87F670>, estimator=RandomForestClassifier(bootstrap=True, ccp_alpha=0.0, class_weight=None,
                       criterion='gini', max_depth=None, max_features='sqrt',
                       max_leaf_nodes=None, max_samples=None,
                       min_impurity_decrease=0.0, min_samples_leaf=1,
                       min_samples_split=2, min_weight_fraction_leaf=0.0,
                       monotonic_cst=None, n_estimators=100, n_jobs=-1,
                       oob_score=False, random_state=123, verbose=0,
                       warm_start=False), fold=StratifiedKFold(n_splits=10, random_state=None, shuffle=False), round=4, cross_validation=False, predict=False, fit_kwargs={}, groups=None, refit=True, probability_threshold=None, experiment_custom_tags=None, verbose=False, system=False, add_to_model_list=True, metrics=None, display=None, model_only=True, return_train_score=False, error_score=0.0, kwargs={})
2025-06-22 12:26:01,947:INFO:Checking exceptions
2025-06-22 12:26:01,948:INFO:Importing libraries
2025-06-22 12:26:01,948:INFO:Copying training dataset
2025-06-22 12:26:01,952:INFO:Defining folds
2025-06-22 12:26:01,952:INFO:Declaring metric variables
2025-06-22 12:26:01,952:INFO:Importing untrained model
2025-06-22 12:26:01,952:INFO:Declaring custom model
2025-06-22 12:26:01,953:INFO:Random Forest Classifier Imported successfully
2025-06-22 12:26:01,953:INFO:Cross validation set to False
2025-06-22 12:26:01,953:INFO:Fitting Model
2025-06-22 12:26:02,132:INFO:RandomForestClassifier(bootstrap=True, ccp_alpha=0.0, class_weight=None,
                       criterion='gini', max_depth=None, max_features='sqrt',
                       max_leaf_nodes=None, max_samples=None,
                       min_impurity_decrease=0.0, min_samples_leaf=1,
                       min_samples_split=2, min_weight_fraction_leaf=0.0,
                       monotonic_cst=None, n_estimators=100, n_jobs=-1,
                       oob_score=False, random_state=123, verbose=0,
                       warm_start=False)
2025-06-22 12:26:02,132:INFO:create_model() successfully completed......................................
2025-06-22 12:26:02,196:INFO:Initializing create_model()
2025-06-22 12:26:02,196:INFO:create_model(self=<pycaret.classification.oop.ClassificationExperiment object at 0x0000025BFB87F670>, estimator=GaussianNB(priors=None, var_smoothing=1e-09), fold=StratifiedKFold(n_splits=10, random_state=None, shuffle=False), round=4, cross_validation=False, predict=False, fit_kwargs={}, groups=None, refit=True, probability_threshold=None, experiment_custom_tags=None, verbose=False, system=False, add_to_model_list=True, metrics=None, display=None, model_only=True, return_train_score=False, error_score=0.0, kwargs={})
2025-06-22 12:26:02,196:INFO:Checking exceptions
2025-06-22 12:26:02,196:INFO:Importing libraries
2025-06-22 12:26:02,196:INFO:Copying training dataset
2025-06-22 12:26:02,200:INFO:Defining folds
2025-06-22 12:26:02,200:INFO:Declaring metric variables
2025-06-22 12:26:02,200:INFO:Importing untrained model
2025-06-22 12:26:02,200:INFO:Declaring custom model
2025-06-22 12:26:02,200:INFO:Naive Bayes Imported successfully
2025-06-22 12:26:02,201:INFO:Cross validation set to False
2025-06-22 12:26:02,201:INFO:Fitting Model
2025-06-22 12:26:02,205:INFO:GaussianNB(priors=None, var_smoothing=1e-09)
2025-06-22 12:26:02,205:INFO:create_model() successfully completed......................................
2025-06-22 12:26:02,278:INFO:_master_model_container: 14
2025-06-22 12:26:02,278:INFO:_display_container: 2
2025-06-22 12:26:02,280:INFO:[LogisticRegression(C=1.0, class_weight=None, dual=False, fit_intercept=True,
                   intercept_scaling=1, l1_ratio=None, max_iter=1000,
                   multi_class='auto', n_jobs=None, penalty='l2',
                   random_state=123, solver='lbfgs', tol=0.0001, verbose=0,
                   warm_start=False), RidgeClassifier(alpha=1.0, class_weight=None, copy_X=True, fit_intercept=True,
                max_iter=None, positive=False, random_state=123, solver='auto',
                tol=0.0001), LinearDiscriminantAnalysis(covariance_estimator=None, n_components=None,
                           priors=None, shrinkage=None, solver='svd',
                           store_covariance=False, tol=0.0001), RandomForestClassifier(bootstrap=True, ccp_alpha=0.0, class_weight=None,
                       criterion='gini', max_depth=None, max_features='sqrt',
                       max_leaf_nodes=None, max_samples=None,
                       min_impurity_decrease=0.0, min_samples_leaf=1,
                       min_samples_split=2, min_weight_fraction_leaf=0.0,
                       monotonic_cst=None, n_estimators=100, n_jobs=-1,
                       oob_score=False, random_state=123, verbose=0,
                       warm_start=False), GaussianNB(priors=None, var_smoothing=1e-09)]
2025-06-22 12:26:02,280:INFO:compare_models() successfully completed......................................
